id,title,org,gov_est_price,bid_won_price,percentage
2024_PWD_89852_1,AMC of one NO. 13 passenger stretcher elevator installed in Auditorium building at IGMC Shimla for the year 2024-25.,PWD,211776.0,210505.0,-0.6
2024_PWD_89570_1,Construction of Senior Secondary School building at Gumma Tehsil Kotkhai District Shimla. SH Providing E.I. therein.,PWD,937508.0,773444.0,-17.5
2024_PWD_89567_1,Construction of Senior Secondary School building at Devgarh Tehsil Kotkhai District Shimla. H.P. SH Providing E.I. therein.,PWD,866680.0,723678.0,-16.5
2024_PWD_89521_1,Construction of multipurpose Hall Govt. P.G. College at Seema District Shimla. SH Providing E.I. therein.,PWD,2342478.0,1988295.0,-15.12
2024_PWD_88836_1,Providing additional fire fighting accessories and RRL hose in compliance to fire department report at New OPD Block and Trauma Block IGMC Shimla.,PWD,979326.0,979326.0,0.0
2024_PWD_88426_1,NA,PWD,1370304.0,1301789.0,-5.0
2024_PWD_88425_3,NA,PWD,913166.0,954258.0,4.5
2024_PWD_88425_2,NA,PWD,1831568.0,1904831.0,4.0
2024_PWD_88425_1,NA,PWD,1727299.0,1805027.0,4.5
2024_PWD_87784_1,Replacement of E.I in Directorate Fisheries Office Building at Bilaspur in Distt. Bilaspur H.P,PWD,2036882.0,1425817.0,-30.0
2024_PWD_87355_1,Construction of Boys Hostel Rohru District Shimla.SH Providing E.I. therein.,PWD,2387820.0,1922195.0,-19.5
2024_PWD_87350_1,Construction of canteen labs and mortuary for Community Health Centre CHC Pooh in District Kinnaur. SH Providing 2 body mortuary units therein.,PWD,688770.0,702545.0,2.0
2024_PWD_87235_3,NA,PWD,1939145.0,1492172.0,-23.05
2024_PWD_87235_2,NA,PWD,1455814.0,1091715.0,-25.01
2024_PWD_86257_3,NA,PWD,857483.0,703050.0,-18.01
2024_PWD_85882_4,C/O Centre of Excellence in Mental Health for Dr. RPGMC Kangra at Tanda. (SH- Providing Transformer incomer panel and Balance work therein),PWD,2505315.0,2547905.0,1.7
2024_PWD_85460_1,Construction of Govt Sr Sec School building Chagaon District Kinnaur. SH Providing E.I. therein.,PWD,720129.0,754407.0,4.76
2024_PWD_85449_1,Construction of Combined office building of Ayurveda Panchayat Society and Panchayat Ghar at Asrang in District Kinnaur. SH Providing electrical installation therein.,PWD,731820.0,766655.0,4.76
2024_PWD_85443_1,Construction of canteen lab and mortuary for community health centre CHC Pooh in District Kinnaur. H.P. SH Providing electrical installation therien.,PWD,715044.0,749081.0,4.76
2024_PWD_84570_5,NA,PWD,1299019.0,1063247.0,-18.15
2024_PWD_84570_3,NA,PWD,920400.0,929604.0,1.0
2024_PWD_84570_2,NA,PWD,920400.0,934206.0,1.5
2024_PWD_83633_1,"Recharging of refrigerent in Daikin make VRF machines, circuit and refixing of indoor units installed at New OPD Block IGMC Shimla.",PWD,759217.0,796798.0,4.95
2024_PWD_83630_1,Construction of Govt. Sr. School at Ranol Sub Tehsil Jangla District Shimla. SH Providing E.I. therein.,PWD,982365.0,844832.0,-14.0
2024_PWD_83620_1,Providing Low Noise Decorative Fan Coil Units at Examination Hall Block E and Lecture Theatres Number 1 and 2 at IGMC Shimla.,PWD,1518391.0,1594006.0,4.98
2024_PWD_83609_1,"Providing fire fighting material in IGMC Complex Shimla SH Providing RRL fire hose, fire hose box, stainless steel branch pipe, manual swing type fire hose reel and other accessories therein.",PWD,1720545.0,898641.0,-47.77
2024_PWD_83596_1,Construction of Auditorium Block at HIPA Fairlawn Shimla. SH Providing E.I. therein.,PWD,537132.0,558349.0,3.95
2024_PWD_83594_1,Construction of Govt. Sr. Sec. School Bartu Sub-Tehsil Jangla District Shimla. SH Providing E.I. therein.,PWD,1131069.0,972832.0,-13.99
2024_HPSEB_91833_1,"Tender for providing SOP to Municipal committee Bilaspur by providing 11KV CT/PT combined unit out door type along with LT line from proposed 100 KVA, 11/0.4KV substation CLC in (E) section Roura under ESD No. II HPSEBL Bilaspur.",HPSEBL||CE(OP) CZ Mandi||SE(OP) Bilaspur||Sr. Xen (E) Bilaspur,730263.0,730190.0,-0.01
2024_HPSEB_91740_1,"Providing and fixing of PLC,SMPS Relay card, governor panel digital meter Control panel cable wiring repair of AVR Programming of PLC, Governor panel miscellaneous items switch, fuse etc.for Machine-ii 2X450 KW MHEP Sach (U) ESD Sach, ED Killar",HPSEBL||CE (OP) North||SE (OP) Dalhousie,709976.0,737523.0,3.88
2024_HPSEB_91734_1,"Tender for Supply of material , design, erection, testing, commissioning for for R/R of 11 KV HT line Bhgarwan feeder from Village Haled to Bhogarwan damaged due to heavy flood on dated 15.08.2023 under ESD Rey ED Fatehpur",HPSEBL||CE (OP) North||SE (OP) Dalhousie,677357.0,575754.0,-15.0
2024_HPSEB_91727_1,"Tender for Supply of material , erection, testing , commissioning for SOP to JSV for T/Well (LWSS Makroli etc.) by Prov. 11/.4 KV 250 KVA S/Stn. at Village Surarwan (Lambi Pattian) a/w 11 KV HT/LT line , in ESD Rey ED Fatehpur",HPSEBL||CE (OP) North||SE (OP) Dalhousie,1679062.0,1376831.0,-18.0
2024_HPSEB_91563_1,05-2024-25,HPSEBL||CE(OP) South||SE(OP) Solan,3418582.0,2423775.0,-29.1
2024_HPSEB_91553_1,SEOP 06/2024-25,HPSEBL||CE (OP) North||SE (OP) Kangra,666886.0,680974.0,2.113
2024_HPSEB_91365_1,04-2024-25,HPSEBL||CE(OP) South||SE(OP) Solan,2457658.0,2205994.0,-10.24
2024_HPSEB_91309_1,"Estimate for prov. SOP to JSV by aug 100 to 250 KVA, 11/0.4 KV S/Stn LWSS Maharal a/w new S/Stn Structure on partial turnkey basis under ESD HPSEBL Bijhar.ED Barsar",HPSEBL||CE(OP) CZ Mandi||SE(OP) Hamirpur||Sr. Xen (E) Barsar,588416.0,584150.0,-0.725
2024_HPSEB_91299_1,"Estimate for prov. SOP to LWSS Droon Nagorian by prov. aug 25 to 63 KVA, 11/0.4 KV DTR Chandwan a/w 3-ph LT line on Partial turnkey basis ESD HPSEBL Bhota. ED Barsar",HPSEBL||CE(OP) CZ Mandi||SE(OP) Hamirpur||Sr. Xen (E) Barsar,503433.0,446797.0,-11.25
2024_HPSEB_91295_1,"Estimate for prov. SOP to JSV by aug 100 to 250 KVA, 11/0.4 KV S/Stn Bumbloo on partial turnkey basis under ESD HPSEBL Barsar.ED Barsar",HPSEBL||CE(OP) CZ Mandi||SE(OP) Hamirpur||Sr. Xen (E) Barsar,718981.0,638096.0,-11.25
2024_HPSEB_91265_1,"Construction of 100 KVA, 11/0.4KV S/Stn a/w 11 KV HT line to prov. SOP to BPCL for setup CNG Station at M/s Vibhuti Filling Station on Partial turnkey basis under ESD HPSEBL Barsar. ED Barsar",HPSEBL||CE(OP) CZ Mandi||SE(OP) Hamirpur||Sr. Xen (E) Barsar,718389.0,637570.0,-11.25
2024_HPSEB_91260_1,"Construction of 63 KVA, 11/0.4KV S/Stn a/w 11 KV HT and 3-Ph LT line to provide SOP to LIS JICA Phase-II Rohwin on Partial turnkey basis under ESD HPSEBL Bhoranj. ED Barsar",HPSEBL||CE(OP) CZ Mandi||SE(OP) Hamirpur||Sr. Xen (E) Barsar,714877.0,711196.0,-0.515
2024_HPSEB_91259_1,"Tender for SOP to Reliance Jio Tower at Purag by Providing Augmentation of 100 KVA, 22/0.4 KV Sub-Station to 250 KVA, 22/0.4 KV Sub-Station in Electrical Section Purag under ESD Kiari. (TENDER ON TURN KEY BASIS).",HPSEBL||CE(OP) South||SE(OP) Rohru||Sr. Xen (E) Jubbal,676216.0,703264.0,4.0
2024_HPSEB_91256_1,"Tender for SOP to Reliance Jio Tower at Shelapaani by Providing Augmentation of 63 KVA, 22/0.4 KV Sub-Station into 100 KVA, 22/0.4 KV Sub-Station in Electrical Section Sheelghat under ESD HPSEBL, Jubbal. (TENDER ON TURN KEY BASIS).",HPSEBL||CE(OP) South||SE(OP) Rohru||Sr. Xen (E) Jubbal,348164.0,362090.0,4.0
2024_HPSEB_91253_1,"Tender for SOP to Reliance Jio Tower near PWD Colony Jubbal by Providing 25 KVA, 22/0.4 KV, 22 KV HT Line and Re-organisation of LT Distribution System under ESD HPSEBL, Jubbal. (TENDER ON TURN KEY BASIS)",HPSEBL||CE(OP) South||SE(OP) Rohru||Sr. Xen (E) Jubbal,402928.0,419045.0,4.0
2024_HPSEB_91230_1,"Construction of 25 KVA, 11/0.4KV S/Stn a/w 11 KV HT and 3-Ph LT line to provide SOP to Lift Irrigation Scheme JICA Gharyani on Partial turnkey basis under ESD HPSEBL Bijhar. ED Barsar",HPSEBL||CE(OP) CZ Mandi||SE(OP) Hamirpur||Sr. Xen (E) Barsar,835040.0,828986.0,-0.725
2024_HPSEB_91134_1,Tender for providing New 63 KVA 11/0.4 KV S/Stn Sangleri along with HT and Re-org. LD system in (E) Section Deoth under Elect. Sub- Division HPSEBL Namhol.,HPSEBL||CE(OP) CZ Mandi||SE(OP) Bilaspur||Sr. Xen (E) Bilaspur,734262.0,668178.0,-9.0
2024_HPSEB_91124_1,Tender for providing and fixing of isolators at 33kv switchyard of Bassi Power House under Bassi Power House Division HPSEBL Jogindernagar.,HPSEBL||CE(Gen) Sundernagar||SE(Gen) Palampur,944429.0,719505.0,-23.816
2024_HPSEB_91111_1,SED-13/2024-25,HPSEBL||CE (OP) North||SE (OP) Kangra||Sr. Xen Shahpur,539867.0,555814.0,2.954
2024_HPSEB_91109_1,Deposit estimate for RM of Street Lights points under Electrical Sub Division NO I HPSEBL Jogindernagar for the year 202425 August 2024 to March 2025,HPSEBL||CE(OP) CZ Mandi||SE(OP) Mandi||Sr. Xen (E) J/ Nager,164934.0,164802.0,-0.08
2024_HPSEB_91105_1,Contruction of LILO Arragment for evacuation of Power of Bhanjal Solar Project,HPSEBL||CE(OP) CZ Hamirpur,9594065.0,9071188.0,-5.45
2024_HPSEB_91099_1,construction of 22 kv HT line to proposed 63 kVA,HPSEBL||CE(OP) South||SE(OP) Rampur||Sr.Xen (E) Rampur,864181.0,794185.0,-8.1
2024_HPSEB_91037_1,"Tender for Providing LT Extension to left out house at vill. Kothipura (Bakhari) From Existing 100 kva , 11/0.4 kva S/Stn at Additional Kothipura in (E) Section Jabli under ESD No-1 Bilaspur",HPSEBL||CE(OP) CZ Mandi||SE(OP) Bilaspur||Sr. Xen (E) Bilaspur,78981.0,71399.0,-9.6
2024_HPSEB_90995_1,"Prov. LT extension to leftout houses/newly constructed houses from 400KVA, 11/0.4KV DTR Nagmandir in (E) Section Mohal under ESD, HPSEBL, Bhuntar.",HPSEBL||CE(OP) CZ Mandi||SE(OP) Kullu||Sr. Xen (E) Kullu,84083.0,84924.0,1.0
2024_HPSEB_90994_1,"Prov. LT extension by replacing lengthy PVC with overhead conductor from 63 KVA, 11/0.4 KV DTR Mohal-IV in (E) Section Mohal under ESD, HPSEBL, Bhuntar.",HPSEBL||CE(OP) CZ Mandi||SE(OP) Kullu||Sr. Xen (E) Kullu,95364.0,96319.0,1.001
2024_HPSEB_90979_1,"Augmentation of 1ph. LT line to 3ph. from 100 KVA,11/0.4KV DTR Lower Kalehali at Shadinalla in (E) section Bajaura UESD, HPSEBL, Bhuntar.",HPSEBL||CE(OP) CZ Mandi||SE(OP) Kullu||Sr. Xen (E) Kullu,93206.0,94139.0,1.001
2024_HPSEB_90977_1,Deposit Est for repl of LT Line of Sh Jotinder Paul with UG XLPE LT Cable in E Section Local Chauntra under ESD HPSEBL Chauntra Dep Est for repl of LT Line with AB Cable of Smt Sita Devi in E Section Local under ESD HPSEB Barot under ED HPSEBL JNR,HPSEBL||CE(OP) CZ Mandi||SE(OP) Mandi||Sr. Xen (E) J/ Nager,221328.0,210262.0,-5.0
2024_HPSEB_90975_1,"Providing LT extension to leftout houses from existing 100KVA DTR Malana-I, 25KVA DTR Malana-II and 25KVA, 11/0.4KV DTR Malana-III in (E) section Jari under ESD, HPSEBL, Jarii",HPSEBL||CE(OP) CZ Mandi||SE(OP) Kullu||Sr. Xen (E) Kullu,172475.0,172475.0,0.0
2024_HPSEB_90972_1,Providing renewal replacement erection testing commissioning of 11 kV Lightning Arrestor Surge Arrestor of various Sub Stations under Electrical Division HPSEB Jogindernagar,HPSEBL||CE(OP) CZ Mandi||SE(OP) Mandi||Sr. Xen (E) J/ Nager,445625.0,418887.0,-6.0
2024_HPSEB_90970_1,"Providing LT extension to newly constructed houses in village Sandhari from 63KVA, 11/0.4KV DTR Lingerbansu-II in (E) Section Kolibehar UESD No-I, HPSEBL, Kullu",HPSEBL||CE(OP) CZ Mandi||SE(OP) Kullu||Sr. Xen (E) Kullu,124390.0,128122.0,3.0
2024_HPSEB_90963_1,"Providing 63KVA, 11/0.4KV DTR Pulga-II alongwith associated HT line and re-organisation of LD system from proposed 63KVA, 11/0.4KV DTR Pulga-II in (E) section Barshaini under ESD, HPSEBL, Jari",HPSEBL||CE(OP) CZ Mandi||SE(OP) Kullu||Sr. Xen (E) Kullu,734699.0,719346.0,-2.09
2024_HPSEB_90904_1,Tender for providing Installation testing and Comissioning of 2 Ton /1.5 Ton Capacity Split AC for cooling protection of Electrical Pannels at various LIS/ LWSS Scheme of JSV under electrical Division HPSEBL Bilaspur.,HPSEBL||CE(OP) CZ Mandi||SE(OP) Bilaspur||Sr. Xen (E) Bilaspur,130000.0,135109.0,3.93
2024_HPSEB_90819_1,Tender for providing LT line Extension and Augemenatation of DTR of various Tower under ED Jawalamukhi,HPSEBL||CE(OP) CZ Mandi||SE(OP) Hamirpur||Sr. Xen (E) Jawalamukhi,570106.0,594050.0,4.2
2024_HPSEB_90810_1,"SOP to Lower Garrison of 20 Kumaon at Sumdo by providing 250 KVA Transformer in Section Hurling under Electrical Sub-Division, HPSEBL., Tabo.",HPSEBL||CE(OP) South||SE(OP) Rampur,1319151.0,1183665.0,-10.271
2024_HPSEB_90809_1,"Tender for SOP to M/S Patel Engineering Ltd. Crusher Plant near diversion at Powari by providing 2X22/0.4kV, 630kVA S/Stn. alongwith its associated lines and strengthening of existing 22kV HT line from 22kV control point R/Peo to Powari, HPSEBL, Reck",HPSEBL||CE(OP) South||SE(OP) Rampur,2826776.0,2727839.0,-3.5
2024_HPSEB_90808_1,Tender for prov. Supply of power for augmentation of various LWSS on the left Bank on Kurpan Khad in Nirmand Block UESD Nirmand circle -01/2024-25).,HPSEBL||CE(OP) South||SE(OP) Rampur,7494756.0,6399772.0,-14.61
2024_HPSEB_90788_1,SOP to EV Charging Station at Saheed Vijender Singh Filling Station Hanuman Chowk Dehra,HPSEBL||CE (OP) North||SE (OP) Kangra||Sr. Xen Dehra,628000.0,652366.0,3.88
2024_HPSEB_90778_1,"Tender for providing 1 phase LT line extension to left out houes from Existing 63 KVA, 11/0.4 KV Sub-Station Selli in village Selli (Bhatka) in Electrical Section Deoth under ESD Namhol Bilaspur . TS No. 80/2023-24 WBS No. 32100235-001-BLP-LT-220",HPSEBL||CE(OP) CZ Mandi||SE(OP) Bilaspur||Sr. Xen (E) Bilaspur,55144.0,55138.0,-0.011
2024_HPSEB_90728_1,SEOP 04/2024-25,HPSEBL||CE (OP) North||SE (OP) Kangra,2339518.0,2445826.0,4.544
2024_HPSEB_90727_2,SEOP 03/2024-25,HPSEBL||CE (OP) North||SE (OP) Kangra,864657.0,861961.0,-0.312
2024_HPSEB_90595_1,Tender for Repair and refilling of firefighting equipments along with allied accessories of various capacities in 66 MW Bassi Power House under Bassi Power House Division HPSEBL Jogindernagar,"HPSEBL||CE(Gen) Sundernagar||SE(Gen) Palampur||RE Baner, Jia",155701.0,116776.0,-25.0
2024_HPSEB_90516_1,Tender for equipment material design erection testing and commissioning providing SOP to 11KV HT Line and 11/0.4KV 100KVA Sstn at HPPWD Rest house Bhalei in (E) Section Bhalei under ED Dalhousie.,HPSEBL||CE (OP) North||SE (OP) Dalhousie||Sr. Xen Dalhousie,804835.0,765398.0,-4.9
2024_HPSEB_90330_1,"Tender for Annual Maintenance of Arboriculture arrangement under Electrical Division, HPSEBL, Bilaspur for the year 2024-25. (August 2024 to March 2025) (SE TS No. 24/2024-25)",HPSEBL||CE(OP) CZ Mandi||SE(OP) Bilaspur||Sr. Xen (E) Bilaspur,341635.0,343326.0,0.495
2024_HPSEB_90274_1,Estimate for augmentation from 1 to 3 LT line and 1 LT extension to providing SOP to BSNL 4G Tower at village GP Baila Near P.O. Nandi feeding from 25 KVA 22/0.4 KV Piplagalu in E section Sainj under Electrical Sub Division HPSEBL Gohar.,HPSEBL||CE(OP) CZ Mandi||SE(OP) Mandi||Sr. Xen (E) Gohar,104932.0,91290.0,-13.001
2024_HPSEB_90273_1,"Estimate for Providing SOP to BSNL at village Chaun P.O. Moviseri tehsil Chachiot, Distt Mandi HP in E section Chail chowk under Electrical Sub Division HPSEBL Gohar. 2 Estimate for Providing LT extension to BSNL Tower at village Dalikar PO Moviseri",HPSEBL||CE(OP) CZ Mandi||SE(OP) Mandi||Sr. Xen (E) Gohar,135241.0,114603.0,-15.26
2024_HPSEB_90263_1,"Estimate for Providing SOP to BSNL 4G Tower at Bakhrog village Shalla tehsil Chachiot, Distt Mandi HP in E section Jachh under Electrical Sub Division HPSEBL Gohar. 2 Estimate for augmentation from 1 to 2Phase LT line and Providing LT extension fro",HPSEBL||CE(OP) CZ Mandi||SE(OP) Mandi||Sr. Xen (E) Gohar,234320.0,198564.0,-15.259
2024_HPSEB_90208_1,SEOP 01/2024-25,HPSEBL||CE (OP) North||SE (OP) Kangra,2953683.0,3046073.0,3.128
2024_HPSEB_90096_1,"Tender for Supply of equipment / material , design, erection, testing , commissioning for SOP to JSV for T/Well Gaghwan (LWSS Malhari, Surarwan, Ghagwan) by Prov. 11/.4 KV 100 KVA S/Stn. a/w 11 KV HT/LT line , Ghandran under ESD Rey ED Fatehpur",HPSEBL||CE (OP) North||SE (OP) Dalhousie,1969445.0,1654334.0,-16.0
2024_HPSEB_90093_1,"Tender for Supply of equipment material , design, erection, testing commissioning for SOP to JSV forAug. and re- modeling of WSS to Dangori by Prov. 11/.4 KV 63 KVA S/Stn. a/w 11 KV HT/LT line at Bharari-II, in ESD Bakloh ED Dalhousie",HPSEBL||CE (OP) North||SE (OP) Dalhousie,1782959.0,1600919.0,-10.21
2024_HPSEB_90090_1,"Tender for Supply of equipment / material , design, erection, testing commissioning for System Improvement scheme for replacement of old/obsolete switchgear equipment at 33/11 KV Sub-Stations Bakloh , Chowari u Electrical Division, HPSEBL Dalhousie",HPSEBL||CE (OP) North||SE (OP) Dalhousie,1953272.0,2030541.0,3.956
2024_HPSEB_89964_1,"Supply of power for augmentation of LWSS Nither, Anas, Moin and Nagachow in Nirmand and Block under ESD Neether.",HPSEBL||CE(OP) South||SE(OP) Rampur,6954490.0,6148465.0,-11.59
2024_HPSEB_89881_2,03-2024-25,HPSEBL||CE(OP) South||SE(OP) Solan,3207601.0,3047221.0,-5.0
2024_HPSEB_89823_1,HPSEBL/BPHDJ/07/2024-25,"HPSEBL||CE(Gen) Sundernagar||SE(Gen) Palampur||RE Baner, Jia",436394.0,377600.0,-13.473
2024_HPSEB_89719_1,HPSEBL/BED/DB-Tender JOB.05,HPSEBL||CE(OP) South||SE(OP) Solan||Sr.Xen (E) Baddi,1120360.0,984460.0,-12.13
2024_HPSEB_89625_1,Estimate for providing minor LT extension and LT Augmentation to left out houses from existing 100 KVA SStn Sainthal in E Section Sainthal under ESD HPSEBL Chauntra,HPSEBL||CE(OP) CZ Mandi||SE(OP) Mandi||Sr. Xen (E) J/ Nager,86144.0,70638.0,-18.0
2024_HPSEB_89620_1,Deposit estimate for providing SOP to BSNL 4G Tower at Village Galu in E Section Ladruhin under ESD HPSEBL Chauntra,HPSEBL||CE(OP) CZ Mandi||SE(OP) Mandi||Sr. Xen (E) J/ Nager,174450.0,148283.0,-15.0
2024_HPSEB_89619_1,Deposit estimate for LT extension up gradation of Service connection of Summit Digital Infrastructure Ltd at Village Kawar Garh PO Balh Kawar Tehsil Lad Bharol in E Section Local under ESD HPSEBL Lad Bharol,HPSEBL||CE(OP) CZ Mandi||SE(OP) Mandi||Sr. Xen (E) J/ Nager,239101.0,236471.0,-1.1
2024_HPSEB_89617_1,Deposit estimate for upgradation of Service connection of Reliance infratel LTd at Village Galu PO Boching in E Section local under ESD HPSEBL Barot,HPSEBL||CE(OP) CZ Mandi||SE(OP) Mandi||Sr. Xen (E) J/ Nager,206118.0,206097.0,-0.01
2024_HPSEB_89530_1,"Tender for complete Overhauling, Servicing Testing of LT make, Model No CN CS 800 C, 800 1600A Air Circuit Breaker installed at LT panel in Khauli Power House under Khauli Power House Division HPSEBL","HPSEBL||CE(Gen) Sundernagar||SE(Gen) Palampur||Re Khauli, Shahpur",210068.0,207967.0,-1.0
2024_HPSEB_89482_1,Sop to jal shakti vibhag Sewerage plant by,HPSEBL||CE(OP) South||SE(OP) Rampur||Sr.Xen (E) Rampur,899840.0,899840.0,0.0
2024_HPSEB_89474_1,BED-03/2024-25,HPSEBL||CE (OP) North||SE (OP) Kangra||Sr. Xen Bajinath,1070974.0,1014105.0,-5.31
2024_HPSEB_89472_1,BED-02/2024-25,HPSEBL||CE (OP) North||SE (OP) Kangra||Sr. Xen Bajinath,721670.0,692803.0,-4.0
2024_HPSEB_89467_1,BED-01/2024-25,HPSEBL||CE (OP) North||SE (OP) Kangra||Sr. Xen Bajinath,1130865.0,1033497.0,-8.61
2024_HPSEB_89385_1,"SOP to LIS for Village Chadow-Chadoli in ES Shoghi under ESD, HPSEBL, Jutogh",HPSEBL||CE(OP) South||SE(OP) Shimla,2592785.0,2203867.0,-15.0
2024_HPSEB_89334_1,HPSEBLBPHDJ/04/2024-25,"HPSEBL||CE(Gen) Sundernagar||SE(Gen) Palampur||RE Baner, Jia",446512.0,446158.0,-0.079
2024_HPSEB_89331_1,"For carrying out the Elect. Mtc. works including facilities to the shift staff of different groups, cleaning of Power House Buildings, Electrical panels and allied equipments , cutting grass around the surrounding area of Khauli","HPSEBL||CE(Gen) Sundernagar||SE(Gen) Palampur||Re Khauli, Shahpur",238832.0,200057.0,-16.235
2024_HPSEB_89152_1,Supply and Erection of New Street light at Challah,HPSEBL||MD BVPCL Jogindernagar||SE (E),1355521.0,1395535.0,2.952
2024_HPSEB_89140_1,HPSEBLBPHDJ/01/2024-25,"HPSEBL||CE(Gen) Sundernagar||SE(Gen) Palampur||RE Baner, Jia",454300.0,453120.0,-0.26
2024_HPSEB_89087_1,Deposit estimate for providing SOP to BSNL Towers in E Section Tikken under ESD HPSEBL Barot,HPSEBL||CE(OP) CZ Mandi||SE(OP) Mandi||Sr. Xen (E) J/ Nager,194810.0,203578.0,4.501
2024_HPSEB_89065_1,"Tender for cleaning jungle, cutting/ looping of trees underneath the existing 33KV/11KV H.T line and uprooting of rank vegetation around the lines in (E) Section , HPSEBL,Chharol,Panjgain, Ghagus, Jabli section under ESD No.1 HBSEBL.",HPSEBL||CE(OP) CZ Mandi||SE(OP) Bilaspur||Sr. Xen (E) Bilaspur,157414.0,156115.0,-0.825
2024_HPSEB_89054_1,"Tender for cleaning jungle, cutting/ looping of trees underneath the existing 33KV/11KVH.T line and uprooting of rank vegetation around the lines in (E) Section , HPSEBL, Namhol, Deoth, Jukhala, Chhakoh, under ESD Namhol HBSEBL.",HPSEBL||CE(OP) CZ Mandi||SE(OP) Bilaspur||Sr. Xen (E) Bilaspur,216057.0,216057.0,0.0
2024_HPSEB_89048_1,"Tender for cleaning jungle, cutting/ looping of trees underneath the existing H.T line and uprooting of rank vegetation around the lines in (E) Section HPSEBL, Diara , Roura, Changer, Rishikesh under ESD No.II. HPSEBL.",HPSEBL||CE(OP) CZ Mandi||SE(OP) Bilaspur||Sr. Xen (E) Bilaspur,55288.0,54647.0,-1.159
2024_HPSEB_89023_1,Tender for providing SOP to BSNL 4G BTS site at Jalora ati Shilihar under ESD HPSEBL Katrain on Turnkey Basis,HPSEBL||CE(OP) CZ Mandi||SE(OP) Kullu||Sr. Xen (E) Manali,92241.0,85784.0,-7.0
2024_HPSEB_89007_1,Tender for Providing SOP to Hindustan Petroleum Corporation Ltd. for Charging Station of Electric Vehicle at Bahang under ESD NoII HPSEBL Manali on Turnkey Basis,HPSEBL||CE(OP) CZ Mandi||SE(OP) Kullu||Sr. Xen (E) Manali,988345.0,919161.0,-7.0
2024_HPSEB_89003_1,"Tender for Supply of equipment, material, design, erection, testing commissioning for SOP to BSNL by Prov.Single phaseLT Line at 9 locations Leu, Purthi, Rei, Saichu, Shour, Thandal, Kumar, Mindhal and Kulal fromexisting11/.4KVS/St ESD Sach ED Killar",HPSEBL||CE (OP) North||SE (OP) Dalhousie,1377571.0,1505341.0,9.275
2024_HPSEB_89001_1,"Tender for Supply of equipment, material, design, erection, testing commissioning for SOP to BSNL by Prov.Single phase LT Line at 7 locations Bhatwas, Pregran, Luj, Tundru, Sural, Chaloli and Charwas from existing 11/.4KV S/Stns. ESD Killar ED Killar",HPSEBL||CE (OP) North||SE (OP) Dalhousie,1079408.0,1138398.0,5.465
2024_HPSEB_88890_1,"Tender for Prov. S.O.P. to Hindustan petroleum Corprotation Limited by Providing 100 KVA, 11/0.4KV S/Stn with HT and LT Line For EV Charging at Chhat in E Section Rishikesh under ESD No-II Bilaspur",HPSEBL||CE(OP) CZ Mandi||SE(OP) Bilaspur||Sr. Xen (E) Bilaspur,279426.0,253439.0,-9.3
2024_HPSEB_88740_1,PED-01-2024-25,HPSEBL||CE(OP) South||SE(OP) Solan,814433.0,700005.0,-14.05
2024_HPSEB_88517_1,Tender for Restoration of 11 KV HT line from Dharwas to Sansari Nalla feeder damage due to heavy snow fall/Natural clamity from Mangalwas to 25 KVA S/Stn. Sansari Nalla under ED Killar.,HPSEBL||CE (OP) North||SE (OP) Dalhousie,613585.0,705622.0,15.0
2024_HPSEB_88313_1,Tender for providing Supply of power to EV Charging Upasak filling station at Keylong under Electrical Sub Division HPSEBL Keylong on Turnkey Basis,HPSEBL||CE(OP) CZ Mandi||SE(OP) Kullu,960964.0,1004208.0,4.5
2024_HPSEB_88178_1,"Providing LT Extension to newly constructed houses from 250KVA, 11/0.4KV DTR, Premgarh in (E) Section Seobag under ESD No. II, HPSEBL, Kullu",HPSEBL||CE(OP) CZ Mandi||SE(OP) Kullu||Sr. Xen (E) Kullu,75903.0,78180.0,3.0
2024_HPSEB_88174_1,"Replacement of lengthy services with overhead LTconductor from existing 250KVA, 11/0.4KV DTR veternary Hospital and 63KVA, 11/0.4KV DTR Mohal-IV in (E) Section Mohal-IV under ESD, HPSEBL, Bhuntar",HPSEBL||CE(OP) CZ Mandi||SE(OP) Kullu||Sr. Xen (E) Kullu,66229.0,66156.0,-0.11
2024_HPSEB_88152_1,BED-60/2023-24,HPSEBL||CE (OP) North||SE (OP) Kangra||Sr. Xen Bajinath,199800.0,191808.0,-4.0
2024_HPSEB_88144_1,BED-57/2023-24,HPSEBL||CE (OP) North||SE (OP) Kangra||Sr. Xen Bajinath,79569.0,76385.0,-4.002
2024_HPSEB_88139_1,BED-56/2023-24,HPSEBL||CE (OP) North||SE (OP) Kangra||Sr. Xen Bajinath,105957.0,101718.0,-4.001
2024_HPSEB_88132_1,BED-53/2023-24,HPSEBL||CE (OP) North||SE (OP) Kangra||Sr. Xen Bajinath,104860.0,99616.0,-5.001
2024_HPSEB_88131_1,BED-52/2023-24,HPSEBL||CE (OP) North||SE (OP) Kangra||Sr. Xen Bajinath,97425.0,97425.0,0.0
2024_HPSEB_88129_1,BED-51/2023-24,HPSEBL||CE (OP) North||SE (OP) Kangra||Sr. Xen Bajinath,69849.0,67753.0,-3.001
2024_HPSEB_88126_1,BED-50/2023-24,HPSEBL||CE (OP) North||SE (OP) Kangra||Sr. Xen Bajinath,199846.0,193850.0,-3.0
2024_HPSEB_88123_1,BED-49/2023-24,HPSEBL||CE (OP) North||SE (OP) Kangra||Sr. Xen Bajinath,73100.0,69445.0,-5.0
2024_HPSEB_88090_1,"Estimate for R/M of LT Distribution System in the (E ) Section Ellysium and (E ) Section Snowdon under CESD, HPSEBL, Sanjauli under the jurisdiction of this Division",HPSEBL||CE(OP) South||SE(OP) Shimla||Sr. Xen (E) City,466732.0,367559.0,-21.248
2024_HPSEB_88065_1,OCN/DB-27/NIT-No-34/2023-24,HPSEBL||CE(OP) South||SE(OP) Nahan,2499668.0,2357712.0,-5.679
2024_HPSEB_88062_1,OCN/DB-27/NIT-No-33/2023-24,HPSEBL||CE(OP) South||SE(OP) Nahan,1707082.0,1660137.0,-2.75
2024_HPSEB_88005_1,HPSEBL/BED/DB-Tender JOB.54,HPSEBL||CE(OP) South||SE(OP) Solan||Sr.Xen (E) Baddi,116060.0,119542.0,3.0
2024_HPSEB_87999_1,providing LT extension to leftout houses from various substation in Electrical section Nirath,HPSEBL||CE(OP) South||SE(OP) Rampur||Sr.Xen (E) Rampur,211332.0,169537.0,-19.777
2024_HPSEB_87996_1,HPSEBL/BED/DB-Tender JOB.53,HPSEBL||CE(OP) South||SE(OP) Solan||Sr.Xen (E) Baddi,237521.0,235977.0,-0.65
2024_HPSEB_87991_1,HPSEBL/BED/DB-Tender JOB.52,HPSEBL||CE(OP) South||SE(OP) Solan||Sr.Xen (E) Baddi,100564.0,99961.0,-0.6
2024_HPSEB_87989_1,Special Repair estimate for restoration of 11 KV HT Line damaged due to heavy rainfall in Electrical Section Makriri UESD Makriri,HPSEBL||CE(OP) CZ Mandi||SE(OP) Mandi||Sr. Xen (E) J/ Nager,102648.0,102032.0,-0.6
2024_HPSEB_87987_1,Special Repair Estimate for restoration of 11 KV HT Line and re routing of HT line damaged due to heavy rainfall and Landsliding in E Section Lohardi under ESD HPSEBL Barot,HPSEBL||CE(OP) CZ Mandi||SE(OP) Mandi||Sr. Xen (E) J/ Nager,186787.0,186768.0,-0.01
2024_HPSEB_87982_1,Estimate for LT extension providing additional circuit from 1104 KV 250 KVA Sub station Lower Makrena with AB Cable in E Section Joginder Nagar Local under ESD No I HPSEBL Joginder Nagar under ED HPSEBL Joginder Nagar,HPSEBL||CE(OP) CZ Mandi||SE(OP) Mandi||Sr. Xen (E) J/ Nager,292665.0,292636.0,-0.01
2024_HPSEB_87981_1,Estimate for Replacement of bare conductor and lengthy services with AB Cable from various existing Sub Stations in E Section local under ESD No I HPSEBL Jogindernagar under ED HPSEBL Joginder Nagar,HPSEBL||CE(OP) CZ Mandi||SE(OP) Mandi||Sr. Xen (E) J/ Nager,957118.0,957022.0,-0.01
2024_HPSEB_87963_1,HPSEBL/BED/DB-Tender JOB.51,HPSEBL||CE(OP) South||SE(OP) Solan||Sr.Xen (E) Baddi,139631.0,138723.0,-0.65
2024_HPSEB_87960_1,HPSEBL/BED/DB-Tender JOB.50,HPSEBL||CE(OP) South||SE(OP) Solan||Sr.Xen (E) Baddi,361031.0,358685.0,-0.65
2024_HPSEB_87939_1,"Providing LT extension to newly constructed houses from 63 KVA, 11/0.4 KV DTR Dharmot and 63 KVA, 11/0.4 KV DTR Banogi in (E) Section Babeli under ESD NO.II, HPSEBL, Kullu",HPSEBL||CE(OP) CZ Mandi||SE(OP) Kullu||Sr. Xen (E) Kullu,110243.0,113550.0,3.0
2024_HPSEB_87937_1,"Providing LT extension to newly constructed houses from 25 KVA, 11/0.4 KV DTR Gadahar and 100 KVA, 11/0.4 KV DTR Niramatti in (E) Section Babeli under ESD NO.II, HPSEBL, Kullu",HPSEBL||CE(OP) CZ Mandi||SE(OP) Kullu||Sr. Xen (E) Kullu,130883.0,134810.0,3.0
2024_HPSEB_87935_1,"Providing LT extension to newly constructed houses from 100 KVA, 11/0.4 KV DTR Nallach in (E) Section Babeli under ESD NO.II, HPSEBL, Kullu",HPSEBL||CE(OP) CZ Mandi||SE(OP) Kullu||Sr. Xen (E) Kullu,112089.0,115451.0,2.999
2024_HPSEB_87933_1,"Tender for providing 4 pole structure for interlinking of 11 KV Baebeli and 11KV Naggar feeder at Jawahar Navodya Vidyalya Bandrol in (E) Section Babeli under Electrical Sub-Division No. II, HPSEBL, Kullu",HPSEBL||CE(OP) CZ Mandi||SE(OP) Kullu||Sr. Xen (E) Kullu,150562.0,155078.0,2.999
2024_HPSEB_87931_1,"Providing SOP to M/s Bhuntar Rollar flour Mills at village jarad PO Piplage by providing new 11KV HT line, 400KVA, 11/0.4KV DTR new Diet in (E) Section Bagicha under ESD, HPSEBL, Bhuntar.",HPSEBL||CE(OP) CZ Mandi||SE(OP) Kullu||Sr. Xen (E) Kullu,65979.0,67958.0,2.999
2024_HPSEB_87928_1,"Providing 11KV HT Line from previous existing pole EPP11 to continuous additional proposed pole PP24 to proposed 100 KVA, 11/0.4KV DTR DTR near Hills public School Lower Gadouri in (E) Section Mohal under ESD, HPSEBL, Bhuntar.",HPSEBL||CE(OP) CZ Mandi||SE(OP) Kullu||Sr. Xen (E) Kullu,190707.0,196340.0,2.954
2024_HPSEB_87925_1,"Providing LT extension to newly constructed houses from various DTR in (E) Section Kharahal under ESD NO.II, HPSEBL, Kullu",HPSEBL||CE(OP) CZ Mandi||SE(OP) Kullu||Sr. Xen (E) Kullu,132118.0,136080.0,2.999
2024_HPSEB_87923_1,"Replacement of lengthy services by providing overhead LT line from various DTRs in (E) Section Kharahal under ESD No. II, HPSEBL, Kullu",HPSEBL||CE(OP) CZ Mandi||SE(OP) Kullu||Sr. Xen (E) Kullu,129774.0,133665.0,2.998
2024_HPSEB_87922_1,"Tender for Prov. SOP to M/s Indus Towers LTD. by augmentation of 25KV, 11/0.4KV DTR into 63KVA, 11/0.4KV DTR Kashmati in (E) Section Babeli UESD No-II, HPSEBL, Kullu.",HPSEBL||CE(OP) CZ Mandi||SE(OP) Kullu||Sr. Xen (E) Kullu,174772.0,180015.0,3.0
2024_HPSEB_87907_1,PED 166/2023-24,HPSEBL||CE(OP) South||SE(OP) Nahan||Sr. Xen(E) Paonta,479350.0,365505.0,-23.75
2024_HPSEB_87906_1,"Tender for Providing SOP to Indus Tower Ltd. by augmentation of 25KVA,11/0.4KV DTR to 63KVA, 11/0.4KV DTR Near HPSEBL Rest House Sharabai in (E) Section Bajaura under ESD, HPSEBL, Bhuntar.",HPSEBL||CE(OP) CZ Mandi||SE(OP) Kullu||Sr. Xen (E) Kullu,73598.0,75805.0,2.999
2024_HPSEB_87902_1,"Tender for providing LT extension to newly constructed houses from 25KVA 11/0.4KV DTR Parakshi in (E) Section Kolibehar under ESD No.-I, HPSEBL, Kullu.",HPSEBL||CE(OP) CZ Mandi||SE(OP) Kullu||Sr. Xen (E) Kullu,64950.0,66898.0,2.999
2024_HPSEB_87897_1,"Augmentation of 63KVA, 11/0.4KV DTR to 100 KVADTR BSNL Kahudhar in (E) Section Bagicha under ESD, HPSEBL, Bhuntar",HPSEBL||CE(OP) CZ Mandi||SE(OP) Kullu||Sr. Xen (E) Kullu,97028.0,99940.0,3.001
2024_HPSEB_87895_1,"Providing 63KVA, 11/0.4KV DTR Upper Nangabag alongwith associated HT line and re-organisation of LD system from proposed 63KVA, 11/0.4KV DTR Upper Nangabag in (E) section Babeli under ESD No. II, HPSEBL, Kullu",HPSEBL||CE(OP) CZ Mandi||SE(OP) Kullu||Sr. Xen (E) Kullu,509972.0,525268.0,2.999
2024_HPSEB_87894_1,"Providing 63KVA, 11/0.4KV DTR Ramabai alongwith associated HT line and re-organisation of LD system from proposed 63KVA, 11/0.4KV DTR Ramabai in (E) section Babeli under ESD No. II, HPSEBL, Kullu",HPSEBL||CE(OP) CZ Mandi||SE(OP) Kullu||Sr. Xen (E) Kullu,603258.0,621352.0,2.999
2024_HPSEB_87892_1,"Providing 63KVA, 11/0.4KV DTR at Talogi alongwith associated HT line and re-organisation of LD system from proposed 63KVA, 11/0.4KV DTR at Talogi in (E) section Mohal under ESD, HPSEBL, Bhuntar.",HPSEBL||CE(OP) CZ Mandi||SE(OP) Kullu||Sr. Xen (E) Kullu,312990.0,322378.0,2.999
2024_HPSEB_87880_1,"Providing SOP Toto M/s Indus wers LTD. at Village Trakara by augmentation of existing 63KVA, 11/0.4KV DTR Trakara to 100KVA, 11/0.4KV DTR and providing minor 3ph. LT extension in (E) Section Kharahal under ESD No-II, HPSEBL, Kullu",HPSEBL||CE(OP) CZ Mandi||SE(OP) Kullu||Sr. Xen (E) Kullu,276931.0,285240.0,3.0
2024_HPSEB_87877_1,"Tender for providing SOP to summit digitat by providing and re-organisation of LD system of LT circuits from existing 100KVA, 11/0.4KV DTR Danogi- 1st in (E) Section Shat under ESD, HPSEBL, Bhuntar.",HPSEBL||CE(OP) CZ Mandi||SE(OP) Kullu||Sr. Xen (E) Kullu,318578.0,324951.0,2.0
2024_HPSEB_87868_1,construction of 22 kV HT line and 63 kVA transformer Ranvi Tabandru,HPSEBL||CE(OP) South||SE(OP) Rampur||Sr.Xen (E) Rampur,658708.0,548374.0,-16.75
2024_HPSEB_87864_1,"Estimate for providing of 250 KVA 11/.433 KV Sub Station, construction of 11 KV HT Line and re-organization of 3 phase LT Line near Krishna Building for providing Electricity Supply to domestic consumers in (E ) Section Sanjauli ESD, Sanjauli Shimla",HPSEBL||CE(OP) South||SE(OP) Shimla||Sr. Xen (E) City,918150.0,918150.0,0.0
2024_HPSEB_87856_1,"Providing SOP to BSNL Mobile Towers at various locations under ESD, HPSEBL, Keylong and ESD, HPSEBL, Udaipur under ED, HPSEBL, Keylong",HPSEBL||CE(OP) CZ Mandi||SE(OP) Kullu||Sr. Xen (E) Keylong,439480.0,394653.0,-10.2
2024_HPSEB_87855_1,"Est for prov 11/0.4 kv, 250 kva transformer pole mounted S/Stn , construction of 11 HT Line and re-organisation of 3 phase LT line at Comely Bank for providing Electricity supply to domestic consumers in Mythe ( E) Section under CESD Idgah",HPSEBL||CE(OP) South||SE(OP) Shimla||Sr. Xen (E) City,789505.0,741344.0,-6.1
2024_HPSEB_87853_1,"Estimate for SOP to 250 KVA, 11/ 0.4 KV for newly constructed 1 No Barrack, 4 Nos type-II quarter and 2 Nos proposed Barracks i.e. ladies and gents at Police line kaithu in (E ) Section Mythe under ESD, HPSEBL Idgah, Shimla",HPSEBL||CE(OP) South||SE(OP) Shimla||Sr. Xen (E) City,570754.0,570753.0,-0.0
2024_HPSEB_87675_1,PED 158/2023-24,HPSEBL||CE(OP) South||SE(OP) Nahan||Sr. Xen(E) Paonta,107458.0,88653.0,-17.5
2024_HPSEB_87601_1,Tender for providing 63 kVA DTR Maryana at Shani market Bharoli,HPSEBL||CE(OP) CZ Mandi||SE(OP) Hamirpur||Sr. Xen (E) Jawalamukhi,790827.0,814552.0,3.0
2024_HPSEB_87599_3,SEOP 69/2023-24,HPSEBL||CE (OP) North||SE (OP) Kangra||Sr. Xen Kangra,2762228.0,2879378.0,4.241
2024_HPSEB_87587_3,SEOP66/2023-24,HPSEBL||CE (OP) North||SE (OP) Kangra||Sr. Xen Kangra,1214881.0,1266817.0,4.275
2024_HPSEB_87586_2,SEOP65/2023-24,HPSEBL||CE (OP) North||SE (OP) Kangra||Sr. Xen Kangra,1264156.0,1163656.0,-7.95
2024_HPSEB_87584_1,Tender for reconductoring of LT line under Ed jawalamukhi,HPSEBL||CE(OP) CZ Mandi||SE(OP) Hamirpur||Sr. Xen (E) Jawalamukhi,857415.0,887425.0,3.5
2024_HPSEB_87579_1,DED-95/2023-24,HPSEBL||CE (OP) North||SE (OP) Kangra||Sr. Xen Dharamshala,232534.0,238083.0,2.386
2024_HPSEB_87523_1,"Providing inter linking of 22 KV HT Line from Bamot to Neohat in ES Ghaini under ESD HPSEBL, Sunni.",HPSEBL||CE(OP) South||SE(OP) Shimla,1285293.0,1086072.0,-15.5
2024_HPSEB_87517_1,HPSEBL/EDHMR/E/2023-24/157,HPSEBL||CE(OP) CZ Mandi||SE(OP) Hamirpur||Sr. Xen (E) Hamirpur,820966.0,825071.0,0.5
2024_HPSEB_87511_1,Reconductoring of 11 kV HT line spur under ESD Majheen,HPSEBL||CE(OP) CZ Mandi||SE(OP) Hamirpur||Sr. Xen (E) Jawalamukhi,782828.0,810227.0,3.5
2024_HPSEB_87507_1,Reconductoring of Chambapatan feeder,HPSEBL||CE(OP) CZ Mandi||SE(OP) Hamirpur||Sr. Xen (E) Jawalamukhi,517724.0,538433.0,4.0
2024_HPSEB_87504_1,Replacement of lengthy PVC With Bare conductor under ED Jawalamukhi,HPSEBL||CE(OP) CZ Mandi||SE(OP) Hamirpur||Sr. Xen (E) Jawalamukhi,667987.0,688027.0,3.0
2024_HPSEB_87488_1,Estimate for providing LT extension to left out houses from various Sub Stations under Electrical Sub Division Barot under Electrical Division HPSEBL Joginder Nagar,HPSEBL||CE(OP) CZ Mandi||SE(OP) Mandi||Sr. Xen (E) J/ Nager,293623.0,293594.0,-0.01
2024_HPSEB_87485_1,Estimate for construction of new 11 KV line reorganisation of LT line to proposed 63 KVA 1104 KV SStn Baggi in E Section Ahju under Electrical Sub Division HPSEBL Chauntra.under ED Joginder Nagar,HPSEBL||CE(OP) CZ Mandi||SE(OP) Mandi||Sr. Xen (E) J/ Nager,669161.0,535329.0,-20.0
2024_HPSEB_87482_1,Estimate for providing new 11 KV line to connect 11 KV Chauntra Bir Feeder with 11 KV Shanan Joginder Nagar to provide reliable power supply to consumers in E Section Ladruhin under ESD HPSEBL Chauntra under ED Joginder Nagar,HPSEBL||CE(OP) CZ Mandi||SE(OP) Mandi||Sr. Xen (E) J/ Nager,454835.0,389794.0,-14.3
2024_HPSEB_87477_1,Estimate for providing minor LT extension to left out houses from various existing sub stations under ESD Makriri and Lad Bharol under Electrical Division HPSEBL Joginder Nagar,HPSEBL||CE(OP) CZ Mandi||SE(OP) Mandi||Sr. Xen (E) J/ Nager,177686.0,177668.0,-0.01
2024_HPSEB_87468_1,Tender for providing interlinking of 11 kV rakkar feeder with 11 kV Shantla,HPSEBL||CE(OP) CZ Mandi||SE(OP) Hamirpur||Sr. Xen (E) Jawalamukhi,280349.0,281751.0,0.5
2024_HPSEB_87462_1,Reconductoring of 11 kV HT line of rakkar feeder,HPSEBL||CE(OP) CZ Mandi||SE(OP) Hamirpur||Sr. Xen (E) Jawalamukhi,385741.0,397313.0,3.0
2024_HPSEB_87460_1,Tender for reconductoring of 11 kV HT line from Kuhna to Kaleshwar,HPSEBL||CE(OP) CZ Mandi||SE(OP) Hamirpur||Sr. Xen (E) Jawalamukhi,968670.0,997731.0,3.0
2024_HPSEB_87459_1,Tender for reconductoring of 11 kV HT line of gummer feerder,HPSEBL||CE(OP) CZ Mandi||SE(OP) Hamirpur||Sr. Xen (E) Jawalamukhi,651004.0,677044.0,4.0
2024_HPSEB_87458_1,Tender for reconductoring of 11 kV Gummer Feeder,HPSEBL||CE(OP) CZ Mandi||SE(OP) Hamirpur||Sr. Xen (E) Jawalamukhi,651004.0,670534.0,3.0
2024_HPSEB_87457_1,Tender for 11 kV HT line of Chamapatan feeder under ESD No-II Jawalamukhi,HPSEBL||CE(OP) CZ Mandi||SE(OP) Hamirpur||Sr. Xen (E) Jawalamukhi,879298.0,914470.0,4.0
2024_HPSEB_87399_1,Augmentation of 1-phase to 3- phase LT line of various DTR under ED Jawalamukhi,HPSEBL||CE(OP) CZ Mandi||SE(OP) Hamirpur||Sr. Xen (E) Jawalamukhi,7152026.0,708054.0,-90.1
2024_HPSEB_87389_1,OCN/DB-27/NIT-No-32/2023-24,HPSEBL||CE(OP) South||SE(OP) Nahan||Sr.Xen (E) Nahan,1790747.0,1786270.0,-0.25
2024_HPSEB_87386_1,OCN/DB-27/NIT-No-31/2023-24,HPSEBL||CE(OP) South||SE(OP) Nahan||Sr.Xen (E) Nahan,4958363.0,4946349.0,-0.242
2024_HPSEB_87374_1,Tender for providing 63 kVA DTR Jurahi at bohan bhatti along with HT and LT Line and 63 KVA DTR Dadwal Basi,HPSEBL||CE(OP) CZ Mandi||SE(OP) Hamirpur||Sr. Xen (E) Jawalamukhi,987603.0,997479.0,1.0
2024_HPSEB_87360_1,Tender for providing Supply of power to the Building of APMC Kullu Lahoul Spiti at Aluground under ESD No I HPSEBL Manali,HPSEBL||CE(OP) CZ Mandi||SE(OP) Kullu,1101710.0,1151285.0,4.5
2024_HPSEB_87356_2,Tender for providing Supply of power to APMC Sub Market Yard Shat by providing new 11 KV HT line 250 KVA DTR at Shat in Section Shat under ESD HPSEBL Bhuntar,HPSEBL||CE(OP) CZ Mandi||SE(OP) Kullu,1498514.0,1513499.0,1.0
2024_HPSEB_87341_1,Tender for recondunctoring of existing 11 KV Shilagarah feeder from Sodhan to Jhuni Near Puliya Nala by replacing the existing conductor n Electrical Section Garsa UESD HPSEBL nagwain,HPSEBL||CE(OP) CZ Mandi||SE(OP) Kullu,1951352.0,1892811.0,-3.0
2024_HPSEB_87290_1,"Tender for providing SOP to LIS Balagad Chether Khabal by providing 4x630 KVA 33 KV Sub Station 33 KV HT Line at stage I in Electrical Section Banjar under ESD HPSEBL, Banjar",HPSEBL||CE(OP) CZ Mandi||SE(OP) Kullu,4829352.0,5456653.0,12.989
2024_HPSEB_87263_1,"Estimate for providing SOP to MC Qtr under Ray Project scheme near Slaguther House Lalpani Shimla Electrical Section Bazar under ESD Ridge , Shimla-1.(WBS NO-D-23-1781)",HPSEBL||CE(OP) South||SE(OP) Shimla||Sr. Xen (E) City,770831.0,763123.0,-1.0
2024_HPSEB_87260_1,"Estimate for augmentation of single phase LT line in to Three phase from 250 KVA DTR Lower Ramnagar to Dhobighat in (E ) section Kennedy House and estimate for SOP of HT Line for Chadwik Museum in section Summerhill ,under CESD Boileauganj.",HPSEBL||CE(OP) South||SE(OP) Shimla||Sr. Xen (E) City,347022.0,343551.0,-1.0
2024_HPSEB_87238_1,"Est for aug of 250 kva transformer into 630 kva , reorganization of 3 phase LT Line at Janta store and est for ext of LT line from 630 kVA DTR VRL, 1000 KVA Peterhoff and 630 kVA AIR in E section Vice Regal Lodge under CESD, HPSEBL Boileauganj",HPSEBL||CE(OP) South||SE(OP) Shimla||Sr. Xen (E) City,844468.0,844467.0,-0.0
2024_HPSEB_87224_1,"Tender for Supply of equipment, material , design, erection, testing and commissioning for SOP to JSV for LWSS Garn in Vill. Gurail, Bari Larth Manhot by Prov. 11 .4 KV,100 KVA S. Stn. with 11 KV HT, LT line in section Ganoh ESD Ganoh ED Nurpur",HPSEBL||CE (OP) North||SE (OP) Dalhousie,1833848.0,1888130.0,2.96
2024_HPSEB_87203_1,NED-240/2023-24,HPSEBL||CE(OP) South||SE(OP) Nahan||Sr.Xen (E) Nahan,593336.0,563669.0,-5.0
2024_HPSEB_87093_1,Aug. of existing 11/0.4 KV S/Stn 100 KVA S/Stn Bohni to 250 KVA S/Stn in ES Bohni UESD HPSEBL Lambloo. (W.B.S. No. 32100257-001-HMR-s/s-122) (TS. No. 194/2023-24) 2 Aug. of existing 11/0.4 KV S/Stn 100 KVA S/Stn Kholi to 250 KVA S/Stn in ES Bhira UE,HPSEBL||CE(OP) CZ Mandi||SE(OP) Hamirpur||Sr. Xen (E) Hamirpur,399037.0,416993.0,4.5
2024_HPSEB_87092_1,HPSEBL/EDHMR/E/2023-24/158,HPSEBL||CE(OP) CZ Mandi||SE(OP) Hamirpur||Sr. Xen (E) Hamirpur,158185.0,161349.0,2.0
2024_HPSEB_87090_1,DED-94/2023-24,HPSEBL||CE (OP) North||SE (OP) Kangra||Sr. Xen Dharamshala,52515.0,53746.0,2.344
2024_HPSEB_87088_1,DED-93/2023-24,HPSEBL||CE (OP) North||SE (OP) Kangra||Sr. Xen Dharamshala,121791.0,126797.0,4.11
2024_HPSEB_87087_1,DED-92/2023-24,HPSEBL||CE (OP) North||SE (OP) Kangra||Sr. Xen Dharamshala,164378.0,170433.0,3.684
2024_HPSEB_87086_1,DED-91/2023-24,HPSEBL||CE (OP) North||SE (OP) Kangra||Sr. Xen Dharamshala,161534.0,166852.0,3.292
2024_HPSEB_87085_1,DED-90/2023-24,HPSEBL||CE (OP) North||SE (OP) Kangra||Sr. Xen Dharamshala,182386.0,188519.0,3.363
2024_HPSEB_87084_1,DED-89/2023-24,HPSEBL||CE (OP) North||SE (OP) Kangra||Sr. Xen Dharamshala,58469.0,60668.0,3.761
2024_HPSEB_87075_1,NED-239/2023-24,HPSEBL||CE(OP) South||SE(OP) Nahan||Sr.Xen (E) Nahan,491617.0,314143.0,-36.1
2024_HPSEB_87061_1,BED-55/2023-24,HPSEBL||CE (OP) North||SE (OP) Kangra||Sr. Xen Bajinath,198240.0,198240.0,0.0
2024_HPSEB_87013_1,PED 149/2023-24,HPSEBL||CE(OP) South||SE(OP) Nahan||Sr. Xen(E) Paonta,223768.0,176776.0,-21.0
2024_HPSEB_86963_1,"providing 1Ph. LT Line to NHPC (Early Food Warning System Station Near Village Nakthan in (E) Section Barshaini under ESD, HPSEBL, Jari.",HPSEBL||CE(OP) CZ Mandi||SE(OP) Kullu||Sr. Xen (E) Kullu,439647.0,452835.0,3.0
2024_HPSEB_86960_1,"Shifting of 11KV Mohal feeder passing over the sewerage plant of industrial area in (E) Section Mohal UESD HPSEBL, Bhuntar",HPSEBL||CE(OP) CZ Mandi||SE(OP) Kullu||Sr. Xen (E) Kullu,292197.0,300964.0,3.0
2024_HPSEB_86953_1,"providing SOP to Organic Waste Composter (OWC) 3PTD and Shredder at MRF Site by providing 63KVA, 11/0.4KV DTR behind Nehru Park Sarwari in (E) Section Sarwari under ESD No. I, HPSEBL, Kullu.",HPSEBL||CE(OP) CZ Mandi||SE(OP) Kullu||Sr. Xen (E) Kullu,811231.0,835567.0,3.0
2024_HPSEB_86942_1,"Providing standby source (DG supply) to DC office, ADM office, Multipurpose building, Tehsil office at Dhalpur in (E) Section Dhalpur under ESD No. I, HPSEBL, Kullu",HPSEBL||CE(OP) CZ Mandi||SE(OP) Kullu||Sr. Xen (E) Kullu,346712.0,357113.0,3.0
2024_HPSEB_86905_1,OCU-34/2023-24,HPSEBL||CE (OP) North||SE (OP) Una,1055763.0,1105120.0,4.675
2024_HPSEB_86762_1,DED-88/2023-24,HPSEBL||CE (OP) North||SE (OP) Kangra||Sr. Xen Dharamshala,181948.0,189881.0,4.36
2024_HPSEB_86731_1,DED-87/2023-24,HPSEBL||CE (OP) North||SE (OP) Kangra||Sr. Xen Dharamshala,145890.0,151887.0,4.111
2024_HPSEB_86727_1,DED-85/2023-24,HPSEBL||CE (OP) North||SE (OP) Kangra||Sr. Xen Dharamshala,77002.0,79510.0,3.257
2024_HPSEB_86724_1,DED-84/2023-24,HPSEBL||CE (OP) North||SE (OP) Kangra||Sr. Xen Dharamshala,108533.0,112904.0,4.027
2024_HPSEB_86721_1,DED-83/2023-24,HPSEBL||CE (OP) North||SE (OP) Kangra||Sr. Xen Dharamshala,505028.0,511540.0,1.289
2024_HPSEB_86715_1,DED-82/2023-24,HPSEBL||CE (OP) North||SE (OP) Kangra||Sr. Xen Dharamshala,146877.0,150938.0,2.765
2024_HPSEB_86709_1,DED-81/2023-24,HPSEBL||CE (OP) North||SE (OP) Kangra||Sr. Xen Dharamshala,359275.0,375756.0,4.587
2024_HPSEB_86649_1,LED54/2023-24,HPSEBL||CE (OP) North||SE (OP) Kangra||Sr. Xen L/Gaon,104603.0,100314.0,-4.1
2024_HPSEB_86644_1,LED53/2023-24,HPSEBL||CE (OP) North||SE (OP) Kangra||Sr. Xen L/Gaon,113003.0,107070.0,-5.25
2024_HPSEB_86634_1,LED52/2023-24,HPSEBL||CE (OP) North||SE (OP) Kangra||Sr. Xen L/Gaon,618451.0,578252.0,-6.5
2024_HPSEB_86627_1,HPSEBL/ESDU/20/2023-24,HPSEBL||CE(ES) Hamirpur||SE(ES) Hamirpur||Sr. Xen (ES) Una (Rakkar),358283.0,268354.0,-25.1
2024_HPSEB_86588_1,DED-79/2023-24,HPSEBL||CE (OP) North||SE (OP) Kangra||Sr. Xen Dharamshala,142459.0,147900.0,3.819
2024_HPSEB_86587_1,DED-78/2023-24,HPSEBL||CE (OP) North||SE (OP) Kangra||Sr. Xen Dharamshala,224408.0,211084.0,-5.937
2024_HPSEB_86585_1,DED-77/2023-24,HPSEBL||CE (OP) North||SE (OP) Kangra||Sr. Xen Dharamshala,182680.0,195065.0,6.78
2024_HPSEB_86582_1,DED-76/2023-24,HPSEBL||CE (OP) North||SE (OP) Kangra||Sr. Xen Dharamshala,182680.0,196381.0,7.5
2024_HPSEB_86581_1,DED-75/2023-24,HPSEBL||CE (OP) North||SE (OP) Kangra||Sr. Xen Dharamshala,148812.0,156847.0,5.399
2024_HPSEB_86580_1,DED-74/2023-24,HPSEBL||CE (OP) North||SE (OP) Kangra||Sr. Xen Dharamshala,124814.0,131553.0,5.399
2024_HPSEB_86578_1,DED-73/2023-24,HPSEBL||CE (OP) North||SE (OP) Kangra||Sr. Xen Dharamshala,118301.0,125671.0,6.23
2024_HPSEB_86577_1,DED-72/2023-24,HPSEBL||CE (OP) North||SE (OP) Kangra||Sr. Xen Dharamshala,150550.0,160922.0,6.889
2024_HPSEB_86572_1,DED-71/2023-24,HPSEBL||CE (OP) North||SE (OP) Kangra||Sr. Xen Dharamshala,99120.0,105225.0,6.159
2024_HPSEB_86556_1,CEON-DAL-33/2023-24,HPSEBL||CE (OP) North,1171625.0,1101912.0,-5.95
2024_HPSEB_86527_1,Tender for SOP to providing 1Phase LT Line to BSNL Tower at Bhanddatta in Electrical Section Diur under ESD Salooni.,HPSEBL||CE (OP) North||SE (OP) Dalhousie||Sr. Xen Dalhousie,158617.0,159562.0,0.596
2024_HPSEB_86510_2,"Tender for Supply of equipment , material , design, erection, testing , commissioning for providing newly proposed 100KVA DTR for sewerage plant (Scheme to Dalhousie) at Bharera in city-1 Under ESD Dalhousie.",HPSEBL||CE (OP) North||SE (OP) Dalhousie||Sr. Xen Dalhousie,831439.0,863705.0,3.881
2024_HPSEB_86488_1,Various works under ESD Lambloo,HPSEBL||CE(OP) CZ Mandi||SE(OP) Hamirpur||Sr. Xen (E) Hamirpur,752029.0,774589.0,3.0
2024_HPSEB_86487_1,SEOP 64/2023-24,HPSEBL||CE (OP) North||SE (OP) Kangra,838141.0,842332.0,0.5
2024_HPSEB_86485_1,Various works under ESD Tauni Devi,HPSEBL||CE(OP) CZ Mandi||SE(OP) Hamirpur||Sr. Xen (E) Hamirpur,235879.0,245314.0,4.0
2024_HPSEB_86483_1,Prov 1-ph and 3-phase LT extension UESD Tauni Devi,HPSEBL||CE(OP) CZ Mandi||SE(OP) Hamirpur||Sr. Xen (E) Hamirpur,257290.0,263722.0,2.5
2024_HPSEB_86481_1,OCU-33/2023-24,HPSEBL||CE (OP) North||SE (OP) Una,1342750.0,1408545.0,4.9
2024_HPSEB_86477_1,Augmentation of various DTR UESD No 2 Hamirpur under ED Hamirpur,HPSEBL||CE(OP) CZ Mandi||SE(OP) Hamirpur||Sr. Xen (E) Hamirpur,454857.0,475326.0,4.5
2024_HPSEB_86466_1,E71-23-24,HPSEBL||CE(OP) South||SE(OP) Solan,159866.0,150833.0,-5.65
2024_HPSEB_86439_1,PED 138/2023-24,HPSEBL||CE(OP) South||SE(OP) Nahan||Sr. Xen(E) Paonta,190299.0,184590.0,-3.0
2024_HPSEB_86429_1,PED 135/2023-24,HPSEBL||CE(OP) South||SE(OP) Nahan||Sr. Xen(E) Paonta,251185.0,165782.0,-34.0
2024_HPSEB_86427_1,PED 134/2023-24,HPSEBL||CE(OP) South||SE(OP) Nahan||Sr. Xen(E) Paonta,251185.0,163270.0,-35.0
2024_HPSEB_86423_1,PED 132/2023-24,HPSEBL||CE(OP) South||SE(OP) Nahan||Sr. Xen(E) Paonta,205515.0,138209.0,-32.75
2024_HPSEB_86325_1,"Estimate for prov. aug 100 to 250 KVA, 11/0.4 KV S/Stn Mansui on partial turnkey basis under ESD HPSEBL Bhota. ED Barsar",HPSEBL||CE(OP) CZ Mandi||SE(OP) Hamirpur||Sr. Xen (E) Barsar,221743.0,229260.0,3.39
2024_HPSEB_86305_1,"Const. of 63KVA, 11/0.4KV Sub-Station a/w 11 KV HT and 3 Phase LT line to provide SOP to Village Mansuhi on Partial turnkey basis under ESD HPSEBL Bhota. ED Barsar",HPSEBL||CE(OP) CZ Mandi||SE(OP) Hamirpur||Sr. Xen (E) Barsar,474231.0,488449.0,2.998
2024_HPSEB_86271_1,PED 131/2023-24,HPSEBL||CE(OP) South||SE(OP) Nahan||Sr. Xen(E) Paonta,205515.0,138209.0,-32.75
2024_HPSEB_86224_1,"Tender for providing 63 KVA,11/0.4 KV DTR alongwith its associated HT and LT Line at village Bhujund 2nd in (E) section Udaipur1st under ESD, HPSEBL, keylong.",HPSEBL||CE(OP) CZ Mandi||SE(OP) Kullu||Sr. Xen (E) Keylong,565985.0,537120.0,-5.1
2024_HPSEB_86223_1,Tender for providing repair and maintenance of 33 kV Sub-Station Chaned U ESD Chamba No-II and 33 kV Sub-Station Khushnagri U ESD Tissa under ED HPSEBL Chamba,HPSEBL||CE (OP) North||SE (OP) Dalhousie,498971.0,424126.0,-15.0
2024_HPSEB_86221_1,"Tender for providing 63 KVA,11/0.4 KV DTR alongwith its associated HT and LT Line at villageJispa in (E) section Gemur under ESD, HPSEBL, keylong.",HPSEBL||CE(OP) CZ Mandi||SE(OP) Kullu||Sr. Xen (E) Keylong,277807.0,255582.0,-8.0
2024_HPSEB_86202_1,"Tender for providing 25 KVA,11/0.4 KV DTR alongwith its associated HT and LT Line at Village Barbog in (E) sectionKeylong under ESD, HPSEBL, keylong.",HPSEBL||CE(OP) CZ Mandi||SE(OP) Kullu||Sr. Xen (E) Keylong,596915.0,561100.0,-6.0
2024_HPSEB_86192_1,"Estimate for shifting re-routing temporary shifting of underground HT 11 KV XLPE 300mm2 cable proposed site for stabilization of parking at local Bus Stand near Gurdwara Chada Transport Shimla in Electrical Section Bazar under ESD, HPSEBL, Ridge",HPSEBL||CE(OP) South||SE(OP) Shimla||Sr. Xen (E) City,638585.0,629964.0,-1.35
2024_HPSEB_86187_2,"Estimate for R/M of LT Distribution System in the (E ) Section Sanjauli under CESD, HPSEBL, Sanjauli under the jurisdiction of this Division .",HPSEBL||CE(OP) South||SE(OP) Shimla||Sr. Xen (E) City,412776.0,318010.0,-22.958
2024_HPSEB_86164_1,prov 11/0.4 KV 25 KVA S/Stn a/w HT and LT line Ropa-IInd UESD Tauni Devi,HPSEBL||CE(OP) CZ Mandi||SE(OP) Hamirpur||Sr. Xen (E) Hamirpur,448207.0,469945.0,4.85
2024_HPSEB_86152_1,OCU-32/2023-24,HPSEBL||CE (OP) North||SE (OP) Una,1530940.0,1599450.0,4.475
2024_HPSEB_86118_1,Supplying of many to many Protocol gateways for sharing of real time status,HPSEBL||MD BVPCL Jogindernagar||SE (E)||P/H Div.,334235.0,317523.0,-5.0
2024_HPSEB_86078_1,"Prov. 11/0.4 KV, 63 KVA S/Stn A/w 11 KV HT line an 3-phase LT line at Badhiana in ES Jhaniyari UESD No. 1 Hamirpur. TS no. 134,135,136/2022-23,W.B.S. No. 32100257-001-HMR-s/s-079) W.B.S. No. 32100257-001-HMR-HT-021) W.B.S. No. 32100257-001-HMR-LT-070",HPSEBL||CE(ES) Hamirpur||SE(Design) Hamirpur,954524.0,889139.0,-6.85
2024_HPSEB_86073_1,Prov. 11 KV HT Line and LT LIne for various work in ES Jhaniyari UESD NO. 1 Hamirpur,HPSEBL||CE(ES) Hamirpur||SE(Design) Hamirpur,395039.0,408273.0,3.35
2024_HPSEB_86066_1,Est for prov 63 KVA sub station 11 KV HT line and 3 phase LT line at balli tiyankan UESD NO. 1 HAmirpur,HPSEBL||CE(ES) Hamirpur||SE(Design) Hamirpur,658480.0,680539.0,3.35
2024_HPSEB_86038_1,"Tender for Supply of equipment,material , design, erection, testing and commissioning for Prov. 1 KV 63 KVA Sub Stn. at Lambhi Pattiyan with 11 KV HT line and LT Line in section Bhogwarn ESD Rey ED Fatehpur.",HPSEBL||CE (OP) North||SE (OP) Dalhousie,1623767.0,1352110.0,-16.73
2024_HPSEB_86007_1,"Tender for Supply of equipment, material , design, erection, testing, commissioning for SOP to JSV LWSS Badiali by Prov. 100 KVA S Stn. at Badiali with 11 KV HT line and reconductoring of 11 KV HT Line in section Fatehpur ESD Fatehpur ED Fatehpur.",HPSEBL||CE (OP) North||SE (OP) Dalhousie,2627357.0,2172035.0,-17.33
2024_HPSEB_85911_1,BED-46/2023-24,HPSEBL||CE (OP) North||SE (OP) Kangra||Sr. Xen Bajinath,635854.0,654929.0,3.0
2024_HPSEB_85902_1,BED-44/2023-24,HPSEBL||CE (OP) North||SE (OP) Kangra||Sr. Xen Bajinath,215498.0,202568.0,-6.0
2024_HPSEB_85892_2,Providing SOP on 11KV to proposed NDRF site near 33 11KV SubStation Slapper by providing additional 630KVA 11 0.4KV Distribution Transformer alongwith 11KV HT line from 33/11KV Sub-Station Slapper under Electrical Sub-DivisionHPSEBL Slapper,HPSEBL||CE(OP) CZ Mandi||SE(OP) Bilaspur,1733177.0,1559686.0,-10.01
2024_HPSEB_85891_1,BED-43/2023-24,HPSEBL||CE (OP) North||SE (OP) Kangra||Sr. Xen Bajinath,933450.0,968920.0,3.8
2024_HPSEB_85849_1,BED-42/2023-24,HPSEBL||CE (OP) North||SE (OP) Kangra||Sr. Xen Bajinath,770119.0,793222.0,3.0
2024_HPSEB_85839_1,BED-41/2023-24,HPSEBL||CE (OP) North||SE (OP) Kangra||Sr. Xen Bajinath,605478.0,626669.0,3.5
2024_HPSEB_85776_1,SED-61/2023-24,HPSEBL||CE (OP) North||SE (OP) Kangra,1890173.0,1983491.0,4.937
2024_HPSEB_85775_1,providing LT extension to leftout houses from various substation in Electrical section jawalda,HPSEBL||CE(OP) South||SE(OP) Rampur||Sr.Xen (E) Rampur,262947.0,178678.0,-32.048
2024_HPSEB_85771_1,SED-63/2023-24,HPSEBL||CE (OP) North||SE (OP) Kangra,2182330.0,2262994.0,3.696
2024_HPSEB_85769_1,SED-62/2023-24,HPSEBL||CE (OP) North||SE (OP) Kangra,1215017.0,1274067.0,4.86
2024_HPSEB_85766_1,SED-60/2023-24,HPSEBL||CE (OP) North||SE (OP) Kangra,1272512.0,1313233.0,3.2
2024_HPSEB_85762_1,SED-59/2023-24,HPSEBL||CE (OP) North||SE (OP) Kangra,1690532.0,1764002.0,4.346
2024_HPSEB_85739_1,AED-58/2023-24,HPSEBL||CE(OP) South||SE(OP) Rampur||Sr.Xen (E) Anni,453058.0,390083.0,-13.9
2024_HPSEB_85728_1,Estimate for various work in ES Jhaniyari UESD No. 1 Hamirpur,HPSEBL||CE(ES) Hamirpur||SE(Design) Hamirpur,952139.0,895010.0,-6.0
2024_HPSEB_85726_1,Estimate for various Work Under ESD Sujanpur ED Hamirpur,HPSEBL||CE(ES) Hamirpur||SE(Design) Hamirpur,737472.0,757384.0,2.7
2024_HPSEB_85719_1,Estimate for providing New 25 KVA S/Stn a/w LT line in village Jangal (E) section JANGAL BERI UESD Sujanpur,HPSEBL||CE(ES) Hamirpur||SE(Design) Hamirpur,201846.0,207295.0,2.7
2024_HPSEB_85691_1,AED-57/2023-24,HPSEBL||CE(OP) South||SE(OP) Rampur||Sr.Xen (E) Anni,156717.0,139478.0,-11.0
2024_HPSEB_85690_1,"Providing SOP to BSNL by providing LT extension from existing 63KVA,11/0.4KV DTR Khopri in (E) Section Bhutti under ESD No. II, HPSEBL, Kullu.",HPSEBL||CE(OP) CZ Mandi||SE(OP) Kullu||Sr. Xen (E) Kullu,104105.0,108265.0,3.996
2024_HPSEB_85687_1,"Providing SOP to M/S Reliance Industries Ltd. by augmentation of 25KVA, 11/0.4KV to 63KVA, 11/0.4KV DTR Shilla in (E) Section Barshaini under ESD, HPSEBL, Jari.",HPSEBL||CE(OP) CZ Mandi||SE(OP) Kullu||Sr. Xen (E) Kullu,172897.0,179812.0,3.999
2024_HPSEB_85685_1,"Providing LT extension to newly constructed houses from 63KVA, 11/0.4KV DTR Dughilag in (E) Section Bharai under ESD No.-II, HPSEBL, Kullu.",HPSEBL||CE(OP) CZ Mandi||SE(OP) Kullu||Sr. Xen (E) Kullu,97381.0,100303.0,3.001
2024_HPSEB_85683_1,"Providing Additional Circuit from 250 KVA, 11/0.4KV DTR Naraini in (E) section Mohal under ESD, HPSEBL, Bhuntar.",HPSEBL||CE(OP) CZ Mandi||SE(OP) Kullu||Sr. Xen (E) Kullu,63416.0,65318.0,2.999
2024_HPSEB_85679_1,Est for resagging of existing conductor from rotten wooden poles to S T poles from various existing SStns in E Sec Padwahan Kunnu under ESD HPSEBL Padhar Renewal replacement of LT rotten wooden pole with S T pole in E Sec Banander Under ESD LadBharol,HPSEBL||CE(OP) CZ Mandi||SE(OP) Mandi||Sr. Xen (E) J/ Nager,484664.0,484615.0,-0.01
2024_HPSEB_85678_1,"Prov. SOP to BSNL 4G sites at Village Paicha, Thage Ra Seran, Talogi, Larikot and Grahan of 1ph. LT Line from various Sub/stn in(E) Section Kharahal under ESD No. II, HPSEBL, Kullu",HPSEBL||CE(OP) CZ Mandi||SE(OP) Kullu||Sr. Xen (E) Kullu,220141.0,226745.0,3.0
2024_HPSEB_85675_1,"Prov. SOP to BSNL by providing LT extension from existing 63KVA,11/0.4KV DTR Gadgi, 25KVA,11/0.4KV DTR Rashol and 63KVA,11/0.4KV DTR Grahan in (E) Section Manikaran under ESD, HPSEBL,Jari.",HPSEBL||CE(OP) CZ Mandi||SE(OP) Kullu||Sr. Xen (E) Kullu,415482.0,432098.0,3.999
2024_HPSEB_85674_1,"Providing 63KVA, 11/0.4KV DTR at Village Jaa-II alongwith associated HT line and re-organisation of LD system from proposed 63KVA, 11/0.4KV DTR at Village Jaa-II in (E) section Jari under ESD, HPSEBL, Jari.",HPSEBL||CE(OP) CZ Mandi||SE(OP) Kullu||Sr. Xen (E) Kullu,558835.0,575600.0,3.0
2024_HPSEB_85673_1,"Interlinking of 33KV Bajaura-Kullu feeder with 33/11KV, 2x3.15 MVA S/stn Sarabai in (E) Section Bajaura under ESD, HPSEBL, Bhuntar.",HPSEBL||CE(OP) CZ Mandi||SE(OP) Kullu||Sr. Xen (E) Kullu,259605.0,267392.0,3.0
2024_HPSEB_85672_1,"Shifting of 11KV HT line near Govt. Girls Senior Secondary School Sultanpur in (E) Section Sarwari under ESD No. I, HPSEBL, Kullu",HPSEBL||CE(OP) CZ Mandi||SE(OP) Kullu||Sr. Xen (E) Kullu,451413.0,464957.0,3.0
2024_HPSEB_85668_1,Tender for providing SOP to LWSS to Group of villages in GP Labana Sadana in Electrical Section Jeori-I under Electrical Sub-Division Sarhan.,HPSEBL||CE(OP) South||SE(OP) Rampur,3133168.0,2976510.0,-5.0
2024_HPSEB_85667_1,"Providing 63KVA, 11/0.4KV DTR at Diet-II alongwith associated HT line and re-organisation of LD system from proposed 63KVA, 11/0.4KV DTR at Diet-II in (E) section Bagicha under ESD, HPSEBL, Bhuntar",HPSEBL||CE(OP) CZ Mandi||SE(OP) Kullu||Sr. Xen (E) Kullu,426498.0,439290.0,2.999
2024_HPSEB_85665_1,"Tender for providing SOP to Milk Plant at Duttnagar,C/O 22/0.4 kV, 400 kVA transformer alongwith HT in (E) section Nirath under ESD Tacklech",HPSEBL||CE(OP) South||SE(OP) Rampur,1327118.0,1393474.0,5.0
2024_HPSEB_85591_1,15/2023-24,"HPSEBL||CE(Gen) Sundernagar||SE(Gen) Palampur||RE Binwa, Baijnath",299743.0,297891.0,-0.618
2024_HPSEB_85486_1,AED-55/2023-24,HPSEBL||CE(OP) South||SE(OP) Rampur||Sr.Xen (E) Anni,76585.0,68161.0,-11.0
2024_HPSEB_85459_2,Deposit estimate for providing SOP to BSNL Towers in E Section Tikken and Local Barot under ESD HPSEBL Barot,HPSEBL||CE(OP) CZ Mandi||SE(OP) Mandi||Sr. Xen (E) J/ Nager,109816.0,114758.0,4.5
2024_HPSEB_85446_2,Deposit estimate for providing SOP to BSNL Towers under ESD Makriri and ESD Padhar under ED Joginder Nagar,HPSEBL||CE(OP) CZ Mandi||SE(OP) Mandi||Sr. Xen (E) J/ Nager,127347.0,133078.0,4.5
2024_HPSEB_85407_1,Tender for Aug. of 100kVA to 250kVA S/Stn 11/0.4 kV S/Stn kog Bandla in Elect Section Changer under ESD No.II Bilaspur,HPSEBL||CE(OP) CZ Mandi||SE(OP) Bilaspur||Sr. Xen (E) Bilaspur,288844.0,288728.0,-0.04
2024_HPSEB_85368_1,CEON-DEP-32/2023-24,HPSEBL||CE (OP) North,21187373.0,24416329.0,15.24
2024_HPSEB_85363_1,E70-2023-24,HPSEBL||CE(OP) South||SE(OP) Solan,176224.0,162919.0,-7.55
2024_HPSEB_85259_1,OCU-30/2023-24,HPSEBL||CE (OP) North||SE (OP) Una,1841210.0,1922315.0,4.405
2024_HPSEB_85239_1,"Construction of 250KVA, 11/0.4KV S/Stn a/w 11KV HT line by prov. SOP to EV Charging Station at M/S Kashmir Filling Station Salouni on Partial turnkey basis under ESD Barsar. ED Barsar",HPSEBL||CE(OP) CZ Mandi||SE(OP) Hamirpur||Sr. Xen (E) Barsar,903670.0,944286.0,4.495
2024_HPSEB_85233_1,HPSEBL/ESDU/19/2023-24,HPSEBL||CE(ES) Hamirpur||SE(ES) Hamirpur||Sr. Xen (ES) Una (Rakkar),346070.0,288968.0,-16.5
2024_HPSEB_85194_1,"tender for Providing 1 No 22 KV bay at 66/22, 20MVA SubStation Kumarsainunder Electrical Division HPSEBL Kotla.",HPSEBL||CE(ES) Hamirpur||SE(ES) Shimla||Sr. Xen (ES) Kotla,835422.0,803698.0,-3.797
2024_HPSEB_85156_1,SED-33/2023-24,HPSEBL||CE (OP) North||SE (OP) Kangra||Sr. Xen Shahpur,684704.0,683120.0,-0.231
2024_HPSEB_85132_1,OCN/DB-27/NIT-No-30/2023-24,HPSEBL||CE(OP) South||SE(OP) Nahan,3188867.0,3036581.0,-4.776
2024_HPSEB_85131_1,OCN/DB-27/NIT-No-29/2023-24,HPSEBL||CE(OP) South||SE(OP) Nahan,1483821.0,1333955.0,-10.1
2024_HPSEB_85058_1,"Providing SOP to LWSS at village Teukari by augmentation of existing 25 KVA S/Stn. to 63 KVA S/Stn. and providing 3-phase LT Extension 65 KVA S/Stn. Teukari in Electrical Section Kunihar under Electrical Sub-Division, HPSEBL,Kunihar.",HPSEBL||CE(OP) South||SE(OP) Solan||Sr. Xen(E) Arki,210355.0,210354.0,-0.0
2024_HPSEB_85055_1,tender for construction of 63 kvA transformer Raidhar,HPSEBL||CE(OP) South||SE(OP) Rampur||Sr.Xen (E) Rampur,465400.0,460746.0,-1.0
2024_HPSEB_85043_1,HPSEBL/EDHMR/E/2023-24/126,HPSEBL||CE(ES) Hamirpur||SE(Design) Hamirpur,655023.0,677949.0,3.5
2024_HPSEB_85034_1,HPSEBL/EDHMR/E/2023-24/113,HPSEBL||CE(ES) Hamirpur||SE(Design) Hamirpur,492628.0,497554.0,1.0
2024_HPSEB_84914_1,E68-2023-24,HPSEBL||CE(OP) South||SE(OP) Solan,96573.0,91744.0,-5.0
2024_HPSEB_84910_1,E67-2023-24,HPSEBL||CE(OP) South||SE(OP) Solan,62974.0,59825.0,-5.0
2024_HPSEB_84899_1,E65-2023-24,HPSEBL||CE(OP) South||SE(OP) Solan,68088.0,64683.0,-5.001
2024_HPSEB_84885_1,Replacement of the defective SK06 Kit Engineering cum Diagnostic Tool for 2x11.25 MW Ganvi Power House Stage-I.,HPSEBL||CE(Gen) Sundernagar||SE(Gen) Bhaba Nagar,2112200.0,2069956.0,-2.0
2024_HPSEB_84853_2,KED/DB-Tender/2023-24-22,HPSEBL||CE(OP) South||SE(OP) Rampur||Sr.Xen (E) Rampur,328414.0,344506.0,4.9
2024_HPSEB_84847_1,OCU-29/2023-24,HPSEBL||CE (OP) North||SE (OP) Una,799155.0,852539.0,6.68
2024_HPSEB_84835_1,"Tender for Supply of equipment / material, design, erection, testing and commissioning for Prov 11/.4 KV 100 KVA S/Stn a/w HT and LT line at Surarwan and Patta under ED Fatehpur.",HPSEBL||CE (OP) North||SE (OP) Dalhousie||Sr. Xen Dalhousie,1313918.0,1097122.0,-16.5
2024_HPSEB_84834_2,KED/DB-Tender/2023-24-21,HPSEBL||CE(OP) South||SE(OP) Rampur||Sr.Xen (E) Rampur,69358.0,72629.0,4.716
2024_HPSEB_84833_1,"Tender for replacement of damaged GO switches with new 11kV isolators at 132/33/11kV Sub-Station, Dehan under Electrical System Division, HPSEBL, Hamirpur.",HPSEBL||CE(ES) Hamirpur||SE(ES) Hamirpur,390685.0,339896.0,-13.0
2024_HPSEB_84820_1,Tender for prov LT Extension to LOH from various DTR Under ESD No Khundian,HPSEBL||CE(OP) CZ Mandi||SE(OP) Hamirpur||Sr. Xen (E) Jawalamukhi,583635.0,557371.0,-4.5
2024_HPSEB_84743_1,Special Repair Estimate for restoration of 100 KVA transformer with its structure washed in flood due to heavy rainfall in ES Langna UESD Makriri,HPSEBL||CE(OP) CZ Mandi||SE(OP) Mandi||Sr. Xen (E) J/ Nager,158276.0,142132.0,-10.2
2024_HPSEB_84741_1,Tender for prov LT Extension to Left Out Houses from various DTRs Under ESD No-II Jawalamukhi,HPSEBL||CE(OP) CZ Mandi||SE(OP) Hamirpur||Sr. Xen (E) Jawalamukhi,485859.0,475699.0,-2.091
2024_HPSEB_84728_1,"Const. of various 25 and 63KVA, 11/0.4KV Sub-Stations a/w 11 KV HT and 3 Phase LT line to provide SOP to Village Patta and Chakmoh on Partial turnkey basis under ESD HPSEBL Bijhar. ED Barsar",HPSEBL||CE(OP) CZ Mandi||SE(OP) Hamirpur||Sr. Xen (E) Barsar,524584.0,472126.0,-10.0
2024_HPSEB_84727_1,Special Repair Estimate for restoration of 11 KV HT Line and LT Line damaged due to heavy rainfall Landsliding in ES Langna UESD Makriri,HPSEBL||CE(OP) CZ Mandi||SE(OP) Mandi||Sr. Xen (E) J/ Nager,144940.0,130156.0,-10.2
2024_HPSEB_84715_1,KED/DB-Tender/2023-24-20,HPSEBL||CE(OP) South||SE(OP) Rampur||Sr.Xen (E) Rampur,643988.0,608504.0,-5.51
2024_HPSEB_84689_1,"Const. of 63KVA, 11/0.4KV S/Stn a/w 11 KV HT and 3 Phase LT line to provide SOP to Village Jindri on Partial turnkey basis under ESD HPSEBL Bhota. ED Barsar",HPSEBL||CE(OP) CZ Mandi||SE(OP) Hamirpur||Sr. Xen (E) Barsar,297353.0,286945.0,-3.5
2024_HPSEB_84666_1,"Const. of 63KVA, 11 /0.4KV Sub-Station aw 11 KV HT and 3 Phase LT line to provide SOP to Village Sulagwan on Partial turnkey basis under ESD HPSEBL Bhareri ED Barsar",HPSEBL||CE(OP) CZ Mandi||SE(OP) Hamirpur||Sr. Xen (E) Barsar,475067.0,459864.0,-3.2
2024_HPSEB_84605_1,SEOP 56/2023-24,HPSEBL||CE (OP) North||SE (OP) Kangra,1643497.0,1715975.0,4.41
2024_HPSEB_84600_1,"E Tender for Fabrication, Prov. and fixing of fusing arrangement unit at Various DTRs under ESD Bijhar and Bhota. ED Barsar",HPSEBL||CE(OP) CZ Mandi||SE(OP) Hamirpur||Sr. Xen (E) Barsar,274468.0,282428.0,2.9
2024_HPSEB_84598_1,"E Tender for Fabrication, Prov. and fixing of fusing arrangement unit at Various DTRs under ESD Barsar. ED Barsar",HPSEBL||CE(OP) CZ Mandi||SE(OP) Hamirpur||Sr. Xen (E) Barsar,149860.0,154206.0,2.9
2024_HPSEB_84563_1,GED-160/2023-24,HPSEBL||CE (OP) North||SE (OP) Una||Sr. Xen Gagret,423169.0,443904.0,4.9
2024_HPSEB_84501_1,SEOP 54/2023-24,HPSEBL||CE (OP) North||SE (OP) Kangra,1196212.0,1238286.0,3.517
2024_HPSEB_84495_1,SEOP 53/2023-24,HPSEBL||CE (OP) North||SE (OP) Kangra,822189.0,853319.0,3.786
2024_HPSEB_84489_1,SEOP 55/2023-24,HPSEBL||CE (OP) North||SE (OP) Kangra,5962585.0,6251234.0,4.841
2024_HPSEB_84486_1,SEOP 52/2023-24,HPSEBL||CE (OP) North||SE (OP) Kangra,557986.0,578157.0,3.615
2024_HPSEB_84480_1,SEOP 51/2023-24,HPSEBL||CE (OP) North||SE (OP) Kangra,1477186.0,1520043.0,2.901
2024_HPSEB_84468_1,PED 115/2023-24,HPSEBL||CE(OP) South||SE(OP) Nahan||Sr. Xen(E) Paonta,296855.0,199338.0,-32.85
2024_HPSEB_84467_1,PED 114/2023-24,HPSEBL||CE(OP) South||SE(OP) Nahan||Sr. Xen(E) Paonta,25185.0,178341.0,608.124
2024_HPSEB_84466_1,GED-158/2023-24,HPSEBL||CE (OP) North||SE (OP) Una||Sr. Xen Gagret,941220.0,987810.0,4.95
2024_HPSEB_84465_1,PED 113/2023-24,HPSEBL||CE(OP) South||SE(OP) Nahan||Sr. Xen(E) Paonta,89799.0,57472.0,-35.999
2024_HPSEB_84459_1,PED 111/2023-24,HPSEBL||CE(OP) South||SE(OP) Nahan||Sr. Xen(E) Paonta,150270.0,97675.0,-35.0
2024_HPSEB_84457_1,PED 110/2023-24,HPSEBL||CE(OP) South||SE(OP) Nahan||Sr. Xen(E) Paonta,452526.0,275996.0,-39.01
2024_HPSEB_84411_1,tender for construction of 22 kv HT line and 63 kvA transformer,HPSEBL||CE(OP) South||SE(OP) Rampur||Sr.Xen (E) Rampur,670604.0,650485.0,-3.0
2024_HPSEB_84356_1,Tender for providing sop to three phase LT line,HPSEBL||CE(OP) South||SE(OP) Rampur||Sr.Xen (E) Rampur,465751.0,363285.0,-22.0
2024_HPSEB_84349_1,Estimate for providing LT extension to leftout houses from various existing Sub Stations in E Section Padhar Urla under ESD HPSEB Padhar,HPSEBL||CE(OP) CZ Mandi||SE(OP) Mandi||Sr. Xen (E) J/ Nager,395943.0,395943.0,0.0
2024_HPSEB_84348_1,Tender for Prov 11KV HT line to proposed 11 04 Kv 63 DTR in village Jajwar under E Section balardu ESD N,HPSEBL||CE(OP) CZ Mandi||SE(OP) Hamirpur||Sr. Xen (E) Jawalamukhi,339424.0,351304.0,3.5
2024_HPSEB_84343_1,Estimate for replacement of 3 nos damaged PCC poles of 11 KV Bhararu Machyal Feeder in E Section Bhararu under ESD NO II HPSEBL Joginder Nagar,HPSEBL||CE(OP) CZ Mandi||SE(OP) Mandi||Sr. Xen (E) J/ Nager,69744.0,69395.0,-0.5
2024_HPSEB_84337_1,Est for prov LT extension to leftout houses from 63KVA 11 04KV SStn Hargunain in E Sec Harabag under ESD NO I JoginderNagar LT extension to leftout houses from 25 KVA 11 04KV SStn Dhurli in E Sec Langna under ESD HPSEBL Makriri Under ED HPSEBL Jnagar,HPSEBL||CE(OP) CZ Mandi||SE(OP) Mandi||Sr. Xen (E) J/ Nager,161985.0,160851.0,-0.7
2024_HPSEB_84322_1,PED 108/2023-24,HPSEBL||CE(OP) South||SE(OP) Nahan||Sr. Xen(E) Paonta,166357.0,130923.0,-21.3
2024_HPSEB_84319_1,PED 107/2023-24,HPSEBL||CE(OP) South||SE(OP) Nahan||Sr. Xen(E) Paonta,239847.0,203870.0,-15.0
2024_HPSEB_84303_1,Tender for Repairing and Refurbishment of Machine No. II of 3x100 KW MHEP Killar Power House under Electrical Division Killar.,HPSEBL||CE (OP) North||SE (OP) Dalhousie,681542.0,696770.0,2.234
2024_HPSEB_84299_1,Tender for Repair and re-conditioning of MIV and providing and fixing of Non driven and single Row Redial Ball bearing of Machine No. I at 2x450 kW MHEP Sach Power House ESD Sach under ED Killar.,HPSEBL||CE (OP) North||SE (OP) Dalhousie,572000.0,580437.0,1.475
2024_HPSEB_84291_1,Tender for providing 63 kva Subtation Lower Mahar at Jamuli,HPSEBL||CE(OP) CZ Mandi||SE(OP) Hamirpur||Sr. Xen (E) Jawalamukhi,763547.0,782635.0,2.5
2024_HPSEB_84282_1,OCU-28/2023-24,HPSEBL||CE (OP) North||SE (OP) Una,2135906.0,2220338.0,3.953
2024_HPSEB_84270_1,PED 102/2023-24,HPSEBL||CE(OP) South||SE(OP) Nahan||Sr. Xen(E) Paonta,204456.0,153751.0,-24.8
2024_HPSEB_84268_1,PED 101/2023-24,HPSEBL||CE(OP) South||SE(OP) Nahan||Sr. Xen(E) Paonta,187168.0,127932.0,-31.649
2024_HPSEB_84259_1,PED 99/2023-24,HPSEBL||CE(OP) South||SE(OP) Nahan||Sr. Xen(E) Paonta,124564.0,92173.0,-26.004
2024_HPSEB_84256_1,PED 97/2023-24,HPSEBL||CE(OP) South||SE(OP) Nahan||Sr. Xen(E) Paonta,175810.0,104168.0,-40.75
2024_HPSEB_84255_1,PED 96/2023-24,HPSEBL||CE(OP) South||SE(OP) Nahan||Sr. Xen(E) Paonta,134030.0,99865.0,-25.491
2024_HPSEB_84253_1,PED 95/2023-24,HPSEBL||CE(OP) South||SE(OP) Nahan||Sr. Xen(E) Paonta,105046.0,69274.0,-34.054
2024_HPSEB_84158_1,Estimate for providing LT extension to leftout houses from various existing Sstns in E Section Local under ESD No I Joginder Nagar Augmentation of existing 100 KVA11 04KV Transformer into 250 KVA11 04KV Transformer Talkehar under ESD HPSEBL Chauntra,HPSEBL||CE(OP) CZ Mandi||SE(OP) Mandi||Sr. Xen (E) J/ Nager,290547.0,249870.0,-14.0
2024_HPSEB_84066_1,DED-68/2023-24,HPSEBL||CE (OP) North||SE (OP) Kangra||Sr. Xen Dharamshala,613087.0,627718.0,2.386
2024_HPSEB_84051_1,CEON-KGR-29/2023-24,HPSEBL||CE (OP) North,2992952.0,2844800.0,-4.95
2024_HPSEB_84040_1,OCU-27/2023-27,HPSEBL||CE (OP) North||SE (OP) Una,718257.0,750041.0,4.425
2024_HPSEB_84038_1,"R/R of damaged/Defective Lightening arrestor and Spring Charge Motors from 33/11KV,1x1.6MVA and 1x2.5MVA S/Stn. Barshaini under ESD, HPSEBL, Jari",HPSEBL||CE(OP) CZ Mandi||SE(OP) Kullu||Sr. Xen (E) Kullu,81420.0,81420.0,0.0
2024_HPSEB_84036_1,"Providing SOP to BSNL by providing LT extension from existing 25KVA,11/0.4KV DTR Kangti and 25KVA, 11/0.4KV DTR Machhing in (E) Section Babeli under ESD No. II, HPSEBL, Kullu.",HPSEBL||CE(OP) CZ Mandi||SE(OP) Kullu||Sr. Xen (E) Kullu,196792.0,202695.0,3.0
2024_HPSEB_84021_1,"Providing SOP to BSNL by providing LT extension from existing 25KVA, 11/0.4KV DTR Soyal in (E) Section Seobag under ESD No. II, HPSEBL, Kullu.",HPSEBL||CE(OP) CZ Mandi||SE(OP) Kullu||Sr. Xen (E) Kullu,98203.0,101150.0,3.001
2024_HPSEB_84019_1,"Providing SOP to BSNL by providing LT extension from existing 25KVA,11/0.4KV DTR Buai in (E) Section Bharai under ESD No. II, HPSEBL, Kullu",HPSEBL||CE(OP) CZ Mandi||SE(OP) Kullu||Sr. Xen (E) Kullu,95010.0,95958.0,0.998
2024_HPSEB_83981_1,sop to kamaksha Electrical power project Ltd,HPSEBL||CE(OP) South||SE(OP) Rampur||Sr.Xen (E) Rampur,720110.0,622895.0,-13.5
2024_HPSEB_83905_1,HPSEBL/ESDU-18-2023-24,HPSEBL||CE(ES) Hamirpur||SE(ES) Hamirpur||Sr. Xen (ES) Una (Rakkar),73020.0,58378.0,-20.052
2024_HPSEB_83899_1,13/2023-24,"HPSEBL||CE(Gen) Sundernagar||SE(Gen) Palampur||RE Binwa, Baijnath",86063.0,62802.0,-27.028
2024_HPSEB_83842_1,ESDS-09/2023-24,HPSEBL||CE(ES) Hamirpur||SE(ES) Shimla||Sr. Xen (ES) Shimla,382438.0,260058.0,-32.0
2024_HPSEB_83749_1,BID NO-UED/184/2023-24,HPSEBL||CE (OP) North||SE (OP) Una||Sr. Xen Una,300888.0,281734.0,-6.366
2024_HPSEB_83704_1,PED 90/2023-24,HPSEBL||CE (OP) North||SE (OP) Kangra||Sr. Xen Palampur,714401.0,727885.0,1.887
2024_HPSEB_83701_1,PED 89/2023-24,HPSEBL||CE (OP) North||SE (OP) Kangra||Sr. Xen Palampur,117677.0,119995.0,1.97
2024_HPSEB_83691_1,OCN/DB-27/NIT-No-27/2023-24,HPSEBL||CE(OP) South||SE(OP) Nahan,1556855.0,1323326.0,-15.0
2024_HPSEB_83684_1,28-2023-24,HPSEBL||CE(OP) South||SE(OP) Solan,1574391.0,1336658.0,-15.1
2024_HPSEB_83678_1,BED-40/2023-24,HPSEBL||CE (OP) North||SE (OP) Kangra||Sr. Xen Bajinath,803432.0,777722.0,-3.2
2024_HPSEB_83677_1,Tender for providing New 63 KVA 11/0.4 KV S/Stn Patta Nodwan along with HT and Re-org. LD system in E Section Namhol under Elect. Sub- Division HPSEBL Namhol.,HPSEBL||CE(OP) CZ Mandi||SE(OP) Bilaspur||Sr. Xen (E) Bilaspur,729372.0,729298.0,-0.01
2024_HPSEB_83676_1,BED-37/2023-24,HPSEBL||CE (OP) North||SE (OP) Kangra||Sr. Xen Bajinath,114613.0,112893.0,-1.501
2024_HPSEB_83675_1,BED-36/2023-24,HPSEBL||CE (OP) North||SE (OP) Kangra||Sr. Xen Bajinath,78134.0,75790.0,-3.0
2024_HPSEB_83674_1,"Tender for providing 100KVA ,11/0.4KV S/Stn Changer Plasin along with Re-organisation of LT line in E Section Jabli under ESD No-1 Bilaspur.",HPSEBL||CE(OP) CZ Mandi||SE(OP) Bilaspur||Sr. Xen (E) Bilaspur,456391.0,455251.0,-0.25
2024_HPSEB_83663_1,OCU-26/2023-24,HPSEBL||CE (OP) North||SE (OP) Una,529961.0,550911.0,3.953
2024_HPSEB_83657_2,89/2023-24,HPSEBL||CE(OP) CZ Mandi||SE(OP) Mandi||Sr. Xen (E) S/Ghat,499314.0,444439.0,-10.99
2024_HPSEB_83625_1,GED-162/2023-24,HPSEBL||CE (OP) North||SE (OP) Una||Sr. Xen Gagret,628150.0,657673.0,4.7
2024_HPSEB_83595_1,Providing renewal replacement erection testing commissioning of 11 kV Lightning Arrestor Surge Arrestor of various Sub Stations under Electrical Division HPSEB Jogindernagar,HPSEBL||CE(OP) CZ Mandi||SE(OP) Mandi||Sr. Xen (E) J/ Nager,314895.0,299150.0,-5.0
2024_HPSEB_83590_1,"Re Earthing of various Sub-Stations in E Sub Division, HPSEBL Ladbharol Padhar Chauntra ES Sainthal under Electrical Division HPSEBL Jogindernagar",HPSEBL||CE(OP) CZ Mandi||SE(OP) Mandi||Sr. Xen (E) J/ Nager,837366.0,710924.0,-15.1
2024_HPSEB_83588_1,Estimate for providing minor LT extension to leftout houses from various existing Sub Stations in E Section Sudhar under ESD HPSEBL Barot,HPSEBL||CE(OP) CZ Mandi||SE(OP) Mandi||Sr. Xen (E) J/ Nager,131925.0,131265.0,-0.5
2024_HPSEB_83586_1,Estimate for providing LT extension to leftout houses from various existing Sub Stations in E Section Padwahan under ESD HPSEBL Padhar,HPSEBL||CE(OP) CZ Mandi||SE(OP) Mandi||Sr. Xen (E) J/ Nager,197785.0,197785.0,0.0
2024_HPSEB_83584_1,Estimate for providing LT extension to leftout houses from various existing s stns in E Section Machiyal under ESD II Joginder Nagar Augmentation of existing 100 KVA11 04KV Transformer into 250 KVA11 04 KV Transformer Saloti under ESD HPSEBL Padhar,HPSEBL||CE(OP) CZ Mandi||SE(OP) Mandi||Sr. Xen (E) J/ Nager,42.0,398086.0,947723.81
2024_HPSEB_83578_1,PROVIDING ERECTION TESTING OF 01 IN NO. 33KV VCB,HPSEBL||CE(ES) Hamirpur||SE(ES) Hamirpur||Sr. Xen (ES) Una (Rakkar),299130.0,263234.0,-12.0
2024_HPSEB_83531_2,88/2023-24,HPSEBL||CE(OP) CZ Mandi||SE(OP) Mandi||Sr. Xen (E) S/Ghat,304069.0,294947.0,-3.0
2024_HPSEB_83519_1,CEON-DEP-26/2023-24,HPSEBL||CE (OP) North,28459571.0,35335403.0,24.16
2024_HPSEB_83500_1,Tender for prov SOP to LWSS to Palgi Dhalln Mahun Rote Bhalan Dhara Talara Ronal Kashadi Dari Kothi Khardad Seri Tandi Sarachi Leda Tilro in ES Garsa UESD Nagwain HPSEBL Thalout by prov 400 KVA Stn at stage II Pump House at Khodage ES Garsa,HPSEBL||CE(OP) CZ Mandi||SE(OP) Kullu,2427661.0,2524766.0,4.0
2024_HPSEB_83490_1,Tender for providing SOP for PLWSS FHTC to the balance household of various village of GP Kotadhar Pali Farsh Kathiyari Bhandi Kotaliyas Bhatwari Aut Nau and Kigas Near Tikar Jaan StageII under ESD Nagwain,HPSEBL||CE(OP) CZ Mandi||SE(OP) Kullu,1512841.0,1573353.0,4.0
2024_HPSEB_83485_1,Tender for prov SOP to LWSS CV Barahar Kharihar Bhulang by aug of 63 into 250 KVA at Jhiri for Ist stage and re conductoring strengthening of existing 11 KV HT line from tapping point Pirdi to Kolibehr II in ES Kolibehar UESD HPSEBL Kullu 1,HPSEBL||CE(OP) CZ Mandi||SE(OP) Kullu,1790216.0,1861824.0,4.0
2024_HPSEB_83480_1,BID NO-UED/180/2023-24,HPSEBL||CE (OP) North||SE (OP) Una||Sr. Xen Una,899719.0,867673.0,-3.562
2024_HPSEB_83471_1,GED-159/2023-24,HPSEBL||CE (OP) North||SE (OP) Una||Sr. Xen Gagret,447927.0,470279.0,4.99
2024_HPSEB_83452_1,CEON-O and M-27/2023-24,HPSEBL||CE (OP) North,12433699.0,11911860.0,-4.197
2024_HPSEB_83425_1,poviding forset up of BSNL 4G BTS tower,HPSEBL||CE(OP) South||SE(OP) Rampur||Sr.Xen (E) Rampur,144037.0,131793.0,-8.501
2024_HPSEB_83403_1,PED 94/2023-24,HPSEBL||CE(OP) South||SE(OP) Nahan||Sr. Xen(E) Paonta,411745.0,264546.0,-35.75
2024_HPSEB_83402_1,PED 93/2023-24,HPSEBL||CE(OP) South||SE(OP) Nahan||Sr. Xen(E) Paonta,286525.0,234950.0,-18.0
2024_HPSEB_83400_1,PED 92/2023-24,HPSEBL||CE(OP) South||SE(OP) Nahan||Sr. Xen(E) Paonta,395969.0,220871.0,-44.22
2024_HPSEB_83398_1,PED 91/2023-24,HPSEBL||CE(OP) South||SE(OP) Nahan||Sr. Xen(E) Paonta,138593.0,104014.0,-24.95
2024_HPSEB_83396_1,PED 90/2023-24,HPSEBL||CE(OP) South||SE(OP) Nahan||Sr. Xen(E) Paonta,271163.0,190152.0,-29.875
2024_HIMUD_89822_1,Construction of Sub Jail Complex Kullu H.P.,"Himachal Urban Development Authority||Supdt. Engineer (N),HIMUDA||Executive Engineer Electrical Dn,Dharamsala,HIMUDA",596086.0,423221.0,-29.0
2024_HIMUD_89820_1,Construction of Civil Hospital Bharmour Distt. Chamba,"Himachal Urban Development Authority||Supdt. Engineer (N),HIMUDA||Executive Engineer Electrical Dn,Dharamsala,HIMUDA",970681.0,689184.0,-29.0
2024_HIMUD_89364_1,Construction of Atal Shiksha Kunj at kalujhandha Baddi Distt Solan HP,"Himachal Urban Development Authority||Supdt. Engineer (S),HIMUDA||Executive Engineer,Shimla Division-I,HIMUDA",518349.0,409494.0,-21.0
2024_HIMUD_88864_1,Construction of 4 Nos. Type-III Qtrs. for Animal Husbandry Department at Hamirpur H.P.,"Himachal Urban Development Authority||Supdt. Engineer (S),HIMUDA||Executive Engineer Electrical Dn,Shimla,HIMUDA||Assistant Engineer,EEE Dn Shimla,HIMUDA",1076512.0,737411.0,-31.5
2024_HIMUD_88069_1,Construction of Jogindra Central Co operative Bank Limited at Patti Kaither Distt Solan HP,"Himachal Urban Development Authority||Supdt. Engineer (S),HIMUDA||Executive Engineer,Shimla Division-I,HIMUDA",2564774.0,2423711.0,-5.5
2024_HIMUD_87072_2,Housing Colony at Solan Saproon Phase I District Solan HP,"Himachal Urban Development Authority||Supdt. Engineer (S),HIMUDA||Executive Engineer,Shimla Division-I,HIMUDA",634587.0,470863.0,-25.8
2024_HIMUD_87072_1,Housing Colony at Solan Saproon Phase I District Solan HP,"Himachal Urban Development Authority||Supdt. Engineer (S),HIMUDA||Executive Engineer,Shimla Division-I,HIMUDA",634587.0,470863.0,-25.8
2024_HIMUD_86823_1,Construction of Sub-Jail Complex Kullu HP,"Himachal Urban Development Authority||Supdt. Engineer (N),HIMUDA||Executive Engineer Electrical Dn,Dharamsala,HIMUDA",791634.0,704554.0,-11.0
2024_HIMUD_86812_1,Construction of Partially Self Financing Scheme Bilaspur H.P.,"Himachal Urban Development Authority||Supdt. Engineer (N),HIMUDA||Executive Engineer Electrical Dn,Dharamsala,HIMUDA",3552423.0,2486696.0,-30.0
2024_HIMUD_84335_1,CONSTRUCTION OF RESIDENTIAL BUILDING FOR HOUSE NO 58 STATE TAXES AND EXCISE DEPARTMENT HOUSING COLONY SOLAN PH I DISTT SOLAN H,"Himachal Urban Development Authority||Supdt. Engineer (S),HIMUDA||Executive Engineer Electrical Dn,Shimla,HIMUDA||Assistant Engineer,EEE Dn Shimla,HIMUDA",873182.0,681081.0,-22.0
2024_BSMDA_85664_6,Special repair to Bus Stand at Rohroo Distt- Shimla HP,Bus Stands Management and Development Authority||BSMDA Civil Wing ||OSD DM HRTC Shimla,1801735.0,1378325.0,-23.5
2024_BSMDA_85664_5,Special repair to Bus Stand at Rampur Distt- Shimla HP,Bus Stands Management and Development Authority||BSMDA Civil Wing ||OSD DM HRTC Shimla,981802.0,979888.0,-0.195
2024_BSMDA_85664_2,Construction of Bus Stand Building at Darlaghat Distt- Solan HP,Bus Stands Management and Development Authority||BSMDA Civil Wing ||OSD DM HRTC Shimla,2367257.0,1810165.0,-23.533
2024_BSMDA_85664_1,Construction of Bus Stand at Haroli Distt- Una HP,Bus Stands Management and Development Authority||BSMDA Civil Wing ||OSD DM HRTC Shimla,3634578.0,2831500.0,-22.095
2024_BBNDA_90935_1,"A/R and M/O to residential and non- residential buildings of BBNDA, Baddi (SH - Re-wiring in type II and type III blocks of BBNDA Colony Tehsil, Distt. Solan H.P.)",Baddi Barotiwala Nalagarh Development Authority||Director Industries to the Govt. of H.P.Shimla||CEO BBNDA at Baddi Distt.Solan (H.P.)||Executive Engineer (Project Division) BBNDA,414974.0,322642.0,-22.25
2023_YSPU_77662_1,"Construction of Common Incubation Centre Under PMFME Scheme at Dr. YSP University of Horticulture and Forestry Nauni, Solan (SH- Providing Electrical Installation)",Dr. Yashwant Singh Parmar University of Horticulture and Forestry,1430932.0,1241260.0,-13.255
2023_YSPU_75460_1,"Dismantling of Air Conditioners from different departments and Re-installation in Auditorium at main campus Nauni, Solan.",Dr. Yashwant Singh Parmar University of Horticulture and Forestry,631116.0,683640.0,8.322
2023_YSPU_69060_1,Replacement of main cable from Rajgarh and Sarahan Feeder in Vice- Chancellor Residence at Dr YSP University of Horticulture and Forestry Nauni- Solan.,Dr. Yashwant Singh Parmar University of Horticulture and Forestry,147142.0,90230.0,-38.678
2023_YSPU_68772_1,Providing High Mast lights in University Playground at Dr. YSP University of Horticulture and Forestry Nauni- Solan.,Dr. Yashwant Singh Parmar University of Horticulture and Forestry,1627902.0,1229509.0,-24.473
2023_YSPU_68673_1,"Rewiring of Type IV Houses Set No. 1 and 4 and 14 to 16 at Dr. YSP University of Horticulture and Forestry Nauni, Solan.",Dr. Yashwant Singh Parmar University of Horticulture and Forestry,673815.0,576550.0,-14.435
2023_SIDC_82042_1,"Providing E.I. works for Sub Employment Exchange at Karsog, Distt. Mandi(HP).",HP SIDC Limited,418586.0,415288.0,-0.788
2023_SIDC_82039_1,Construction of HPSIDC Division office Building at Ind. Area Sansarpur Terrace Distt. Kangra (HP) (SH- Providing E.I. thereof).,HP SIDC Limited,926623.0,731400.0,-21.068
2023_SIDC_82031_1,"Construction of Business Promotion Centre-cum-Inspection hut in BBT corridor at Gondpur, Teh. Haroli, Distt. Una (HP). (SH- Providing Elect. Installation thereof).",HP SIDC Limited,659338.0,498960.0,-24.324
2023_SIDC_81471_1,"Development of Medical Device Park at Nalagarh Distt. Solan (HP). (SH-Internal Electrical work of innovation and rapid prototyping lab, Gamma Irradiation Lab and Centre for Bio-Material and EMC Lab).",HP SIDC Limited,15357185.0,12682465.0,-17.417
2023_SIDC_81467_1,"Development of Medical Device Park at Nalagarh Distt. Solan (HP). (SH- Internal Electrical work of admin building, warehouse and Flatted factories).",HP SIDC Limited,11452479.0,9666270.0,-15.597
2023_SIDC_80551_1,Construction of 4 No. type-II residential qtrs. for Prison Department at Bangarh Distt. Una (HP). (SH- Providing and installation of 1 No. High Mast (12.5 mtr. long).,HP SIDC Limited,307605.0,261310.0,-15.05
2023_SIDC_78386_1,Construction of type-II Qtr. 6 Nos. Jail Deptt. at Kullu Distt. Kullu (HP) (SH- Providing E.I. work thereof),HP SIDC Limited,540580.0,480168.0,-11.175
2023_SIDC_78383_1,Construction of type-II Qtr. 6 Nos. Jail Deptt. at Near Chowk Mandi Distt. Mandi (HP) (SH- Providing E.I. work thereof),HP SIDC Limited,540580.0,438860.0,-18.817
2023_SIDC_78372_1,Construction of ITI Building at Dalash Distt. Kullu (HP) (SH- Providing fire fighting system).,HP SIDC Limited,771378.0,698900.0,-9.396
2023_PWD_82836_1,NA,PWD,999000.0,1038960.0,4.0
2023_PWD_82834_1,NA,PWD,1407967.0,1182692.0,-16.0
2023_PWD_82588_2,Providing Fire Fighting and Sprinkler system in OPD Block and Labs in Zonal Hospital Dharamshala Distt. Kangra (H.P),PWD,4968077.0,5213997.0,4.95
2023_PWD_82540_1,"SITC of 1 No. High mast Light in play Ground of G.S.S.S Kunihar, Tehsil Arki, District Solan H.P.",PWD,552129.0,499677.0,-9.5
2023_PWD_82167_1,Providing installation testing and commissioning of DG set 50 KVA with AMF Panel and main panel cable at HPPWD Division office at Theog District Shimla.,PWD,1369641.0,1020109.0,-25.52
2023_PWD_82162_1,Construction of Car Parking below IGMC on MRR via Lakkar Bazar road opposite to IGMC Auditorium SH Providing E I therein,PWD,2531424.0,1898568.0,-25.0
2023_PWD_81926_1,Providing wiring and electrical accessories at Khalifa Lodge Buidling at DIET Solan Distt. Solan HP.,PWD,717986.0,516949.0,-28.0
2023_PWD_81925_1,CO Sub Tehsil Office Building at PanjehraTehsil Nalagarh Distt. Solan H.P. SH Providing E.I. there in,PWD,1589454.0,1247721.0,-21.5
2023_PWD_81923_1,CO Sub Tehsil Office Building at Ramshehar Distt. Solan H.P. SH Providing E.I. there in,PWD,2416400.0,1824382.0,-24.5
2023_PWD_81271_1,"Providing Energy Efficient Infrared Heaters in the residences of council of minister other cobined rank office bearer at Chotta Shimla SH Providing infrared Heaters in NMH 1,2,6,7,8,9,9A, 11,12 misfiled lodge, Kriston Hall Benmore 54,5,6.",PWD,2134496.0,2025636.0,-5.1
2023_PWD_81269_1,CO WCD Control Room WCD-CR Functional along with Child Helpline 1098 and Women Help Line First Floor Level 59.00 in Existing Parking Complex Tutikandi at Shimla-5 SH Provid1ing 1 No. 10 KVA DG set.,PWD,740047.0,769649.0,4.0
2023_PWD_81188_2,Construction of 6 Nos. Type-II Staff Quarter for District cum open Jail Chamba in Tehsil and Distt. Chamba (HP) (SH- Providing E.I. therein),PWD,910826.0,910741.0,-0.009
2023_PWD_80722_1,Providing and installation of 1 number 20 meter high mast lighting system at RM sub yard Tapri in Tehsil Nichar District Kinnaur SH Providing balance work therein,PWD,601295.0,607187.0,0.98
2023_PWD_80312_1,Construction of Auditorium building at Fairlawn HIPA Shimla SH Providing balance work of fiber connectivity from existing server room to new Auditorium building at HIPA therein,PWD,374100.0,366618.0,-2.0
2023_PWD_80310_1,Construction of Auditorium building at Fairlawn HIPA Shimla. SH Providing balance work of audio system therein,PWD,487000.0,477260.0,-2.0
2023_PWD_80308_1,"Replacement of non functional LED panel fittings, LED batten tubes in various blocks of IGMC Shimla.",PWD,261405.0,253563.0,-3.0
2023_PWD_80300_1,Providing EI in the newly renovated employee sick room at 1st floor of Block C at IGMC Shimla,PWD,166324.0,166257.0,-0.04
2023_PWD_80261_1,Providing air conditioner computer point and wall mounting fan in HPPWD sub division fan in HPPWD sub division Sunni in District Kinnaur,PWD,131962.0,128003.0,-3.0
2023_PWD_80257_1,Providing wiring and safety devices in Type IV residential quarters 2 sets at CHC Sangla in District Kinnaur,PWD,189412.0,198769.0,4.94
2023_PWD_79982_1,P/F split type 1.5 Ton (Hot and Cold) and 2 Ton Air conditioner (Cold type) and wiring for AC in the office of the Executive Engineer (BandR) at Ground floor and First floor in Fatehpur Tehsil Fatehpur Distt. Kangra (HP),PWD,650148.0,617576.0,-5.01
2023_PWD_79980_2,Construction of Science Lab in Government Sr. Secondary School building at Kohlari in Tehsil and Distt. Chamba (H.P) (SH- Providing E.I. therein),PWD,918702.0,910434.0,-0.9
2023_PWD_79615_3,NA,PWD,970564.0,975417.0,0.5
2023_PWD_79615_2,NA,PWD,756330.0,771457.0,2.0
2023_PWD_79615_1,NA,PWD,2350884.0,2221585.0,-5.5
2023_PWD_79454_1,RO of Fire Fighting Fire Alarm System in District Court Complex at Chakkar Shimla HP for the year 2023-24 w.e.f 01.10. 2023 to 30.09.2024.,PWD,651433.0,488508.0,-25.01
2023_PWD_79451_1,Conversion of Curzon House in to Guest House at Shimla-5 SH Providing Hot cold Air Conditioner therein,PWD,873518.0,786253.0,-9.99
2023_PWD_79448_1,Development of Local Bus Stand parking and Shops under Smart City project Near Gurudwara Shimla-1 SH Providing of E.I therein,PWD,2406035.0,1732345.0,-28.0
2023_PWD_79438_1,"CO Belmount Circuit House at Kasauli, Distt. Solan H.P SH Providing E.I Inverter yard Lighting therein",PWD,2736544.0,2046934.0,-25.2
2023_PWD_79436_1,"CO Primary Health Centre Level II building at Ghanaghughat, Tehsil Arki, Distt.Solan H.P.SH Providing E.I. therein",PWD,535123.0,452178.0,-15.5
2023_PWD_79400_1,Construction of Combined office building at Theog. SH Providing MRL lift therein.,PWD,2247802.0,2323682.0,3.376
2023_PWD_79151_1,Construction of auditorium building at Fairlawn HIPA Shimla. SH Providing stage lighting therein.,PWD,3170069.0,2551906.0,-19.5
2023_PWD_79124_1,"Providing staff for running, operation and maintenance of fire alarm and fire fighting system in New OPD and Trauma Block at IGMC Shimla for one year 2023-24.",PWD,1416072.0,1118697.0,-21.0
2023_PWD_79105_1,NA,PWD,3648115.0,3790391.0,3.9
2023_PWD_79096_1,"CO of Hospital and MCH Block Building at Kather, Tehsil and District Solan H.P SH SITC Fire Fighting System therein",PWD,11027862.0,7366611.0,-33.2
2023_PWD_79083_1,CO Hospital and MCH Block at Kather Tehsil Distt. Solan HP SH Providing IP PBX system therein,PWD,2982616.0,2839748.0,-4.79
2023_PWD_79033_1,NA,PWD,2892592.0,2993833.0,3.5
2023_PWD_78321_4,NA,PWD,2849665.0,2977900.0,4.5
2023_PWD_78263_1,"C/o Govt. I.T.I. building Pubowal , Tehsil Haroli Distt. Una (SH- Providing E.I. and Power wiring in Workshop).",PWD,3062099.0,2473870.0,-19.21
2023_PWD_78104_1,"Providing staff for running of electrical enquiry in Cancer Hospital Chemotherapy building, medical college, auditorium buildings and associated surrounding area at IGMC Hospital Shimla. w.e.f. 01-08-2023 to 31-07-2024.",PWD,764280.0,748994.0,-2.0
2023_PWD_78062_1,CO Indoor Auditorium Building at Nahan Dsitt. Sirmour SH SITC of 40 KVA U.P.S thereof,PWD,896800.0,798152.0,-11.0
2023_PWD_78055_1,Construction of Judicial Court Complex Building at Arki Tehsil Arki Distt. Solan H.P SH SITC of 100 KVA DG Set therein.,PWD,2918031.0,2042330.0,-30.01
2023_PWD_77591_1,NA,PWD,613226.0,631623.0,3.0
2023_PWD_77589_4,NA,PWD,841117.0,790650.0,-6.0
2023_PWD_77462_1,"C/O National Institute of Fashion Technology Kangra at Chheb in Distt. Kangra, HP (SH- Providing Variable Refrigeration Volume/Flow based HVAC system therein)",PWD,17532707.0,16638539.0,-5.1
2023_PWD_77289_2,"C/O Civil Hospital (New Block-70 Bedded) building at Nagrota Bagwan, Distt. Kangra, HP (SH- Providing addressable fire alarm and PA system therein)",PWD,2641950.0,2615003.0,-1.02
2023_PWD_77288_3,"C/O 08 Nos. type-IV Qtrs residential building at Dr.RPGMC Kangra at Tanda in Distt. Kangra, HP (SH- Providing E.I. therein)",PWD,1946441.0,1479295.0,-24.0
2023_PWD_77260_1,CO Govt. Senior Secondary School Building at Bathalang Tehsil Arki Distt. Solan HP SH Prov. E.I therein.,PWD,766289.0,586211.0,-23.5
2023_PWD_77259_1,"SR to electrical installation in 6 Nos. Type-III qtrs. 3 Nos. Type-IV qtrs. under general Pool accommodation at Sec.6 Parwanoo Tehsil Kasauli Distt. Solan HP SH Replacement of old damaged wiring, accessories and fittings there in.",PWD,709373.0,581685.0,-18.0
2023_PWD_77255_1,CO Indoor Auditorium for Cultural activates at Nahan SH Providing Air Conditioner thereof.,PWD,1369244.0,1156874.0,-15.51
2023_PWD_76933_1,C/O PHC building at Majehera (Ground and First Floor) in Tehsil Jaisinghpur Distt. Kangra HP (SH- Providing E.I. therein),PWD,683653.0,512740.0,-25.0
2023_PWD_76919_1,NA,PWD,920425.0,911221.0,-1.0
2023_PWD_76918_10,NA,PWD,803577.0,823666.0,2.5
2023_PWD_76908_1,Construction of six Number Type II residential quarters for the staff of District Treasury Office Kinnaur at Reckong Peo SH Providing EI therein,PWD,645760.0,684053.0,5.93
2023_PWD_76582_1,CO Learning creativity Center at Village Bhog Anandpur Near Shoghi SH Prov. Fire fighting System thereof,PWD,1552367.0,993514.0,-36.0
2023_PWD_76573_1,CO Hospital and MCH Block at Kather Tehsil Distt. Solan HP SH Providing IP Based PA system therein,PWD,2802200.0,2942310.0,5.0
2023_PWD_76568_1,CO Hospital and MCH Block at Kather Tehsil Distt. Solan HP SH Providing LAN Wi-Fi Networking system therein,PWD,4083817.0,4281882.0,4.85
2023_PWD_76565_1,CO Indoor Auditorium for Cultural activates at Nahan SH SITC of 125 KVA D.G set thereof,PWD,1628219.0,1383986.0,-15.0
2023_PWD_76562_1,CO Indoor Auditorium for Cultural activates at Nahan SH Providing Projector Video System therein,PWD,2375060.0,2208805.0,-7.0
2023_PWD_76555_1,CO Judicial court complex at Arki Distt Solan HP SH Prov. EPBAX system therein,PWD,718600.0,574880.0,-20.0
2023_PWD_76552_1,CO Judicial Court complex building at Arki Tehsil Arki Distt. Solan HP.SH SITC Fire Fighting system therein.,PWD,4363930.0,2982309.0,-31.66
2023_PWD_76183_1,CO Govt. Degree College Building at Ramsher Distt. Solan H.P SH Providing E.I therein,PWD,7661591.0,5830470.0,-23.9
2023_PWD_76181_1,CO Govt. Degree College Building at Darlaghat Tehsil Arki Distt. Solan H.P SH Providing E.I therein.,PWD,8631417.0,6568508.0,-23.9
2023_PWD_76167_1,CO Office of women Commission Child Protection Service State resource center for Women HP State Commission for protection of Child and Saksham Gudiya Board in Level 69.80M of Parking at Tutikandi Shimla.5 SH Prov. 2Nos 10KVA UPS,PWD,1271096.0,1016876.0,-20.0
2023_PWD_76164_1,CO Various Office Accommodations in Multistory Parking Complex at Tutikandi Shimla SH Providing 6 KVA UPS Emergency response support system-112 Level 59.00M first floor Level 66.60M Third floor therein.,PWD,1245600.0,1096128.0,-12.0
2023_PWD_76163_1,CO Directorate of Energy in Second Floor Level 62.60M in Existing Parking Complex Tutikandi at Shimla SH Providing 10 KVA UPS 2 Nos therein.,PWD,1271096.0,1150341.0,-9.5
2023_PWD_76162_1,CO Various Office Accommodations in Multistory parking Complex at Tutikandi Shimla SH Providing 2 No. 62.5 KVA DG set in Fourth floor Level 69.80M,PWD,3214300.0,2250010.0,-30.0
2023_PWD_76158_1,CO Various Office Accommodations in Multistory parking Complex at Tutikandi Shimla SH Providing 1 No. 25 KVA DG set in Level 59.00M First floor.,PWD,1187723.0,843283.0,-29.0
2023_PWD_76157_1,CO Various Office Accommodations in Multistory parking Complex at Tutikandi Shimla -5 SH Providing 1 No. 125 KVA DG set in Second floor Level 62.60M,PWD,2312237.0,1641688.0,-29.0
2023_PWD_76154_1,CO Various Office Accommodations in Multistory parking Complex at Tutikandi Shimla SH Providing 3 No. 25 KVA DG set in Level 66.60M third floor,PWD,3563169.0,2494218.0,-30.0
2023_PWD_76150_1,CO Office of HP State Legal services Authority SLSA at Chakker Near ADR Center Shimla 5 SH Providing E.I therein.,PWD,1114206.0,885793.0,-20.5
2023_PWD_75872_5,"R/O EI to various Govt. N/R buildings in DR.RPGMC Tanda (SH- Eng of EI Maint staff ie T-Mate (Elect) in Treatment Block -5 , Service Block-4, Maternity Block-6 and OPD Block -1 of 500 bedded Hospital Building for one year)",PWD,1062000.0,1061894.0,-0.01
2023_PWD_75872_4,"R/O EI to various Govt. N/R buildings in DR.RPGMC Tanda (SH- Eng of EI Maint staff ie T-Mate (Elect) in Gen Ward, Sp/Pvt Ward, Faculty Block, MS Office and Casualty Block for one year",PWD,1062000.0,1061894.0,-0.01
2023_PWD_75872_2,R/O E.I. to various Govt. N/R buildings in Dr.RPGMC Tanda (SH- Eng of E.I. Maint staff i.e.T-Mate (Elect) in Super Specialty Block Dr.RPGMC Tanda for One year (w.e.f. July-2023 to June-2024),PWD,1274400.0,1274400.0,0.0
2023_PWD_75872_1,C/O Sub-Tehsil building at Panchrukhi in Tehsil Jaisinghpur Distt. Kangra HP( SH- Providing E I therein),PWD,1709909.0,1316630.0,-23.0
2023_PWD_75655_1,"C/o Workshop Block at Dr. B.R. Ambedkar Govt. Polytechnic College at Ambota ( Gagret) Tehsil Ghanari, Distt Una (H.P.) (SH- Providing accessories therein )",PWD,683333.0,500063.0,-26.82
2023_PWD_75557_2,C/O Sub Treasury office building Bhalei at Brangal in Tehsil Salooni Distt. Chamba (HP) (SH- Providing E.I. therein),PWD,988662.0,978775.0,-1.0
2023_PWD_75543_1,Providing staff for running operating and maiantenance of VRV and Central heating system in new OPD and trauma block at IGMC Shimla for one year,PWD,1416072.0,1266676.0,-10.55
2023_PWD_75252_1,Providing electrical staff for attending complaints in electrical sub Division HPPWD Reckong Peo Distt Kinnaur under Elect Divn No II HPPWD U S Club Shimla w e f 01.07.2023 to 31.05.2024,PWD,919296.0,919296.0,0.0
2023_PWD_75127_1,Recontruction of fire damaged attic area at new OPD block at IGMC Shimla SH Providing EI lift cable main and IT points therein,PWD,680033.0,676632.0,-0.5
2023_PWD_75044_1,Replacement of E.I. in the Academic block (Ground Floor) Sainik School Sujanpur Tihra Distt. Hamirpur,PWD,1248483.0,1061211.0,-15.0
2023_PWD_74991_1,Construction of Rajsav Sadan at Reckong Peo Distt Kinnaur SH Prov EI therein,PWD,1030113.0,1079146.0,4.76
2023_PWD_74942_9,NA,PWD,998101.0,988120.0,-1.0
2023_PWD_74942_6,NA,PWD,1103490.0,1092455.0,-1.0
2023_PWD_74942_4,NA,PWD,1321804.0,1361458.0,3.0
2023_PWD_74942_3,NA,PWD,2711043.0,2792374.0,3.0
2023_PWD_74942_2,NA,PWD,880980.0,863426.0,-1.993
2023_PWD_74942_1,NA,PWD,639635.0,619167.0,-3.2
2023_PWD_74934_6,NA,PWD,708780.0,712324.0,0.5
2023_PWD_74934_4,NA,PWD,756633.0,673403.0,-11.0
2023_PWD_74934_3,NA,PWD,998875.0,938443.0,-6.05
2023_PWD_74934_2,NA,PWD,987817.0,943266.0,-4.51
2023_PWD_74920_3,NA,PWD,1000897.0,1020915.0,2.0
2023_PWD_74890_1,C/O Centre of Excellence in Mental Health for Dr.RPGMC Tanda (SH- Providing Variable Refrigeration Volume/Flow based HVAC system therein),PWD,25173019.0,23599705.0,-6.25
2023_PWD_74606_2,Providing Advanced Lightning Protection system for the Main Tower and Main Control Panel of Special Research Unit at Moti Tiba in Tehsil Dalhousie and District Chamba (HP),PWD,733400.0,660060.0,-10.0
2023_PWD_74606_1,"Providing Surge Protection system for the UPS, Main Tower and Main Control Panel of Special Research Unit at Moti Tiba in Tehsil Dalhousie and Distt. Chamba (HP)",PWD,688000.0,639840.0,-7.0
2023_PWD_74576_1,Providing Electrical installation in the space allotted for Excise and Taxation Department office in Third Floor Level 66.60M of Multistory Parking Complex Tutikandi Shimla-5.,PWD,2800374.0,2797574.0,-0.1
2023_PWD_74572_1,CO Office of women Commission Child Protection Service State resource center for Women HP State Commission for protection of Child and Saksham Gudiya Board in 4th Floor in Level 69.80M of Multistory Parking Complex Tutikandi Shimla-5 SH Providing E.,PWD,3866829.0,4017635.0,3.9
2023_PWD_74568_1,Providing and installation of Cold Split Air Conditioner in Himachal Sarai Bhawan Sector 24 D Chandigarh.,PWD,1867844.0,1514821.0,-18.9
2023_PWD_74562_1,CO Parking at SDA Complex Kasumpati Shimla under Smart City Project SH Prov. E.I therein,PWD,2783841.0,2909114.0,4.5
2023_PWD_74519_1,Constuction of Govt Sr Secy School building at Sarot Tehsil Jubbal Distt Shimla Prov EI therein,PWD,556952.0,574858.0,3.215
2023_PWD_73916_1,NA,PWD,2537610.0,2233097.0,-12.0
2023_PWD_73791_5,"C/O Zonal Hospital Dharamshala, Distt. Kangra, HP (SH- Providing Fire Fighting and Sprinkler System in Indoor Block, Blood Bank and Gyane Block in Zonal Hospital at Dharamshala)",PWD,4964907.0,4964907.0,0.0
2023_PWD_73584_1,Annual Repair and Maintenance of 1 No. 250 KVA DG Set Allied Equipments installed in Civil Hospital at Nurpur Distt. Kangra (H.P) for Three Years 2023-25,PWD,525194.0,519953.0,-0.998
2023_PWD_73582_4,"Additional Accommodation for Govt. Degree College at Baroh, Distt. Kangra (HP) (SH- Providing E.I. therein)",PWD,2996051.0,2883100.0,-3.77
2023_PWD_73582_3,"Providing road side street lighting in the campus of NIFT Kangra at Chheb in Distt. Kangra, HP (SH- Providing internal pathway lighting and balance work thereof)",PWD,1762349.0,1691855.0,-4.0
2023_PWD_73582_2,"C/O Govt. Degree College at Matour in Tehsil and Distt. Kangra, HP (SH- Providing E.I. in Basement, Block-C and Networking system in Block-A, B and C therein)",PWD,2770453.0,2112273.0,-23.757
2023_PWD_73467_1,Providing Special repair of E.I in Old Industries Building at Bamloe Now occupied By H.P High Court Shimla 1.,PWD,2138827.0,1475790.0,-31.0
2023_PWD_73466_1,CO Directorate of Women and Child Development in 4th floor in Level 69.80M of multistory Parking Complex Tutikandi Shimla 5 SH Providing LAN cabling therein,PWD,1325715.0,1299200.0,-2.0
2023_PWD_73464_1,CO Tehsil Office Building at Nahan Distt. Sirmour H.P SH Prov. E.I therein.,PWD,3085425.0,2529740.0,-18.01
2023_PWD_73460_1,Re Construction on Old lines of rest house at RajBhawan Shimla H.P SH Providing Fire Fighting Fire Alarm System therein,PWD,685446.0,444854.0,-35.1
2023_PWD_73457_1,Construction of Govt. I.T.I Building at Kaulawala Bhood Distt. Sirmour H.P SH Prov. E.I therein,PWD,4357747.0,3616494.0,-17.01
2023_PWD_73456_1,Construction of Lab at Govt. Sr. Sec. School Puruwala Tehsil Poanta Sahib Distt. Sirmour HP SH Prov. E.I therein.,PWD,841556.0,777598.0,-7.6
2023_PWD_73451_1,RO of Fire Fighting Fire Alram System at HP High Court H.P for the year of 2023-24 Period 01.06.2023 to 31.05.2024.,PWD,610656.0,632029.0,3.5
2023_PWD_73448_1,CO Directorate of Women and Child Development in 4th floor in Level 69.80M of Multistory Parking Complex Tutikandi Shimla-5 SH Providing E.I therein,PWD,3922535.0,2898753.0,-26.1
2023_PWD_73442_1,Providing and Installation of voltage Regulation equipment and Surge protection devices in the existing E.I at HP High Court.,PWD,1310873.0,1088025.0,-17.0
2023_PWD_73440_1,Providing replacement of old Out dated Fire Extinguisher with New Fire Extinguisher in Main Building at High Court Building Shimla,PWD,1437748.0,797231.0,-44.55
2023_PWD_73437_1,CO Court Room in Ground First Floor of main Building of HP. High Court Shimla-1 SH Providing Electrical Installation therein,PWD,2094998.0,0.0,-100.0
2023_PWD_73436_1,"CO New Smart Class Room, Conference Hall, Terrace Canteen in Rajiv Gandhi Govt. Degree College at Kotshera, Shimla HP SH Providing Video Conferencing System therein",PWD,1108233.0,925374.0,-16.5
2023_PWD_73219_1,Replacement of E.I. in Type II Qtr. 123 Nos. at Chaugan Colony at Sainik School Sujanpur Distt. Hamirpur,PWD,770756.0,628937.0,-18.4
2023_PWD_72652_6,Replacement of E.I and providing switchgear system into new one type-III qtr. set.No. 5 in general pool accommodation at Hardaspura in Tehsil and Distt. Chamba (H.P.),PWD,210160.0,205894.0,-2.03
2023_PWD_72652_5,Replacement of EI and switch gear system into new one in type-II Qtrs No.2 in General Pool Accommodation at Hardaspur in Tehsil and Distt. Chamba HP,PWD,138798.0,135980.0,-2.03
2023_PWD_72652_4,Replacement of Electrical Installations and switchgear system into new one in Type-IV quarter No.-1 and 2 in General pool accommodation at Hardaspur in Tehsil and Distt. Chamba (H.P.),PWD,363140.0,355768.0,-2.03
2023_PWD_72651_2,"C/O School of Nursing at Dr. RPGMC Tanda in Distt. Kangra (HP) (SH- Providing Electrical panel, PVC conduit, armoured cable, campus Light and Balance work therein)",PWD,1029622.0,998219.0,-3.05
2023_PWD_72651_1,C/O 06 Nos. Type-III quarters in Govt. Pharmacy College at Nagrota Bagwan in Distt. Kangra (H.P) (SH- Providing E.I. therein),PWD,1182237.0,1123125.0,-5.0
2023_PWD_72650_1,"C/O Auditorium Project at Chamba Himachal Pradesh (SH- Providing variable refrigeration volume/flow based HVAC system therein in museum, Library and art gallery)",PWD,2940843.0,2905553.0,-1.2
2023_PWD_72433_2,C/O Combined office building at Fatehpur in Tehsil Fatehpur Distt Kangra (HP) (SH- Prov. E.I. therein),PWD,8940456.0,8699063.0,-2.7
2023_PWD_72428_3,Providing Chemical Earthing system for Special Research Unit at Moti Tiba in Tehsil Dalhousie and District Chamba (H.P.),PWD,877800.0,754908.0,-14.0
2023_PWD_72249_1,"C/O Additional accommodation building of Chief Engineer (KZ) HPPWD Dharamshala, Distt. Kangra, HP (SH- Providing E.I. therein)",PWD,3272603.0,2552630.0,-22.0
2023_PWD_72248_1,"C/O Art Gallery and Museum at Dharamshala, Distt. Kangra, HP (SH- Providing Fire Alarm and Fire Fighting system therein)",PWD,1829225.0,1809865.0,-1.058
2023_PWD_72156_1,C/o 100 bedded Civil Hospital building at Bhoranj Distt Hamirpur (H.P) (SH- Providing E.I there in Phase-1,PWD,4670490.0,4553728.0,-2.5
2023_PWD_72137_1,C/O Science Block at Govt. Sr. secondary Schoo l(Girls) Hamirpur Distt. Hamirpur (H.P)(SH- Providing E.I. therein).,PWD,630153.0,500846.0,-20.52
2023_PWD_72133_1,Providing service of Electrician and T/Mate for attending the complaints of E.I. and Running and Operation of DG Sets in Dr. RKGMC Hamirpur Distt. Hamirpur (H.P) (For the period of six months from the date of award,PWD,1452467.0,1430680.0,-1.5
2023_PWD_72119_1,CO District Panchayat Resource Center building at Nahan SH Prov. 1 No 8 Passenger lift therein,PWD,1850000.0,1940000.0,4.865
2023_PWD_72115_1,"CO Civil Hospital at Baddi, Distt. Solan HP.SH Supply installation testing and commissioning of mortuary unit at Civil Hospital Baddi Tehsil Baddi Distt. Solan H.P",PWD,1679081.0,1645498.0,-2.0
2023_PWD_72107_1,"C/o 50 Bedded Hospital Gagret, Tehsil Ghanari in Distt. Una (HP) (SH- Providing E.I. therein",PWD,8190047.0,6994300.0,-14.6
2023_PWD_72104_1,CO Civil Hospital Baddi Tehsil Baddi Distt. Solan H.P SH SITC of 1 Nos. 26 persons Elevator therein,PWD,3550000.0,3753400.0,5.73
2023_PWD_71878_4,R/M of 01 No. 250 KVA DG set installed in Auditorium Building at Dr.RPGMC Kangra at Tanda for One Year,PWD,186300.0,170552.0,-8.453
2023_PWD_71878_3,R/M of 01 No. 750 KVA D.G. set installed in Super Specialty Block at Dr.RPGMC Kangra at Tanda for One Year,PWD,375100.0,343648.0,-8.385
2023_PWD_71878_2,"R/M of 01 No. 500 KVA DG set No.-II and allied equipments, AMF Panel etc. installed in Basement Floor, Main Panel Room of 500 Bedded Hospital Dr.RPGMC Kangra at Tanda for One Year",PWD,274700.0,251405.0,-8.48
2023_PWD_71878_1,"R/M of 01 No. 500 KVA DG set No.-I and allied equipments, AMF Panel etc. installed in Basement Floor, Main Panel Room of 500 Bedded Hospital Dr.RPGMC Kangra at Tanda for One Year",PWD,274700.0,251405.0,-8.48
2023_PWD_71384_1,"CO Various office Accommodation in Level 59.00M, Level 62.60MKJ, Level 66.60M, Level 69.80M 4th Floor) at Existing Multistory Parking complex Tutikandi at Shimla SH Providing Fire Fighting System Fire Extinguisher thereof",PWD,3862245.0,2703444.0,-30.003
2023_PWD_71380_1,"CO various office Accommodation in Level 59.00M, Level 62.60MKJ, Level 66.60M, Level 69.80M 4th Floor at Existing Multistory Parking complex Tutikandi at Shimla SH Providing Fire Alarm and Public Addressing System therein",PWD,4368872.0,3816516.0,-12.643
2023_PWD_71378_1,RM of Central Heating plant at HP High Court Shimla during the winter season 2022-23,PWD,368637.0,384550.0,4.317
2023_PWD_71377_1,CO Hospital and MCH Block building at Kather Tehsil and Distt. Solan HP. SH Providing E.I.,PWD,40737878.0,42551860.0,4.453
2023_PWD_71368_1,Providing un interrupted power supply in the ministers Gallery in Vidhan Sabha Providing and Installation of No. 10 KVA UPS,PWD,488110.0,367000.0,-24.812
2023_PWD_71354_1,CO Multi Story Parking and office Accommodation at Sectt. Shimla-2 Armsdale Phase-III SH Providing Signage boards,PWD,231460.0,195300.0,-15.623
2023_PWD_71225_1,Annual Repair and comprehensive Maintenance contract of 250 KVA D.G. Set installed in the Circuit House at Dharamshala in District Kangra (H.P) for three year 2023-26,PWD,553625.0,553625.0,0.0
2023_PWD_71196_1,"Providing and fixing of cassette type air conditioning units in Lecture cum Seminar Hall, First floor in Anatomy Block Dr.RPGMC Kangra at Tanda in Distt. Kangra (H.P)",PWD,1131856.0,1140032.0,0.722
2023_PWD_71178_3,C/O Divisional Office Building for HPPWD Kotla Behar Distt. Kangra (H.P) (SH- Providing E.I. therein),PWD,2131894.0,2089256.0,-2.0
2023_PWD_70888_1,C/O Residential Qtrs. Type VI Qtr. 5 Nos. H.P. Staff Selection Commission Hamirpur Distt. Hamirpur (H.P) (SH- Supplying and Laying steel conduit therein,PWD,266450.0,275192.0,3.281
2023_PWD_70884_1,CO Civil Hospital at Baddi Distt. Solan HP SH SITC of Oxygen gas pipeline system,PWD,4234318.0,3105840.0,-26.651
2023_PWD_70880_1,C/O 50 Bedded Civil Hospital at Gagret Tehsil Ghanari Distt. Una (HP) (SH -S/Laying of Steel conduit in Ground and 1st floor there in,PWD,270940.0,261457.0,-3.5
2023_PWD_70876_1,C/O Additional accommodation 2 nos. class room in Ground Floor at Govt. High School Mandli in Tehsil Bangana Distt Una (HP) (SH- Providing E.I. therein),PWD,134112.0,137779.0,2.734
2023_PWD_70874_1,C/O Multipurpose Indoor Sports Hall Atal Bihari Vajpayee Govt. Degree College at Bangana in Tehsil Bangana Distt. Una (H.P) (SH- Supplying and laying conduit pipe in Ground floor).,PWD,299749.0,289108.0,-3.55
2023_PWD_70826_1,AMC for 7 No.DG sets of various capacities installed in the complex of Dr. YSPGMCs Hospital Nahan Dsitt. Sirmour H.P w.e.f.01.04.2023 to 31.03.2024,PWD,431998.0,451491.0,4.512
2023_PWD_70821_1,"Providing Lift cabin false ceiling Floor mat, Control panel drive and ARD System in the lifts in Dr. YSPGMC Hospital Nahan Distt. Sirmour H.P",PWD,516473.0,522274.0,1.123
2023_PWD_70816_1,Providing Special repair Directorate of Industries office at Majitha House Shimla-2 SH Providing LAN and EPABX System therein,PWD,989440.0,927100.0,-6.301
2023_PWD_70813_1,CO Multi Storey Parking Office Accommodation at HP Sectt. Armsdale Phase-3 Shimla SH Prov. Additional Passive Components for LAN therein,PWD,724141.0,712210.0,-1.648
2023_PWD_70808_1,CO Directorate of Energy in Level 62.60M Existing Parking Complex Tutikandi at Shimla SH Providing LAN Cabling therein,PWD,1076912.0,1009678.0,-6.243
2023_PWD_70804_1,CO Indoor Auditorium for Cultural Activities at Nahan SH Prov. VRV System thereof,PWD,11955985.0,11377683.0,-4.837
2023_PWD_70801_1,"Providing 1No. 24 Passenger lift in Ayurvedic Hospital Nahan, Distt. Sirmour H.P",PWD,3500000.0,3657500.0,4.5
2023_PWD_70799_1,"Providing 1No. 8 Passenger lift in Ayurvedic Hospital Nahan, Distt. Sirmour H.P.",PWD,1900000.0,0.0,-100.0
2023_PWD_70794_1,"CO State Information Commission HP, Private Education Institutions Regulatory Commission, State Food Commission in 3rd Floor in Level 66.60M of Multistory Parking Complex, Tutikandi Shimla-5 SH providing LAN Cabling system",PWD,724071.0,684543.0,-5.459
2023_PWD_70783_1,CO Judicial Court Complex Building at Arki Tehsil Arki Distt. Solan HP SH SITC of 6 Passenger and 10 passenger Lift therein,PWD,4157238.0,3901120.0,-6.161
2023_PWD_70779_1,Providing AA to existing wiring in Old industries Building at Bamloe Now occupied by H.P High Court at Shimla1 SH Providing 2 No. 20 KVA UPS thereof,PWD,1549500.0,1536000.0,-0.871
2023_PWD_70642_1,"C/O Indoor Auditorium Chamba Tehsil Chamba, HP (SH- Providing Variable Refrigeration Volume/Flow based HVAC system in Auditorium therein)",PWD,9454300.0,9217943.0,-2.5
2023_PWD_70641_1,"C/O Additional accommodation for newly upgraded100 Bedded Civil Hospital at Shahpur, Distt. Kangra, HP (SH- Providing of Fire Alarm system and P.A. system therein)",PWD,2948206.0,2916955.0,-1.06
2023_PWD_70638_1,"Repair, Servicing and Comprehensive Maintenance of different types air-conditioning units installed in Ward Block 2-B, 3-A, Faculty Block 3rd and 4th Floor and OPD Block of 500 Bedded Hospital Dr.RPGMC Kangra at Tanda for the year 2023-24",PWD,961200.0,932364.0,-3.0
2023_PWD_70253_1,CO Sankat Mochan Temple Shimla parking Block-A SH Providing E.I therein,PWD,408757.0,428765.0,4.895
2023_PWD_70239_1,Annual Maintenance of 2 Nos. passenger lift Otis make machine No. Eoo9018 E9009017 at Armsdale bldg and 1 No. Passenger lift Otis make machine No. G008958 at Ellerslie bldg. Shimla 2 period 2023-2024 i.e 1.04.2023 to 31.03.2024,PWD,518879.0,507000.0,-2.289
2023_PWD_70236_1,CO Multi Storey Parking Office Accommodation at HP Sectt. Armsdale Phase 3 Shimla SH Prov. Additional Active Components for LAN therein,PWD,541796.0,510500.0,-5.776
2023_PWD_70225_1,CO Work Station in fourth floor of HP High Court Shimla SH Providing AA to E.I LAN Cabling therein,PWD,315268.0,330375.0,4.792
2023_PWD_70220_1,Providing Rewiring and Special Repair Additional Alternation to E.I in CJM Residence and Block No.4 set No. 48 at U.S Club Shimla.,PWD,359064.0,376530.0,4.864
2023_PWD_70215_1,"Providing Electrical installation to set No. 311 ,313 of block No. 25 at Sector-4 Parwanoo, tehsil Kasauli, Distt. Solan H.P",PWD,249762.0,256900.0,2.858
2023_PWD_70212_1,"Reconstruction On Old Line of set No. 1,2 at Winter Field Cottage Winter Field Shimla 3 SH Prov. E.I therein",PWD,278538.0,228530.0,-17.954
2023_PWD_70210_1,"Providing S R of Blower, Element, MCCB TP 3 pole, MCCB TP 4 Pole Thermostat, connector at Admn. Block HP. High Court Shimla",PWD,263292.0,262870.0,-0.16
2023_PWD_70208_1,Providing Balance work of Central Heating System at DDU Hospital Shimla.,PWD,498731.0,522350.0,4.736
2023_PWD_70205_1,Providing Special Repair Addition Alteration of E.I in set No. 5 8 in Block No. 1 type III Qtr. At U.S Club Shimla-1.,PWD,126632.0,132277.0,4.458
2023_PWD_70200_1,CO Emergency response Support System 112 in Level 59.00 M existing parking Complex Tutikandi at Shimla SH Providing LAN cabling therein,PWD,350148.0,315186.0,-9.985
2023_PWD_70194_1,Additional alteration to ATTIC floor in the science Block building converted into District Ayurvedic Hospital Building at Nahan Distt. Sirmour SH Providing E.I therein,PWD,279619.0,277020.0,-0.929
2023_PWD_70139_1,NA,PWD,877920.0,602160.0,-31.411
2023_PWD_70137_1,NA,PWD,2330000.0,2315000.0,-0.644
2023_PWD_70069_1,C/o Indoor Auditorium at Bilaspur District Bilaspur (HP) (SH- Providing VRV/VRF base HVAC system in Art gallery green rooms dormitory and rehearsal Hall etc.,PWD,7528237.0,5555839.0,-26.2
2023_PWD_70067_1,"Replacement of E.I. in Class rooms, and Labs in Govt. Polytechnic Hamirpur, Distt Hamirpur (H.P)",PWD,1162944.0,941985.0,-19.0
2023_PWD_69758_1,"C/O Centre of Excellence in Mental Health for Dr. RPGMC Kangra at Tanda. (SH- SITC of 750 KVA DG Set, Balance work therein)",PWD,1932830.0,1889342.0,-2.25
2023_PWD_69754_1,C/O Additional Block of Civil Hospital building at Palampur in Tehsil Palampur Distt. Kangra (H.P) (SH- Providing E.I. in Private Wards) (Additional Work) (Part-VII),PWD,497130.0,494147.0,-0.6
2023_PWD_69753_1,Additional Accommodation for CHC at Baroh in Tehsil Baroh Distt. Kangra (HP) (SH- Providing E.I. therein),PWD,2756043.0,2199322.0,-20.2
2023_PWD_69452_1,NA,PWD,1466800.0,1145340.0,-21.916
2023_PWD_69449_1,NA,PWD,1466800.0,1145340.0,-21.916
2023_PWD_69440_1,NA,PWD,514440.0,514223.0,-0.042
2023_PWD_69435_1,NA,PWD,995128.0,896050.0,-9.956
2023_PWD_69428_1,Providing Special repair to E.I in old and new Block of Industries office at Majitha House Shimla-2.,PWD,831418.0,836325.0,0.59
2023_PWD_69421_1,Providing Special repair to E.I in Lokatyukta Residence Stokes mount Near Ramchandera Chowk Shimla H.P SH Providing 10 KVA inverter therein,PWD,429452.0,448620.0,4.463
2023_PWD_69414_1,Providing repair replacement of wiring light Heating in Conference Hall of Gaiety Theater Complex Shimla-1.,PWD,186521.0,191403.0,2.617
2023_PWD_69410_1,CO Multi Storey Parking Office Accommodation at HP Secretariat Armsdale Phase-III Shimla SH Providing MS Pipe from rain harvesting tank to pump house for Fire Fighting System therein,PWD,495784.0,514352.0,3.745
2023_PWD_69409_1,Providing Special Repair and Additional Alteration of E.I and installation of water lifting pump in O O Advocate General HP High Court Shimla 1,PWD,214733.0,219350.0,2.15
2023_PWD_69405_1,"Providing wiring in the Legal Defense Council office in Judicial Court Complex Solan, Distt. Solan HP.",PWD,155814.0,158010.0,1.409
2023_PWD_69404_1,CO Indoor Auditorium for Cultural Activities at Solan HP SH Balance work of VRV System therein,PWD,473210.0,472770.0,-0.093
2023_PWD_69401_1,Construction of residential portion at Ayurvedic Health Dispensary Delgi Tehsil Distt. Solan H.P SH Providing E.I thereof,PWD,150373.0,157510.0,4.746
2023_PWD_69400_1,NA,PWD,998800.0,950807.0,-4.805
2023_PWD_68984_1,Providing Infrared heater in Hon ble Governor s House Shimla-2 H.P,PWD,412938.0,432911.0,4.837
2023_PWD_68975_1,CO State Level Training Institute and district Ayurveda office Building at Tutikandi Shimla SH Providing Dry Riser System Fire Extinguisher thereof.,PWD,1454020.0,1017814.0,-30.0
2023_PWD_68967_1,Providing Power inverter in the residence of council of ministers and other cabinet Rank office bearer at Shimla H.P SH Providing 5 KVA inverter therein,PWD,2353020.0,2952175.0,25.463
2023_PWD_68907_1,"Replacement and Repair of Motor starter panel of Condenser, Chiller, Hot water pump and cooling tower fan motor of HVAC system installed in 500 Bedded Hospital Dr. RPGMC Kangra at Tanda",PWD,391800.0,389000.0,-0.715
2023_PWD_68906_1,C/O Sarai Bhawan in Dr. RPGMC Kangra at Tanda. (SH- Providing additional E.I. work in Ground floor and first floor therein),PWD,610402.0,577825.0,-5.337
2023_PWD_68889_1,Annual repair and Maintenance AMC of Air Conditioner Installed in Himachal Pradesh Sewa Sadan Building at Sector 25 West Chandigarh for the year 2023-24,PWD,275600.0,258800.0,-6.096
2023_PWD_68886_1,Providing Staff for running of Electrical Enquiry in regional Ayurevedic Hospital RAH Shimla-2 for the year 2023-24 Period 1.03.2023 to 30 -04- 2023,PWD,113462.0,117942.0,3.948
2023_PWD_68884_1,Annual maintenance contract of 1 No. 8 Passenger lift OTIS make in the printing Stationery Department Ghora Chowki at Shimla5 for the period of three years machine No. F003451 w.e.f 01.03.2023 to 31.01.2026 3 years.,PWD,331993.0,0.0,-100.0
2023_PWD_68882_1,AMC of 2 Nos. Passenger lift OTIS make in premises of HP High court M.C No. JOO5125 JOO5126 for the year 2023-24 w.e.f 01.04.2023 to 31.04.2024.,PWD,319428.0,309844.0,-3.0
2023_PWD_68875_1,AMC of 2 Nos. Passenger lift OTIS make in premises of HP High court M C No. MH 6311 MH6312 for the year 2023-24 w.e.f 01.04.2023 to 31.03.2024.,PWD,387238.0,375620.0,-3.0
2023_PWD_68863_1,CO Jawahar Lal Govt. College of Fine Arts at Mohal Loharb Distt. Shimla SH Providing integrated Campus Lighting therein,PWD,1027298.0,1075920.0,4.733
2023_PWD_68856_1,CO HP Private Education Institutions regulatory Commission and State Food Commission in Third floor P8 Plan Level 66.60M of Multistory Parking Complex Tutikandi Shimla-5 SH Providing E.I therein,PWD,3507652.0,2772621.0,-20.955
2023_PWD_68851_1,CO Multistory Parking Office Accommodation at Sectt. Armsdale Phase III Shimla SH Providing Balance work of Central Heating System therein,PWD,2568554.0,2689980.0,4.727
2023_PWD_68849_1,CO Himachal Niketan at Dwarka Sector19 New Delhi SH SITC of CCTV System therein,PWD,2991250.0,2097494.0,-29.879
2023_PWD_68838_1,Construction of Himachal Niketan at Dwarka Sector 19 New Delhi SH Providing Fire Alarm System There in,PWD,2575947.0,1792807.0,-30.402
2023_PWD_68832_1,Construction of Himachal Niketan at Dwarka Sector 19 New Delhi SH Providing E.I. There in,PWD,30195553.0,20124874.0,-33.352
2023_PWD_68812_9,"Dismantling re-installation, testing and commissioning of 1.5/2.0 TR capacity Split /Window type AC units and replacement of damaged copper tubes, gas charging etc. to various AC units installed in 500 bedded Hospital Dr. RPGMC Kangra at Tanda",PWD,214370.0,213670.0,-0.327
2023_PWD_68812_8,Running and Operation of HVAC System installed in 500 Bedded Hospital Dr.RPGMC Kangra at Tanda for six months,PWD,457920.0,457920.0,0.0
2023_PWD_68812_6,Repair and Maintenance of seized engine of 500 KVA DG Set No.-II installed in basement floor area of 500 bedded hospital Dr. RPGMC Kangra at Tanda.,PWD,233708.0,233500.0,-0.089
2023_PWD_68812_5,Repair and Maintenance of 01 No. 82.5 KVA D.G Set installed in Makeshift COVID-19 Hospital of Dr. RPGMC Kangra at Tanda for three years w.e.f 2022-23 to 2024-25,PWD,347140.0,346100.0,-0.3
2023_PWD_68812_3,"Annual Repair and Maintenances of 01 No. 100 KVA D.G. Set installed in OPD Block of Civil Hospital at Palampur for the Three years 2022-25 (2022-23,2023-24,2024-25)",PWD,267066.0,267000.0,-0.025
2023_PWD_68155_1,"C/O Rajeev Gandhi Govt. Engineering College at Nagrota Bagwan, Distt. Kangra, HP (SH- Providing installation, testing and commissioning of One No. Thirteen (13) Passengers elevator in Library and Computer Science Block therein)",PWD,2600000.0,2594500.0,-0.212
2023_PWD_68154_2,"C/O Centre of Excellence in Mental Health Dr.RPGMC Kangra at Tanda, HP (SH- Providing Sprinkler system therein)",PWD,2949115.0,2988835.0,1.347
2023_PWD_68154_1,C/O Centre of Excellence in Mental Health for Dr.RPGMC Kangra at Tanda (SH- Providing CCTV system therein),PWD,2939769.0,2926000.0,-0.468
2023_PWD_68153_4,"C/O Additional accommodation in HPPWD Rest House at Shahpur in Distt. Kangra, HP",PWD,747118.0,734739.0,-1.657
2023_PWD_68153_3,"C/O HPPWD (B and R) Division office in Tehsil Indora, Distt. Kangra, HP (SH- Providing E.I. therein)",PWD,2944979.0,2913069.0,-1.084
2023_PWD_68153_2,"C/O Science Lab for Govt. Senior Secondary School at Balugaloa Tehsil and Distt. Kangra, HP (SH- Providing E.I. therein)",PWD,749436.0,730680.0,-2.503
2023_PWD_68153_1,"C/O 8 Nos. type-IV Qtrs. in Govt. Pharmacy College at Nagrota Bagwan in Distt. Kangra, HP (SH- Providing E.I. therein)",PWD,1970325.0,1614440.0,-18.062
2023_PWD_68071_1,CO Tehsil Welfare Office Building at Baddi Distt. Solan HP SH SITC of 1 No. 6 Passenger Elevator therein,PWD,1579464.0,1655500.0,4.814
2023_PWD_68066_1,CO Govt. Degree College at Buranwala Barotiwala Tehsil Baddi Distt. Solan HP SH SITC Fire Fighting System therein,PWD,4248062.0,4256666.0,0.203
2023_PWD_68063_1,Annual Maintenance of 1 No. Passenger Lift Otis make Machine No. G006594 at Raj Bhawan Shimla-2 for the period 2023-2026 to 01.03.2023 to 28.02.2026,PWD,403966.0,390595.0,-3.31
2023_PWD_68058_1,"Annual Maintenance Contract of 5 Nos. Passenger Johnson make in the premises of District Court Complex at Chakkar Shimla M C No. L-E 1891,1892,1893, 1894,1895 for the period of one year 2023-24 w.e.f 01.04.2023 to 31.03.2024",PWD,627144.0,627144.0,0.0
2023_PWD_68052_1,RO of Fire Fighting Alarm system at Hon ble Governor residence Raj Bhawan for the year 2023-24 Perioid 01.04.2023 to 31.03.2024,PWD,610656.0,638880.0,4.622
2023_PWD_68049_1,RO Fire Fighting Fire Alarm system of Armsdale Yojna Bhawan Building. Shimla HP for the year 2023-24 w.e.f 15.02.2023 to 14.01.2024,PWD,610656.0,639000.0,4.642
2023_PWD_68041_1,RO Fire Fighting Fire Alarm system of Ellerslie Building at Govt. Sectt. Shimla HP for the year 2023-24 w.e.f 15.02.2023 to 14.01.2024,PWD,610656.0,639000.0,4.642
2023_PWD_68037_1,"Annual maintenance contract of various essential Electrical components like electric installation, D.G. set Air conditioner and CCTV Cameras installed in Circuit House at Willy park Shimla 4 for the period of 15.03.2023 to 14.03.2024",PWD,459909.0,476800.0,3.673
2023_PWD_68032_1,Supplying and installation of intelligent energy monitoring system Automatic phase corrector panel and secondary backup system in Hon ble CM residence at Oak over Shimla 2 H.P.,PWD,826525.0,866200.0,4.8
2023_PWD_68030_1,CO Hospital and MCH Block Building at Kather tehsil Distt. Solan HP SH SITC of Fire Alarm P.A System therein,PWD,4178840.0,3761008.0,-9.999
2023_PWD_67900_1,C/o Judicial Court Complex at Amb Distt. Una (HP) (SH- PITC of fire Fighting system therein),PWD,3450986.0,2964397.0,-14.1
2023_PWD_67894_1,C/o 10 bedded Ayurvedic Hospital at Talmehra in Tehsil Jole distt. Una (HP) (SH- Providing E.I. therein),PWD,693353.0,589419.0,-14.99
2023_PWD_67621_2,C/O Govt. Degree College at Lunj in Tehsil and Distt. Kangra (H.P) (SH- Providing Balance Work and Campus lighting thereof),PWD,1158988.0,1142690.0,-1.406
2023_PWD_67621_1,C/O Rajeev Gandhi Govt. Engineering College Kangra at Nagrota Bagwan in Distt. Kangra (H.P) (SH- Providing E.I to Electrical Engineering Block (Balance work),PWD,800533.0,796194.0,-0.542
2023_PWD_67506_2,C/O Civil Hospital (Additional work) at Palampur in Tehsil Palampur Distt. Kangra (HP) (SH- Providing 1 No. 20 Passengers Electric Traction Elevator (with machine room 6 stop 6 opening) therein),PWD,3820000.0,3810000.0,-0.262
2023_PWD_67506_1,C/O Civil Hospital (Additional work) at Palampur in Tehsil Palampur Distt. Kangra (HP) (SH- Providing 1 No. 20 Passengers Electric Traction Elevator (with machine room 5 stop 5 opening) therein),PWD,3700000.0,3700000.0,0.0
2023_PWD_67504_6,"C/O Govt. Degree College at Matour in Tehsil and Distt. Kangra, HP (SH- Providing E.I. in Block-A and Block-B)",PWD,2852037.0,2797432.0,-1.915
2023_PWD_67504_5,"C/O A1 Block in National Institute of Fashion Technology Kangra at Chheb, HP (SH- Balance work of E.I. in Block A1 and providing SOP cable for Block A2 therein)",PWD,1979213.0,1958036.0,-1.07
2023_PWD_67504_1,"Providing replacement of wiring and safety devices to Dy. Director (Excise and Taxation) Office at Agro Industry building Jachh, Tehsil Nurpur Distt. Kangra (HP)",PWD,601327.0,593103.0,-1.368
2023_PWD_67501_1,Providing Staff for running of electrical enquiry in Residential Non Residential Buildings at Nabha Estate Shimla-4 for the year 2023-24 w.e.f 01-03-2023 to 28-02-2024,PWD,298176.0,300000.0,0.612
2023_PWD_67500_1,Providing Staff for running of electrical enquiry in Residential Non Residential Building District Court Complex at Chakkar Shimla for the year 2023-24 w.e.f 01-02-2023 to 31-01-2024,PWD,357168.0,282000.0,-21.046
2023_PWD_67497_1,Providing staff for running of Electrical Enquiry in Residential Non Residential Building at HP High Court Shimla for the year 2023-24 w.e.f 1.02.2023 to 31.01.2024,PWD,473040.0,480000.0,1.471
2023_PWD_67492_1,"Annual Maintenance of stage lighting, Sound system Video Projection system installed in New Admn. Block HP. High Court Shimla for the period of one year 2023-24 w.e.f.1.02.2023 to 31.01.2024",PWD,391452.0,407500.0,4.1
2023_PWD_67488_1,"CO Hospital and MCH Block Building at Kather, Tehsil Distt. Solan HP SH SITC of CCTV Surveillance System therein",PWD,4301146.0,3741949.0,-13.001
2023_PWD_67478_1,SITC of 200 KAV DG set with AMF panel at Civil Hospital Baddi Tehsil Baddi Distt. Solan H.P.,PWD,2531924.0,2186840.0,-13.629
2023_PWD_67469_1,Construction of Primary Health Centre Building Level-II at Jamta Distt. Sirmour H.P SH Providing E.I therein,PWD,685298.0,576930.0,-15.813
2023_PWD_67464_1,Providing Special repair to EI in Lokayukta Residence Stokes Mount Near Ramchandera Chowk under ESD-2 Shimla-2 H.P,PWD,894494.0,924004.0,3.299
2023_PWD_67461_1,CO Work Station in 3rd floor 5th 6th floor of HP High Court Shimla SH Providing AA to E.I LAN Cabling therein.,PWD,969919.0,1013715.0,4.515
2023_PWD_67455_1,"CO Circuit House at Willys Park Chaura Maidan Shimla-4 SH Providing Additional indoor units, cowl and Gas Charging of units and other accessories etc.",PWD,929350.0,965877.0,3.93
2023_PWD_67454_1,CO Primary Health Center Level II Building at Saryanj tehsil Arki Distt. Solan H.P SH Providing E.I therein.,PWD,535123.0,443161.0,-17.185
2023_PWD_67452_1,RO of 4 Nos lifts in HP High court Shimla for the year 2023-24 w.e.f 01.02.2023 to 31.01.2024,PWD,530424.0,540000.0,1.805
2023_PWD_67267_1,NA,PWD,923114.0,988707.0,7.106
2023_PWD_67265_1,NA,PWD,986214.0,1063197.0,7.806
2023_PWD_67264_1,NA,PWD,958430.0,1031163.0,7.589
2023_PWD_67262_1,NA,PWD,899210.0,942000.0,4.759
2023_PWD_67261_1,NA,PWD,759250.0,795500.0,4.774
2023_HPTDC_71517_1,"Supplying, installation, testing and commissioning the Fire Fighting system in Agriculture building at Chambaghat Distt. Solan (H.P).",Himachal Pradesh Tourism Development Corporation||Head Office - Shimla - HPTDC||Project Branch - HPTDC,3012125.0,2591099.0,-13.978
2023_HPTDC_67377_1,"Supplying installation testing and commissioning of 8 passengers MRL lift at Agriculture Department building, Chambaghat Distt. Solan (H.P).",Himachal Pradesh Tourism Development Corporation||Head Office - Shimla - HPTDC||Project Branch - HPTDC,1510400.0,1569150.0,3.89
2023_HPSEB_83370_1,BED-39/2023-24,HPSEBL||CE (OP) North||SE (OP) Kangra||Sr. Xen Bajinath,61569.0,59660.0,-3.101
2023_HPSEB_83369_1,BED-38/2023-24,HPSEBL||CE (OP) North||SE (OP) Kangra||Sr. Xen Bajinath,59694.0,57903.0,-3.0
2023_HPSEB_83366_1,GED-156/2023-24,HPSEBL||CE (OP) North||SE (OP) Una||Sr. Xen Gagret,421311.0,440270.0,4.5
2023_HPSEB_83365_1,Tender for Prov. SOP to 25 BHP motor connection of JICA Project at lower Bhanjal in E section Banehra Under ESD HPSEBL Mubarikpur.,HPSEBL||CE (OP) North||SE (OP) Una||Sr. Xen Amb,926199.0,970657.0,4.8
2023_HPSEB_83288_1,BED-34/2023-24,HPSEBL||CE (OP) North||SE (OP) Kangra||Sr. Xen Bajinath,83682.0,78661.0,-6.0
2023_HPSEB_83287_2,DED-69/2023-24,HPSEBL||CE (OP) North||SE (OP) Kangra||Sr. Xen Dharamshala,128800.0,139104.0,8.0
2023_HPSEB_83286_1,sop to PHC lalsa construction of 22 kv HT line and 100 kVA transformer,HPSEBL||CE(OP) South||SE(OP) Rampur||Sr.Xen (E) Rampur,675336.0,586664.0,-13.13
2023_HPSEB_83273_1,E60-2023-24,HPSEBL||CE(OP) South||SE(OP) Solan,340242.0,315234.0,-7.35
2023_HPSEB_83272_1,E59-2023-24,HPSEBL||CE(OP) South||SE(OP) Solan,272348.0,252330.0,-7.35
2023_HPSEB_83269_1,E58-2023-24,HPSEBL||CE(OP) South||SE(OP) Solan,171368.0,158772.0,-7.35
2023_HPSEB_83268_1,GED-157/2023-24,HPSEBL||CE (OP) North||SE (OP) Una||Sr. Xen Gagret,457483.0,480128.0,4.95
2023_HPSEB_83267_2,Prov. Load extension to M/S Summit Digital Infrastructure Ltd. by aug. 63-100 KVA SProv. Load extension to M/S Summit Digital Infrastructure Ltd. by aug. 63-100 KVA S/stn Lalyar UESD Tauni Devi.,HPSEBL||CE(ES) Hamirpur||SE(Design) Hamirpur,179678.0,174287.0,-3.0
2023_HPSEB_83266_1,E57-23-24,HPSEBL||CE(OP) South||SE(OP) Solan,70210.0,65997.0,-6.001
2023_HPSEB_83264_1,Prov. Load extension to M/S Summit Digital Infrastructure Ltd. by aug. 63-100 KVA S/stn Darkoti UESD Tauni Devi.,HPSEBL||CE(ES) Hamirpur||SE(Design) Hamirpur,179678.0,174287.0,-3.0
2023_HPSEB_83263_1,Prov. Load extension to M/S Summit Digital Infrastructure Ltd. by aug. 63-100 KVA S/stn Swahal UESD Tauni Devi.,HPSEBL||CE(ES) Hamirpur||SE(Design) Hamirpur,188851.0,183185.0,-3.0
2023_HPSEB_83251_2,prov. LT Extension to repl. lenghty services to improve low voltage from existing 11/0.4 KV 100 KVA S/Stn Gher (Naun) 100 KVA S/Stn Marer Kalan,HPSEBL||CE (OP) North||SE (OP) Kangra||Sr. Xen Dehra,188940.0,200275.0,5.999
2023_HPSEB_83243_1,GED-155/2023-24,HPSEBL||CE (OP) North||SE (OP) Una||Sr. Xen Gagret,232873.0,244400.0,4.95
2023_HPSEB_83238_2,"Proposed 11/0.4 KV, 63 KVA S/stn Subhashpur (Chaplah)",HPSEBL||CE (OP) North||SE (OP) Kangra||Sr. Xen Dehra,453365.0,453363.0,-0.0
2023_HPSEB_83233_2,"Extension against lenghty services in vill. Barura, Lower Bathra and upper Bathra E section Jourbar",HPSEBL||CE (OP) North||SE (OP) Kangra||Sr. Xen Dehra,103260.0,108423.0,5.0
2023_HPSEB_83225_1,Tender for providing reorganistatio rerouting of existing LT line of Dodru transformer in ESD majheen under ED Jawalamukhi.,HPSEBL||CE(OP) CZ Mandi||SE(OP) Hamirpur||Sr. Xen (E) Jawalamukhi,166757.0,174928.0,4.9
2023_HPSEB_83222_1,Tender for providing 11 kV HT line to proposed 63 kva DTR at kurial Khera,HPSEBL||CE(OP) CZ Mandi||SE(OP) Hamirpur||Sr. Xen (E) Jawalamukhi,426021.0,443701.0,4.15
2023_HPSEB_83209_1,OCN/DB-27/NIT-No-26/2023-24,HPSEBL||CE(OP) South||SE(OP) Nahan,1417606.0,1387672.0,-2.112
2023_HPSEB_83204_1,OCN/DB-27/NIT-No-25/2023-24,HPSEBL||CE(OP) South||SE(OP) Nahan,1501843.0,1455216.0,-3.105
2023_HPSEB_83195_1,"i) Tender for prov 11KV HT line to Prop. 11/0.4KV, 63KVA S/stn at Mail-3rd ii) Prov 3phase LT Line with ACSR conductor at Mail-3rd.iii)Providing 11/0.4KV, 63KVA S/stn at Mail-3rd under Low voltage Scheme in (E) Section Nainikhad under ESD Bakloh.",HPSEBL||CE (OP) North||SE (OP) Dalhousie||Sr. Xen Dalhousie,368451.0,346344.0,-6.0
2023_HPSEB_83194_1,"Tender for prov11KV HT linetoProp 25KVA S/stn at Banni-2nd ii) Prov 3ph 4wire Lt Line from newly prop.25KVA S/stn at Banni-2iii) Providing 11/.04KV, 25KVA S/stn at Banni-2nd under Low voltage Scheme in Electrical Section Hobar under ESD HPSEBL Bakloh",HPSEBL||CE (OP) North||SE (OP) Dalhousie||Sr. Xen Dalhousie,501512.0,508984.0,1.49
2023_HPSEB_83193_1,PED 86/2023-24,HPSEBL||CE (OP) North||SE (OP) Kangra||Sr. Xen Palampur,323865.0,330083.0,1.92
2023_HPSEB_83192_1,i) Tender for prov LT Line Ext. to vill Salla.(ii) Bihali (iii) Wangal and Manjhali (iv)25KVA Darekari-3rd (v) Wangal (vi) Bhalie (vii) Banetu at Wangal (viii) Re-cond.of HT Line by rep of old ACSR Conductor from Pukhari to Gunwah (u)ESD Bhalie.,HPSEBL||CE (OP) North||SE (OP) Dalhousie||Sr. Xen Dalhousie,477332.0,482023.0,0.983
2023_HPSEB_83191_1,PED 85/2023-24,HPSEBL||CE (OP) North||SE (OP) Kangra||Sr. Xen Palampur,101404.0,103237.0,1.808
2023_HPSEB_83190_1,i) Tender for dmg rectangl Pole/restrength of LT Span at vill Khuine ii) Devi-Dehra (iii) Aug of 1ph to 2ph LT Line(U) Majdhar(iv)Pro repl of dmg hollow rectangl poles/ Re-cond v) Pro Aug. of 100KVA Samleu-II to 250KVAvi) Re-cond of 63KVA Bagdhar Dal,HPSEBL||CE (OP) North||SE (OP) Dalhousie||Sr. Xen Dalhousie,348218.0,341254.0,-2.0
2023_HPSEB_83188_1,PED 84/2023-24,HPSEBL||CE (OP) North||SE (OP) Kangra||Sr. Xen Palampur,255174.0,259532.0,1.708
2023_HPSEB_83187_1,"i)Tender for prov 11KV HT,DTR and 3ph LT line to newly prop.63KVA DTR at Hathidhar (iv) Prov ST Poles in LT Line long Span to increase the ground clearance of different location .ix) Prov Aug. of 11/0.4Kv, 100KVA to 250KVA Sstn Hatli (u) ESDSihunta.",HPSEBL||CE (OP) North||SE (OP) Dalhousie||Sr. Xen Dalhousie,826562.0,810031.0,-2.0
2023_HPSEB_83186_1,PED 83/2023-24,HPSEBL||CE (OP) North||SE (OP) Kangra||Sr. Xen Palampur,631858.0,644164.0,1.948
2023_HPSEB_83183_1,PED 81/2023-24,HPSEBL||CE (OP) North||SE (OP) Kangra||Sr. Xen Palampur,217076.0,221000.0,1.808
2023_HPSEB_83181_1,PED 80/2023-24,HPSEBL||CE (OP) North||SE (OP) Kangra||Sr. Xen Palampur,319523.0,324979.0,1.708
2023_HPSEB_83180_1,PED 79/2023-24,HPSEBL||CE (OP) North||SE (OP) Kangra||Sr. Xen Palampur,277199.0,279916.0,0.98
2023_HPSEB_83178_1,"i) Tender for Providing 3phase LT,DTR Line from newly proposed 63KVA S/stn Kahri iii) 1ph LT Line extension LOH under Nainikhad (v) Kunah (vi) Bakloh, vii) Hobar viii) 63KVA Lahar under ESD Bakloh",HPSEBL||CE (OP) North||SE (OP) Dalhousie||Sr. Xen Dalhousie,893254.0,875389.0,-2.0
2023_HPSEB_83174_1,GED-161/2023-24,HPSEBL||CE (OP) North||SE (OP) Una||Sr. Xen Gagret,845288.0,885862.0,4.8
2023_HPSEB_83168_1,Tender for providing 63 kVA substation Tip 2nd in section Saprallu,HPSEBL||CE(OP) CZ Mandi||SE(OP) Hamirpur||Sr. Xen (E) Jawalamukhi,945547.0,988097.0,4.5
2023_HPSEB_83137_1,Tender for providing reorganistation/ rerouting of existing HT line of 11 kv BARA feeder,HPSEBL||CE(OP) CZ Mandi||SE(OP) Hamirpur||Sr. Xen (E) Jawalamukhi,917653.0,963077.0,4.95
2023_HPSEB_83092_1,"Construction of 630KVA, 11/0.4KV Sub-Station a/w HT line and Tapping Point on turnkey basis to provide SOP to Civil Hospital Bhoranj under Electrical Division, Barsar). (Deposit Scheme)",HPSEBL||CE(OP) CZ Mandi||SE(OP) Hamirpur,2002000.0,1917405.0,-4.226
2023_HPSEB_83090_1,"Construction of 400KVA, 11/0.4KV Sub-Station a/w 11KV HT and 3Phase LT Lines on turnkey basis to provide SOP to LWSS Dugha-Pajali from river Beas at Jakhu Jangal Beri under ESD, HPSEBL Sujanpur (ED Hamirpur) (Deposit Scheme )",HPSEBL||CE(OP) CZ Mandi||SE(OP) Hamirpur,2234000.0,2233799.0,-0.009
2023_HPSEB_83035_2,Augmentation of 3.15 MVA to 5 MVA Power Transformer at Sharabai Sub-Station and additional 3.15MVA Power transformer at 2x6.3MVA existing Sub-station Bhuntar.,HPSEBL||CE(OP) CZ Mandi||SE(OP) Kullu||Sr. Xen (E) Kullu,581872.0,570234.0,-2.0
2023_HPSEB_83031_2,Providing and fixing epoxy insulation coating,HPSEBL||CE(ES) Hamirpur||SE(ES) Hamirpur,463386.0,264130.0,-43.0
2023_HPSEB_82970_1,"Shifting of existing 63KVA, 11/0.4KV DTR Bhalyani in (E) Section Bhutti under ESD No. II, HPSEBL, Kullu",HPSEBL||CE(OP) CZ Mandi||SE(OP) Kullu||Sr. Xen (E) Kullu,140319.0,141722.0,1.0
2023_HPSEB_82925_1,"Estimate for R/M of LT Distribution System in the CESD, HPSEBL, Boileauganj under the jurisdiction of City Electrical Division, HPSEBL, Shimla",HPSEBL||CE(OP) South||SE(OP) Shimla||Sr. Xen (E) City,496872.0,451148.0,-9.202
2023_HPSEB_82908_1,"Tender for providing SOP to LIS Sub-Project Makri (HPCDP) JICA-ODA at village Makri P.O. Jukhala,Tehsil Sadar Distt. Bilaspur in (E) section Jukhala under ESD Namhol.",HPSEBL||CE(OP) CZ Mandi||SE(OP) Bilaspur||Sr. Xen (E) Bilaspur,293669.0,273141.0,-6.99
2023_HPSEB_82906_1,PED 88/2023-24,HPSEBL||CE(OP) South||SE(OP) Nahan||Sr. Xen(E) Paonta,231359.0,168892.0,-27.0
2023_HPSEB_82871_1,Renewal and replacement of various equipment,HPSEBL||CE(ES) Hamirpur||SE(ES) Hamirpur,378195.0,260954.0,-31.0
2023_HPSEB_82826_1,Estimate for providing LT line extension of various existing S Stn in E Section Majharanoo under ESD No I HPSEBL Joginder Nagar LT extension to leftout houses from existing 25 KVA 1104 KV Sstn Marh in E Section Tikken under ESD HPSEBL Barot,HPSEBL||CE(OP) CZ Mandi||SE(OP) Mandi||Sr. Xen (E) J/ Nager,198995.0,198995.0,0.0
2023_HPSEB_82824_1,Estimate for providing LT line extension and LT augmentation of various existing Sub Stations in E Section Ahju under ESD HPSEBL Chauntra,HPSEBL||CE(OP) CZ Mandi||SE(OP) Mandi||Sr. Xen (E) J/ Nager,173903.0,133036.0,-23.5
2023_HPSEB_82820_1,Estimate for replacement of lengthy services with bare conductor replacement of bare conductor with AB Cable providing minor LT extension to leftout houses from various existing sub Stn in E Section Khaddar Pandol under ESD HPSEBL LadBharol,HPSEBL||CE(OP) CZ Mandi||SE(OP) Mandi||Sr. Xen (E) J/ Nager,364534.0,320790.0,-12.0
2023_HPSEB_82808_1,LED46/2023-24,HPSEBL||CE (OP) North||SE (OP) Kangra||Sr. Xen L/Gaon,143424.0,143424.0,0.0
2023_HPSEB_82803_1,LED45/2023-24,HPSEBL||CE (OP) North||SE (OP) Kangra||Sr. Xen L/Gaon,165590.0,165590.0,0.0
2023_HPSEB_82802_1,NED-173/2023-24,HPSEBL||CE(OP) South||SE(OP) Nahan||Sr.Xen (E) Nahan,641888.0,635341.0,-1.02
2023_HPSEB_82781_1,"Estimate for R/M of LT Line in the CESD, HPSEBL, Idgah under the jurisdiction of this Division.",HPSEBL||CE(OP) South||SE(OP) Shimla||Sr. Xen (E) City,499617.0,499464.0,-0.031
2023_HPSEB_82679_1,LED49/2023-24,HPSEBL||CE (OP) North||SE (OP) Kangra||Sr. Xen L/Gaon,516478.0,510797.0,-1.1
2023_HPSEB_82678_1,Sop to Jal Shakti vibhag Sewerage plant,HPSEBL||CE(OP) South||SE(OP) Rampur||Sr.Xen (E) Rampur,782581.0,674193.0,-13.85
2023_HPSEB_82673_1,LED48/2023-24,HPSEBL||CE (OP) North||SE (OP) Kangra||Sr. Xen L/Gaon,379316.0,356178.0,-6.1
2023_HPSEB_82672_1,"Providing SOP to Indus Tower Ltd. by augmentation of 25KVA,11/0.4KV DTR to 63KVA, 11/0.4KV DTR and Prov. 3 Phase LT Line augmentation of 25KVA to 63KVA, 11/0.4KV DTR Upper Trehan in (E) Section Bagicha under ESD, HPSEBL, Bhuntar..",HPSEBL||CE(OP) CZ Mandi||SE(OP) Kullu||Sr. Xen (E) Kullu,282517.0,285243.0,0.965
2023_HPSEB_82671_1,LED47/2023-24,HPSEBL||CE (OP) North||SE (OP) Kangra||Sr. Xen L/Gaon,145937.0,144478.0,-1.0
2023_HPSEB_82667_2,"Re-Tender for Providing SOP to Summit Digitel Infrastructure Aug. of 25KVA, 11/0.4KV to 63KVA, 11/0.4KV DTR Bishtbehar and Minor Extension of 3 phase LT Linein (E) Section Seobag under ESD No. II, HPSEBL, Kullu.",HPSEBL||CE(OP) CZ Mandi||SE(OP) Kullu||Sr. Xen (E) Kullu,276931.0,285240.0,3.0
2023_HPSEB_82651_1,Tender for construction of 22 kV HT line and 100kVA transformer Deothi,HPSEBL||CE(OP) South||SE(OP) Rampur||Sr.Xen (E) Rampur,282941.0,277281.0,-2.0
2023_HPSEB_82601_1,Tender for SOP to Judicial Court Complex Building at Amb in (E) section Amb 1st under Electrical Sub-Division HPSEBL Amb .,HPSEBL||CE (OP) North||SE (OP) Una||Sr. Xen Amb,952927.0,996286.0,4.55
2023_HPSEB_82531_1,BID BO-UED/168/UNA/2023-24,HPSEBL||CE (OP) North||SE (OP) Una||Sr. Xen Una,350696.0,367705.0,4.85
2023_HPSEB_82493_1,LED44/2023-24,HPSEBL||CE (OP) North||SE (OP) Kangra||Sr. Xen L/Gaon,111602.0,115885.0,3.838
2023_HPSEB_82471_1,KED/DB-Tender/2023-24-18,HPSEBL||CE(OP) South||SE(OP) Rampur||Sr.Xen (E) Rampur,347704.0,309457.0,-11.0
2023_HPSEB_82458_1,"Tender for the work of Testing, Commission, and Supplying of material, errection of 1phase L.T line at Ishon Baagi-Sawra ESD Kupvi",HPSEBL||CE(OP) South||SE(OP) Shimla||Sr. Xen (E) Chopal,284313.0,282607.0,-0.6
2023_HPSEB_82412_1,OCU-20/2023-24,HPSEBL||CE (OP) North||SE (OP) Una,1029014.0,1074856.0,4.455
2023_HPSEB_82397_1,KED/DB-Tender/2023-24-17,HPSEBL||CE(OP) South||SE(OP) Rampur||Sr.Xen (E) Rampur,334732.0,298313.0,-10.88
2023_HPSEB_82389_1,"Construction of 100 KVA, 11/0.4KV S/Stn a/w 11 KV HT and 3-Ph LT line to provide SOP to M/S Shaheed Deep Filling Station Jahu, on turnkey basis under ESD HPSEBL Bhareri (ED Barsar). (Deposit, T.S. No. 131/2023-24)",HPSEBL||CE(OP) CZ Mandi||SE(OP) Hamirpur||Sr. Xen (E) Barsar,556571.0,545439.0,-2.0
2023_HPSEB_82384_1,"Providing Supply of Power to LWSS Shout Nanj and Chouridhar (Stage 1st, 2nd and 3rd) in Tehsil Karsog Dist. Mandi(HP) under Electrical Sub-Division HPSEBL, Jalog.",HPSEBL||CE(OP) South||SE(OP) Shimla,4750243.0,4441477.0,-6.5
2023_HPSEB_82378_1,Tender for New 3Ph LT line and Aug. of 1Ph to 3Ph LT line to improve the low voltage problem at vill. Lower Andora in (E) section Amb 2nd ESD HPSEBL Amb. (Bid No.AED/66/2023-24).,HPSEBL||CE (OP) North||SE (OP) Una||Sr. Xen Amb,70170.0,73433.0,4.65
2023_HPSEB_82377_1,Tender for Providing cutting and looping of tree branches underneath 33 KV and 11 KV HT lines at various locations under Electrical Sub Division HPSEBL Chadhiar.,HPSEBL||CE (OP) North||SE (OP) Kangra||Sr. Xen Bajinath,102795.0,102762.0,-0.032
2023_HPSEB_82375_1,"Supply of equipment / material, design, erection, testing, commissioning, for SOP to Waste Garbage Treatment Plant at Lahar in E-Section Bir under ESD Baijnath. T.S. No.174/2023-24.",HPSEBL||CE (OP) North||SE (OP) Kangra||Sr. Xen Bajinath,70768.0,70768.0,0.0
2023_HPSEB_82354_1,Tender for New 3 Ph LT line from existing 25 kVA Substation at village Partap Nagar in Electrical section Amb 1st Under ESD HPSEBL Amb. Bid No. AED/65/2023-24.,HPSEBL||CE (OP) North||SE (OP) Una||Sr. Xen Amb,73580.0,77002.0,4.651
2023_HPSEB_82353_1,Tender for Prov. SOP to 1 Set of 5 HP additional motor at village Badhamna Sidh Temple in Electrical section Dharamshala Mahanta (U) ESD HPSEBL BharwainTender for Prov. SOP to 1 Set of 5 HP additional motor at village Badhamna Sidh Temple in Ele,HPSEBL||CE (OP) North||SE (OP) Una||Sr. Xen Amb,213483.0,224182.0,5.012
2023_HPSEB_82351_1,"Tender for Prov. New 3-Ph and Aug. of 1-Ph to 3-Ph LT line for 1 No. Agricultural T/Wells from exist. 11/0.4 kV,100 kVA S/Stn SL-1st at village Saloi in (E) section Koharchhan(U) ESD HPSEBL Mubarikpur. (SOP to T/Well Scheme 3rd Phase ) (Sub H",HPSEBL||CE (OP) North||SE (OP) Una||Sr. Xen Amb,74149.0,77634.0,4.7
2023_HPSEB_82341_1,"Construction of 25 KVA, 11/0.4KV S/Stn a/w 11 KV HT 3-Ph LT line to provide SOP to Lift Irrigation Scheme JICA Ramehra on turnkey basis under ESD HPSEBL Bhota. (ED Barsar). (Deposit, T.S. No. 127/2023-24)",HPSEBL||CE(OP) CZ Mandi||SE(OP) Hamirpur||Sr. Xen (E) Barsar,478057.0,482354.0,0.899
2023_HPSEB_82332_1,E56-2023-24,HPSEBL||CE(OP) South||SE(OP) Solan,265667.0,251719.0,-5.25
2023_HPSEB_82329_1,E55-2023-24,HPSEBL||CE(OP) South||SE(OP) Solan,78564.0,74439.0,-5.25
2023_HPSEB_82326_1,E54-2023-24,HPSEBL||CE(OP) South||SE(OP) Solan,136266.0,129112.0,-5.25
2023_HPSEB_82323_1,E53-2023-24,HPSEBL||CE(OP) South||SE(OP) Solan,111498.0,105644.0,-5.25
2023_HPSEB_82322_1,E52-2023-24,HPSEBL||CE(OP) South||SE(OP) Solan,479683.0,450902.0,-6.0
2023_HPSEB_82317_1,"Tender for Providing SOP to Govt.Degree College GDC Kumarsain by providing 22 KV HT Line ,22/0.4KV,250KVA sub-station in electrical section HPSEBL Kumarsain under ESD HPSEBL Kumarsain.",HPSEBL||CE(OP) South||SE(OP) Rampur,2016419.0,2086994.0,3.5
2023_HPSEB_82226_2,Providing and fixing of Automatic water level recorder alongwith its allied equipments at Rongtong HEP under civil Mtc. Division HPSEBL Bhabanagar,HPSEBL||CE(Gen) Sundernagar||SE(Gen) Bhaba Nagar,2242000.0,1860860.0,-17.0
2023_HPSEB_82217_1,PED 86/2023-24,HPSEBL||CE(OP) South||SE(OP) Nahan||Sr. Xen(E) Paonta,397195.0,379157.0,-4.541
2023_HPSEB_82212_1,"Design, Engineering, Manufacture, Shop Assembly and Testing Before Dispatch,Packing And Forwarding,Transportation, Insurance, Handling,Delivery,ETC of 1000kVA,11/.415kV,dry type cast resin,SAT at Larji Power House",HPSEBL||CE(Gen) Sundernagar||SE (Design) PHE Sundernagar,2844803.0,2982756.0,4.849
2023_HPSEB_82210_1,PED 85/2023-24,HPSEBL||CE(OP) South||SE(OP) Nahan||Sr. Xen(E) Paonta,387257.0,347189.0,-10.347
2023_HPSEB_82209_1,PED 84/2023-24,HPSEBL||CE(OP) South||SE(OP) Nahan||Sr. Xen(E) Paonta,359588.0,322671.0,-10.266
2023_HPSEB_82208_1,PED 83/2023-24,HPSEBL||CE(OP) South||SE(OP) Nahan||Sr. Xen(E) Paonta,303492.0,298576.0,-1.62
2023_HPSEB_82205_1,PED 82/2023-24,HPSEBL||CE(OP) South||SE(OP) Nahan||Sr. Xen(E) Paonta,287428.0,257986.0,-10.243
2023_HPSEB_82198_1,Tender for repair and maintaince work of hpsel,HPSEBL||CE(OP) South||SE(OP) Rampur||Sr.Xen (E) Rampur,148945.0,147455.0,-1.0
2023_HPSEB_82142_1,SEOP 50/2023-24,HPSEBL||CE (OP) North||SE (OP) Kangra,442588.0,458975.0,3.703
2023_HPSEB_82141_1,SEOP 49/2023-24,HPSEBL||CE (OP) North||SE (OP) Kangra,804335.0,834417.0,3.74
2023_HPSEB_82138_1,SEOP48/2023-24,HPSEBL||CE (OP) North||SE (OP) Kangra,4054198.0,4250178.0,4.834
2023_HPSEB_82130_1,SEOP46/2023-24,HPSEBL||CE (OP) North||SE (OP) Kangra,1403528.0,1456020.0,3.74
2023_HPSEB_82128_1,SEOP45/2023-24,HPSEBL||CE (OP) North||SE (OP) Kangra,825142.0,862176.0,4.488
2023_HPSEB_82118_1,SEOP 44/2023-24,HPSEBL||CE (OP) North||SE (OP) Kangra,1350416.0,1242383.0,-8.0
2023_HPSEB_82116_1,"Tender for construction of 22 kV HT line ,63kVA transformer Khila Tanti",HPSEBL||CE(OP) South||SE(OP) Rampur||Sr.Xen (E) Rampur,584507.0,516587.0,-11.62
2023_HPSEB_82110_1,"Tender for Prividing Aug. of 25 KVA to 63 KVA S/Stn.AT Gara, for S.O.P to extension of load from 4.840 KW against Consumer ID No- 100002279232 M/S Sumit Digitel Infrastructure Ltd. Site at Gara under E Sub-Division HPSEBL Swarghat",HPSEBL||CE(OP) CZ Mandi||SE(OP) Bilaspur||Sr. Xen (E) Bilaspur,153838.0,153550.0,-0.187
2023_HPSEB_82105_1,Tender for renewal of old conventional type Lightening arrestor with zinc oxide ZnO Lightening Surge Arrestor at 132 KV Switchyard under Bassi Power House Division HPSEBL Jogindernagar,HPSEBL||CE(Gen) Sundernagar||SE(Gen) Palampur,1790932.0,1593000.0,-11.052
2023_HPSEB_82104_1,Tender for renewal of old compressed air type SF6 circuit breaker with new SF6 circuit Breaker of Bassi Dehan Palampur feeder at 132 KV Switchyard under Bassi Power House Division HPSEBL Jogindernagar,HPSEBL||CE(Gen) Sundernagar||SE(Gen) Palampur,1629608.0,1333400.0,-18.177
2023_HPSEB_82103_1,Aug. of 25 kva to 63 KVA S/Stn. Barmana along with provding 3 Phase LT Line by prov. LT Cable to release the 3 Phase connection insteased of 1 phase Due to enhancement of load from 5KW for Mobile Towerof sumit Digital in section Beri ESD No.1,HPSEBL||CE(OP) CZ Mandi||SE(OP) Bilaspur||Sr. Xen (E) Bilaspur,97613.0,97574.0,-0.04
2023_HPSEB_82100_1,Tender for Providing Installation Testing and commissioning of 110 V 645 AH Lead acid Plante Battery Bank for Khauli Power House Division HPSEBL Darini,HPSEBL||CE(Gen) Sundernagar||SE(Gen) Palampur,2575904.0,2569984.0,-0.23
2023_HPSEB_82074_1,Estimate for system strengthning of LT line of 100 KVA Sstn LIS Dhalehar 63 KVA Sstn LIS Dohag in E Section Ladruhin Under ESD HPSEBL Chauntra,HPSEBL||CE(OP) CZ Mandi||SE(OP) Mandi||Sr. Xen (E) J/ Nager,66858.0,64852.0,-3.0
2023_HPSEB_82043_1,"shifting of 4 pole str. at Sant Nirankari Mandal a/w DTR and its associated lines in Electrical Section Darlaghat under Electrical Sub-Division, HPSEBL, Darlaghat",HPSEBL||CE(OP) South||SE(OP) Solan||Sr. Xen(E) Arki,819385.0,819385.0,0.0
2023_HPSEB_82006_1,"Shifting of 25 KVA S/Stn. Bhalag along with its HT and LT Lines in Electrical Section Kandhar under Electrical Sub-Division, HPSEBL, Darlaghat.",HPSEBL||CE(OP) South||SE(OP) Solan||Sr. Xen(E) Arki,457746.0,430235.0,-6.01
2023_HPSEB_82005_1,"Shifting of 25KVA S/Stn. Padyar with its associated lines and re-organisation of 3-phase LT lines in Electrical Section Kandhar under Electrical Sub-Division, HPSEBL, Darlaghat",HPSEBL||CE(OP) South||SE(OP) Solan||Sr. Xen(E) Arki,445848.0,421327.0,-5.5
2023_HPSEB_82003_1,"Shifting of 63KVA S/Stn. Kaller jeri in the compound of Gram Panchyat along with its associated lines and re-organisation of LT lines in Electrical Section Bhararighat under Electrical Sub-Division, HPSEBL, Darlaghat",HPSEBL||CE(OP) South||SE(OP) Solan||Sr. Xen(E) Arki,303339.0,288172.0,-5.0
2023_HPSEB_81988_1,"providing New. 11/0.4 KV, 25 KVA S/Stn a/w HT and LT line in village Lohal in (E) section Chabutra UESD Sujanpur",HPSEBL||CE(ES) Hamirpur||SE(Design) Hamirpur,498092.0,518015.0,4.0
2023_HPSEB_81983_1,OCU-19/2023-24,HPSEBL||CE (OP) North||SE (OP) Una,687781.0,720228.0,4.718
2023_HPSEB_81980_1,BID NO-155/2023-24,HPSEBL||CE (OP) North||SE (OP) Una||Sr. Xen Una,247230.0,259592.0,5.0
2023_HPSEB_81958_1,BID NO 154/2023-24,HPSEBL||CE (OP) North||SE (OP) Una||Sr. Xen Una,455008.0,476849.0,4.8
2023_HPSEB_81949_1,Construction 100KVA Salghoon Ghattain Panchayat Karot UESD Sujanpur,HPSEBL||CE(ES) Hamirpur||SE(Design) Hamirpur,827613.0,860717.0,4.0
2023_HPSEB_81935_1,Tender for providing Structure of raise height,HPSEBL||CE(OP) South||SE(OP) Rampur||Sr.Xen (E) Rampur,936169.0,810098.0,-13.467
2023_HPSEB_81934_1,"Tender for construction of 22 kV HT line ,63kVA transformer at Thanalailan",HPSEBL||CE(OP) South||SE(OP) Rampur||Sr.Xen (E) Rampur,564179.0,445701.0,-21.0
2023_HPSEB_81929_2,"Tender for Supply of material ,design,erection, testing commissioning for SOP for various village in GP Sillagharat by Prov. 11/.4 KV, 630 KVA S/Stn. a/w 11 KV HT/LT line and strengthening of existing 11 KV HT line in (S) Maredi (u)ESD Chamba-II",HPSEBL||CE (OP) North||SE (OP) Dalhousie,5884174.0,6089444.0,3.489
2023_HPSEB_81917_1,"Tender for Supply of equipment / material , design, erection, testing and commissioning for shifting of 11 KV HT line (Nurpur and Kotla Feeders) a/w LT line from existing 11/.4 KV, 100 KVA , 250 KVA S/Stn. Peer Baba Chougan for C/O outdoor Syntheti",HPSEBL||CE (OP) North||SE (OP) Dalhousie,1968566.0,1848484.0,-6.1
2023_HPSEB_81913_2,"Tender for Supply of equipment / material , design, erection, testing and commissioning for SOP to LWSS from in various GPs near Village Miadigala Stage-4th by Prov. 11/.4 KV, 250 KVA S/Stn. a/w 11 KV HT,LT line in section Khajiar (u) ESD Chamba-II",HPSEBL||CE (OP) North||SE (OP) Dalhousie,1590475.0,1645960.0,3.489
2023_HPSEB_81909_2,"Tender for Supply of equipment / material , design, erection, testing and commissioning for SOP to in various GPs near Chuliara Bridge Stage-3rd by Prov. 11/.4 KV,250 KVA S/Stn. a/w LT line in section Khajiar under ESD Chamba-II ED Chamba",HPSEBL||CE (OP) North||SE (OP) Dalhousie,1133810.0,1173363.0,3.489
2023_HPSEB_81907_2,"Tender for Supply of equipment / material , design, erection, testing and commissioning for SOP to LWSS in various GPs near Village Kolka at Odra Stage-5th by Prov. 11/.4 KV, 250 KVA S/Stn. a/w 11 KV HT/LT line in section Khajiar (u) ESD Chamba-II",HPSEBL||CE (OP) North||SE (OP) Dalhousie,1494906.0,1547055.0,3.488
2023_HPSEB_81904_1,"Tender for Supply of equipment / material , design, erection, testing and commissioning for SOP to LWSS for Sihunta and other villages by Prov. 11/.4 KV 400 KVA S/Stn. a/w 11 KV HT and LT line section Sihunta under ESD Sihunta ED Dalhousie",HPSEBL||CE (OP) North||SE (OP) Dalhousie,2241708.0,2194632.0,-2.1
2023_HPSEB_81868_2,DED-63/2023-24,HPSEBL||CE (OP) North||SE (OP) Kangra||Sr. Xen Dharamshala,92539.0,95177.0,2.851
2023_HPSEB_81858_2,DED-61/2023-24,HPSEBL||CE (OP) North||SE (OP) Kangra||Sr. Xen Dharamshala,293300.0,301010.0,2.629
2023_HPSEB_81854_2,DED-59/2023-24,HPSEBL||CE (OP) North||SE (OP) Kangra||Sr. Xen Dharamshala,226835.0,233541.0,2.956
2023_HPSEB_81822_1,Tender for Providing new DTR Sialkar at kuru,HPSEBL||CE(OP) CZ Mandi||SE(OP) Hamirpur||Sr. Xen (E) Jawalamukhi,361615.0,378792.0,4.75
2023_HPSEB_81812_1,Tender for restoration of LWSS Jawalamukhi Town temple,HPSEBL||CE(OP) CZ Mandi||SE(OP) Hamirpur||Sr. Xen (E) Jawalamukhi,997816.0,999811.0,0.2
2023_HPSEB_81790_1,OCN/DB-27/NIT-No-23/2023-24,HPSEBL||CE(OP) South||SE(OP) Nahan,4708070.0,4567075.0,-2.995
2023_HPSEB_81783_1,Tender for Pro SOP to EV charging station M/s HPACIL by prov 100 kVA substation Along with HT,HPSEBL||CE(OP) CZ Mandi||SE(OP) Hamirpur||Sr. Xen (E) Jawalamukhi,736205.0,767493.0,4.25
2023_HPSEB_81780_1,Tender for restoration of water level source scheme damaged / washed away due to flash flood in Beas River,HPSEBL||CE(OP) CZ Mandi||SE(OP) Hamirpur||Sr. Xen (E) Jawalamukhi,734233.0,759931.0,3.5
2023_HPSEB_81777_1,Tender for providing SOP to 4G mobile Tower of BSNL,HPSEBL||CE(OP) CZ Mandi||SE(OP) Hamirpur||Sr. Xen (E) Jawalamukhi,988916.0,999300.0,1.05
2023_HPSEB_81766_1,Tender for Providing and installation of over current /Earth Fault relay for 33/11KV 2x5MVA Sub Station at Dalhousie under ESD HPSEBL Dalhousie,HPSEBL||CE (OP) North||SE (OP) Dalhousie||Sr. Xen Dalhousie,250000.0,198750.0,-20.5
2023_HPSEB_81761_1,"i Tender for Supply of equipment , material , design, erection, testing , commissioning SOP to BSNL by providing 1Phase LT Line to BSNL Tower near village Fatti ii) SOP to BSNL by providing Single Phase LT Line near village Kallar(U)ESD Dalhousie",HPSEBL||CE (OP) North||SE (OP) Dalhousie||Sr. Xen Dalhousie,194872.0,170513.0,-12.5
2023_HPSEB_81760_1,"i)Tender for Supply of equipment , material , design, erection, testing commissioning SOP to BSNL by providing 1Phase LT Line to BSNL Tower at Bhaint (Sanghni) ii) SOP to BSNL by prov. 1Phase LT Line to BSNL Tower at Langera under ESD Salooni",HPSEBL||CE (OP) North||SE (OP) Dalhousie||Sr. Xen Dalhousie,301004.0,286255.0,-4.9
2023_HPSEB_81758_1,"Tender for Supply of equipment material , design, erection, testing commissioning providing SOP to IPH for prov.single Phase LT Line to energize Hand pump located in various village in (E) section HPSEBL Banikhet under ESD Dalhousie.",HPSEBL||CE (OP) North||SE (OP) Dalhousie||Sr. Xen Dalhousie,303967.0,264451.0,-13.0
2023_HPSEB_81757_1,Providing LT extension of left out houses,HPSEBL||CE(OP) South||SE(OP) Rampur||Sr.Xen (E) Rampur,508043.0,452158.0,-11.0
2023_HPSEB_81712_1,"Supply, Installation, Testing and Commissioning of ADSS Optical Fibre Cable and Optical Fibre Ground Wire (OPGW) on 66kV Transmission Line from Reservoir Site at Rungcha to Power House Site at Ganvi for 2x5MW Ganvi Power House Stage II under Ganvi Po",HPSEBL||CE(Gen) Sundernagar||SE(Gen) Bhaba Nagar,1438420.0,1481573.0,3.0
2023_HPSEB_81677_1,Tender for Providing S.O.P. to Hill Highway service station Near Bhagya Hotel Nauni in E Section Jabli under ESD No-1 Bilaspur HP By providing 11 kv CT/PT combined unit out door alongwith with HT Line and LT Line.,HPSEBL||CE(OP) CZ Mandi||SE(OP) Bilaspur||Sr. Xen (E) Bilaspur,635134.0,568445.0,-10.5
2023_HPSEB_81676_1,"Tender for Providing C/o 11 KV HT Line and re-conductoring of 11 kv HT Line to Proposed 100KVA, 11/0.4KV Sub-Station HPPWD Rest House at Namhol in Electrical Section HPSEBL Namhol under ESD HPSEBL Namhol.",HPSEBL||CE(OP) CZ Mandi||SE(OP) Bilaspur||Sr. Xen (E) Bilaspur,473120.0,473120.0,0.0
2023_HPSEB_81672_1,"Tender for Prov. New 11/.4 KV 63KVA S/Stn along with HT and LT line Proposed at Village Tikri in (E) Section Zakatkhana under (E) Sub-Division HPSEBL, Swarghat",HPSEBL||CE(OP) CZ Mandi||SE(OP) Bilaspur||Sr. Xen (E) Bilaspur,606208.0,520490.0,-14.14
2023_HPSEB_81671_1,SOP to MC Car Parking,HPSEBL||CE(OP) South,15564540.0,14489039.0,-6.91
2023_HPSEB_81668_1,Tender for providing SOP for LWSS Raghupurgarh and Jalodi Pass in Electrical section Showad under ESD Anni.,HPSEBL||CE(OP) South||SE(OP) Rampur,1771950.0,1851688.0,4.5
2023_HPSEB_81665_1,"Providing and Fixing 40 Nos. ,36 watt 600 X 600mm Led Panel light of Crompton / Havells make complete in all respect ...ESD HPSEBL Kunihar",HPSEBL||CE(ES) Hamirpur||SE(ES) Shimla||Sr. Xen (ES) 220 KV Kunihar,169920.0,119960.0,-29.402
2023_HPSEB_81650_1,"Reconductoring of 11KV HT line 6/1/2.11 with 6/1/2.59mm2 from Tamber, Barota, utrapur which is isolated since 2013 and back feeding from 11KV Kosari feeder in E-section Dagoh under ESD Chadhiar. TS. No. 162/2023-24",HPSEBL||CE (OP) North||SE (OP) Kangra||Sr. Xen Bajinath,179014.0,148581.0,-17.0
2023_HPSEB_81614_1,Tender for supply installation testing and commissioning of 125 KVA DG Set at Circuit House Manali under Electrical Sub Division NoI HPSEBL Manali,HPSEBL||CE(OP) CZ Mandi||SE(OP) Kullu,942802.0,936202.0,-0.7
2023_HPSEB_81545_2,Tender for the work Providing SOP to LWSS in Gram Panchayat Seri Kothi and Gram Panchayat Batwara in Tehsil Sunder Nagar under ESD HPSEBL Slapper NIT-11/2023-24,HPSEBL||CE(OP) CZ Mandi||SE(OP) Bilaspur,5347504.0,5240019.0,-2.01
2023_HPSEB_81537_2,Tender for the work providing SOP on 11 KV to LIS Saneehan and Dhawal from Koldam Teshil Sundernagar Distt. Mandi,HPSEBL||CE(OP) CZ Mandi||SE(OP) Bilaspur,4672454.0,3971119.0,-15.01
2023_HPSEB_81527_1,OCU-18/2023-24,HPSEBL||CE (OP) North||SE (OP) Una,1936106.0,2022981.0,4.487
2023_HPSEB_81524_1,"Tender for Supply of equipment / material , design, erection, testing commissioning for SOP to LWSS for various habitations in GP Bhandal, GP Salooni ligga Silua Khara etc and source Strengthening of various WSS for GP Kilod, dand Soori in Tehsil s",HPSEBL||CE (OP) North||SE (OP) Dalhousie,2378801.0,2425760.0,1.974
2023_HPSEB_81515_1,Tender for wiring in Je section cum complaint room at Manikaran under ESD HPSEBL Jari,HPSEBL||CE(OP) CZ Mandi||SE(OP) Kullu||Sr. Xen (E) Kullu,160773.0,139241.0,-13.393
2023_HPSEB_81511_1,"Tender for augmentation of 25 KVA, 11/0.4KV to 63 KVA, 11/0.4KV DTR LOT charmali in (E) Section Kolibehar under ESD No.-I, HPSEBL, Kullu.",HPSEBL||CE(OP) CZ Mandi||SE(OP) Kullu||Sr. Xen (E) Kullu,60312.0,62121.0,2.999
2023_HPSEB_81490_1,"Tender for re-organisation of LD system from proposed 63KVA, 11/0.4KV DTR Lingerbansu in (E) section Kolibehar under ESD No. I, HPSEBL, Kullu",HPSEBL||CE(OP) CZ Mandi||SE(OP) Kullu||Sr. Xen (E) Kullu,106940.0,110147.0,2.999
2023_HPSEB_81488_1,"Tender for providing 63KVA, 11/0.4KV DTR Lingerbansu in (E) section Kolibehar under ESD No. I, HPSEBL, Kullu",HPSEBL||CE(OP) CZ Mandi||SE(OP) Kullu||Sr. Xen (E) Kullu,146713.0,151113.0,2.999
2023_HPSEB_81474_1,"Tender for Supply of equipment / material , design, erection, testing and commissioning for SOP to JSV for LWSS Village Baniyag from Saal River to draught affected area n GP Jatkari, Kolka, Kupada, Bhakatpur by Prov. 11/.4 KV 400 KVA S/Stn. a/w 11 K",HPSEBL||CE (OP) North||SE (OP) Dalhousie,2310909.0,2206918.0,-4.5
2023_HPSEB_81470_1,Tender for supply installation testing commissioning of 110V DC100Amps Dual float cum boost charger Main and Standby with DCDB for 110 V 645 Ah Plante type Battery Bank and buy back of existing battery charger with DCDB at Khauli PH HPSEBL Darini,HPSEBL||CE(Gen) Sundernagar||SE(Gen) Palampur,1577790.0,1368800.0,-13.246
2023_HPSEB_81469_1,Tender for providing SOP to Aug. of WSS KHUN Bandal in GP Khani and Kamand in Anni Block Distt. Kullu (HP) in (E) section Anni 1st under ESD Anni.,HPSEBL||CE(OP) South||SE(OP) Rampur,2237433.0,2326931.0,4.0
2023_HPSEB_81466_2,Tender for Supply installation testing commissioning of 220V 200 Ah Plante type Battery Bank aw suitable 220 V 40 A Dual FCBC Main and Standby with DCDB and buy back of existing battery bank and charger for Binwa PH Division HPSEBL Uttrala,HPSEBL||CE(Gen) Sundernagar||SE(Gen) Palampur,2658929.0,2391280.0,-10.066
2023_HPSEB_81464_1,"Tender for Manual and spot billing of 4290 consumers for four month by loading of SBM, meter reading, preparation of energy bills, delivery of energy bills to the consumers duly acknowledged, down loading of SBM, under Electrical Sub-Division,HPSEBL,",HPSEBL||CE (OP) North||SE (OP) Una||Sr. Xen Amb,144830.0,125380.0,-13.43
2023_HPSEB_81463_1,"Tender for Prov. Data Entry of Computer related activities of SAP-ISU, SAP-ERP, SCO, MCO generation, Consumer files , Dairy/Dispatch , Sweeping, Cleaning and other misc. work under ESD HPSEBL Mubarikpur",HPSEBL||CE (OP) North||SE (OP) Una||Sr. Xen Amb,145932.0,126771.0,-13.13
2023_HPSEB_81462_1,"Tender for Manual and spot billing of 6000 consumers for four month by loading of SBM, meter reading, preparation of energy bills, delivery of energy bills to the consumers duly acknowledged, down loading of SBM, under Electrical Sub-Division,HPSEBL,",HPSEBL||CE (OP) North||SE (OP) Una||Sr. Xen Amb,202560.0,178253.0,-12.0
2023_HPSEB_81460_1,"Tender for Manual and spot billing of 5870 consumers for Four month by loading of SBM, meter reading, preparation of energy bills, delivery of energy bills to the consumers duly acknowledged, down loading of SBM, under Electrical Sub-Division,HPSEBL,",HPSEBL||CE (OP) North||SE (OP) Una||Sr. Xen Amb,198171.0,174391.0,-12.0
2023_HPSEB_81433_1,Tender for prov 11 kV HT line to proposed 63 kVA Subsation Gumarali 2nd,HPSEBL||CE(OP) CZ Mandi||SE(OP) Hamirpur||Sr. Xen (E) Jawalamukhi,769675.0,801232.0,4.1
2023_HPSEB_81420_1,"Augmentation of 33-11 kV Sub-station Gaggal, Nadaun from 2x5 MVA to 2x6.3 MVA under 132-33-11 kV Sub-station Gaggal, Nadaun in District Hamirpur",HPSEBL||CE(ES) Hamirpur||SE(Design) Hamirpur,13625616.0,13489701.0,-0.997
2023_HPSEB_81415_1,Tender for SOP to proposed load of 60 kW for De Petro Eco Drive at Mubarikpur in (E) section Mubarikpur (U) ESD HPSEBL Muabrikpur.,HPSEBL||CE (OP) North||SE (OP) Una||Sr. Xen Amb,284875.0,297979.0,4.6
2023_HPSEB_81414_1,"RM of 33 KV HT Line under ECSD, HPSEBL, Karga for the year 2023-24. Sub Head Re-sagging of conductor, Jumpering, Nozzeling, Tightening of Stay",HPSEBL||CE(OP) CZ Mandi||SE(OP) Kullu||Sr. Xen (E) Keylong,180370.0,153314.0,-15.0
2023_HPSEB_81382_1,"Tender for providing 11KV HT Line to proposed 63KVA, 11/0.4KV DTR at Khoduseri in in (E) section Shat under ESD, HPSEBL, Bhuntar",HPSEBL||CE(OP) CZ Mandi||SE(OP) Kullu||Sr. Xen (E) Kullu,475347.0,475346.0,-0.0
2023_HPSEB_81375_2,"Augmentation of 250KVA, 11/0.4KV to 400KVA, 11/0.4KV DTR Naraini in (E) Section Mohal under ESD, HPSEBL, Bhuntar.",HPSEBL||CE(OP) CZ Mandi||SE(OP) Kullu||Sr. Xen (E) Kullu,575803.0,581862.0,1.052
2023_HPSEB_81371_3,"Re-Tender for providing SOP to VVPAT Ware house by providing 250KVA,11/0.4KV DTR in(E) Section Dhalpur under ESD No.-I, HPSEBL, Kullu.",HPSEBL||CE(OP) CZ Mandi||SE(OP) Kullu||Sr. Xen (E) Kullu,870038.0,896137.0,3.0
2023_HPSEB_81358_1,"Tender for New 63 KVA, 22/0.4 KV S/stn Bhauta(Jiskoon) alongwith HT LT line in in Section Dodra under ESD Chirgaon No-II",HPSEBL||CE(OP) South||SE(OP) Rohru||Sr.Xen(E) Rohru,833020.0,580615.0,-30.3
2023_HPSEB_81357_1,"Tender for Shifting of 22KV, HT line, Rohru local feeder to Smt. Poonam W/o Sh. Vinod Kumar, in Electrical Section, Rohru-1 under Electrical, Sub-Division, Rohru",HPSEBL||CE(OP) South||SE(OP) Rohru||Sr.Xen(E) Rohru,158473.0,158394.0,-0.05
2023_HPSEB_81356_1,"Tender for repair and maintenance of SE Residence building under Electrical Division, HPSEBL Rohru",HPSEBL||CE(OP) South||SE(OP) Rohru||Sr.Xen(E) Rohru,244815.0,191690.0,-21.7
2023_HPSEB_81355_1,"Tender for repair and maintenace of office building of Electrical Sub-Division, HPSEBL, Tikker under Electrical Division HPSEBL Rohru",HPSEBL||CE(OP) South||SE(OP) Rohru||Sr.Xen(E) Rohru,255223.0,194735.0,-23.7
2023_HPSEB_81352_1,"Tender for New Shifting of 22Kv HT line (Dhamwari Feeder) at village Ramai, P.O. Pekha for HPPTCL(Govt Company) in Electrical Section,Amlatoo under Electrical Sub-Division Chirgoan No-II",HPSEBL||CE(OP) South||SE(OP) Rohru||Sr.Xen(E) Rohru,191790.0,189872.0,-1.0
2023_HPSEB_81351_1,"Tender for New 63 KVA, 22/0.4 KV S/stn Chambanal 3rd alongwith HT LT line in in (E) Section Pujarli-4 under ESD Tikkar",HPSEBL||CE(OP) South||SE(OP) Rohru||Sr.Xen(E) Rohru,550865.0,403784.0,-26.7
2023_HPSEB_81349_1,"Tender for New 63 KVA, 22/0.4 KV S/stn Rawani (Khalai) alongwith HT LT line in (E) Section Deoli under ESD Tikkar",HPSEBL||CE(OP) South||SE(OP) Rohru||Sr.Xen(E) Rohru,518130.0,379271.0,-26.8
2023_HPSEB_81346_1,"Tender for New 63 KVA, 22/0.4 KV S/stn Bhaloon Dogri alongwith HT LT line in (E) Section Summerkot under ESD Rohru",HPSEBL||CE(OP) South||SE(OP) Rohru||Sr.Xen(E) Rohru,512435.0,511923.0,-0.1
2023_HPSEB_81343_1,"Tender for New 63 KVA, 22/0.4 KV S/stn Shardu alongwith HT LT line in Rohru-II under ESD Rohru",HPSEBL||CE(OP) South||SE(OP) Rohru||Sr.Xen(E) Rohru,542315.0,541773.0,-0.1
2023_HPSEB_81338_1,"Tender for New 63 KVA, 22/0.4 KV S/stn Tiludhar alongwith HT LT line in (E) Section Pujarli-IV under ESD Tikkar",HPSEBL||CE(OP) South||SE(OP) Rohru||Sr.Xen(E) Rohru,498375.0,365807.0,-26.6
2023_HPSEB_81336_1,"Tender for New 63 KVA, 22/0.4 KV S/stn Koti-IInd alongwith HT LT line in (E) Section (E) Section Pujarli-IV under ESD Tikkar",HPSEBL||CE(OP) South||SE(OP) Rohru||Sr.Xen(E) Rohru,340965.0,249927.0,-26.7
2023_HPSEB_81333_1,"Tender for New 63 KVA, 22/0.4 KV S/stn Shallash-IInd alongwith HT LT line in (E) Section Kalgaon under ESD Tikkar",HPSEBL||CE(OP) South||SE(OP) Rohru||Sr.Xen(E) Rohru,615805.0,451385.0,-26.7
2023_HPSEB_81302_1,Estimate for RR of 33 Nos Rotten wooden cross arms with C I 2800x100x50x6mm and Cross arm C I 1800x100x50x6mm in (E) section Bagsiad under Electrical Sub Division HPSEBL janjehli.,HPSEBL||CE(OP) CZ Mandi||SE(OP) Mandi||Sr. Xen (E) Gohar,170290.0,153260.0,-10.001
2023_HPSEB_81300_1,Estimate for Shifting of 22 KV HT Line near the under construction building Indoor sports stadium in Govt. Degree collage Bassa (Gohar) Distt. Mandi in (E) section Gohar under Electrical Sub Division HPSEBL Gohar.,HPSEBL||CE(OP) CZ Mandi||SE(OP) Mandi||Sr. Xen (E) Gohar,69260.0,62331.0,-10.004
2023_HPSEB_81298_1,Estimate for providing SOP to Jal Shakti Vibag constructed MBR-3 at Shaitadhar in (E) section Janjehli under Electrical Sub Division HPSEBL Janjehli.,HPSEBL||CE(OP) CZ Mandi||SE(OP) Mandi||Sr. Xen (E) Gohar,90605.0,86075.0,-5.0
2023_HPSEB_81295_1,"Estimate for providing LT Extension to left out Houses from existing 100 KVA, 22/0.4 KV Sub-station Bung in (E) section Jenjehli under Electrical Sub Division HPSEBL Janjehli.",HPSEBL||CE(OP) CZ Mandi||SE(OP) Mandi||Sr. Xen (E) Gohar,60965.0,54868.0,-10.001
2023_HPSEB_81292_1,"Estimate for providing LT Extension to left out Houses from existing 100 KVA, 22/0.4 KV Sub-station Ghatta 1st and Bhiura-2nd in (E) section Baggi under Electrical Sub Division HPSEBL Baggi.",HPSEBL||CE(OP) CZ Mandi||SE(OP) Mandi||Sr. Xen (E) Gohar,55085.0,49577.0,-9.999
2023_HPSEB_81287_1,Estimate for providing SOP to inspection Hut at Janjehli (Dheem) in (E) section Janjehli under Electrical Sub Division HPSEBL Janjehli,HPSEBL||CE(OP) CZ Mandi||SE(OP) Mandi||Sr. Xen (E) Gohar,108860.0,97980.0,-9.994
2023_HPSEB_81284_1,"Estimate for Raising of Height of 33kV Jutog to Ashwani Khad Line (Near ALDC) (Electrical Part) under Aug (Elect) sub Division HPSEBL M.C. Car Parking, HPSEBL Shimla",HPSEBL||CE(OP) South||SE(OP) Shimla||Sr. Xen (E)-II Kasumpti,186729.0,179260.0,-4.0
2023_HPSEB_81255_1,SEOP43/2023-24,HPSEBL||CE (OP) North||SE (OP) Kangra,1004891.0,1053927.0,4.88
2023_HPSEB_81252_1,OCU-17/2023-24,HPSEBL||CE (OP) North||SE (OP) Una,596307.0,623367.0,4.538
2023_HPSEB_81251_1,seop42/2023-24,HPSEBL||CE (OP) North||SE (OP) Kangra,854684.0,881713.0,3.162
2023_HPSEB_81235_1,DED-57/2023-24,HPSEBL||CE (OP) North||SE (OP) Kangra||Sr. Xen Dharamshala,127627.0,131512.0,3.044
2023_HPSEB_81201_1,"Tender for Supply of equipment / material, design, erection, testing, commissioning, for Aug. of 100KVA to 250KVA S/stn. Molichak-I at banuri in E-section Banuri under ESD Panchrukhi. T.S. No.93/2023-24.",HPSEBL||CE (OP) North||SE (OP) Kangra||Sr. Xen Bajinath,259921.0,266418.0,2.5
2023_HPSEB_81198_1,replacement of 172 Nos Rotten wooden poles under (E) Section Kwar,HPSEBL||CE(OP) South||SE(OP) Rohru,2229850.0,2006865.0,-10.0
2023_HPSEB_81187_1,OCN/DB-27/NIT-No-22/2023-24,HPSEBL||CE(OP) South||SE(OP) Nahan,3344337.0,3308887.0,-1.06
2023_HPSEB_81185_2,OCN/DB-27/NIT-No-21/2023-24,HPSEBL||CE(OP) South||SE(OP) Nahan,1681385.0,3635391.0,116.214
2023_HPSEB_81129_1,RED/142-2023-24,HPSEBL||CE(OP) South||SE(OP) Nahan||Sr. Xen (E) Rajgarh,414916.0,402527.0,-2.986
2023_HPSEB_81128_2,"Est for Extension of LT line from 630 kVA DTR Lower Tutikandi and 250 kVA Janta store, est for Extension of LT line near pundir niwas at Kachighati and est for strengthening and extension of LT line at Baag Gaon under ESD, Boileauganj",HPSEBL||CE(OP) South||SE(OP) Shimla||Sr. Xen (E) City,843363.0,737942.0,-12.5
2023_HPSEB_81123_1,RED/141-2023-24,HPSEBL||CE(OP) South||SE(OP) Nahan||Sr. Xen (E) Rajgarh,424354.0,411682.0,-2.986
2023_HPSEB_81113_1,Estimate for Extension of LT line at different locations from 630 kVA DTR Audit colony and estimate for Extension of LT Line Near B D Sharma and others from 630 kVA DTR Co-operative Bank in ES Summer Hill under CESD Boileaganj,HPSEBL||CE(OP) South||SE(OP) Shimla||Sr. Xen (E) City,382599.0,298427.0,-22.0
2023_HPSEB_81109_1,HPSEBL/EDHMR/94,HPSEBL||CE(ES) Hamirpur||SE(Design) Hamirpur,620993.0,614784.0,-1.0
2023_HPSEB_81107_1,HPSEBL/EDHMR/93,HPSEBL||CE(ES) Hamirpur||SE(Design) Hamirpur,228633.0,225204.0,-1.5
2023_HPSEB_81074_1,"Estimate for Strengthening and Extension of LT line at upper Chakkar near Snow valley from 630 kVA DTR Forest Colony in Electrical section Ghora Chowki under CESD, HPSEBL Boileauganj, Shimla-05, (WBS No 32100264-001-CITY- LT-009)",HPSEBL||CE(OP) South||SE(OP) Shimla||Sr. Xen (E) City,565832.0,452665.0,-20.0
2023_HPSEB_81063_1,HPSEBL/EDHMR/92,HPSEBL||CE(ES) Hamirpur||SE(Design) Hamirpur,871421.0,896257.0,2.85
2023_HPSEB_81055_1,"Construction of 63 KVA, 11/0.4KV S/Stn a/w 11 KV HT and 3-Ph LT line to provide SOP to LWSS Jaral Manjru on turnkey basis under ESD HPSEBL Bijhar (ED Barsar).",HPSEBL||CE(OP) CZ Mandi||SE(OP) Hamirpur||Sr. Xen (E) Barsar,610525.0,639159.0,4.69
2023_HPSEB_81039_1,"Tender for Supply of equipment / material, design, erection, testing, commissioning, for SOP WSS Lower Nain for Improvement of WSS Hotla, Banuri, Saliana in E-Section Kandwari under ESD Paprola. T.S. No. 107/2023-24.",HPSEBL||CE (OP) North||SE (OP) Kangra||Sr. Xen Bajinath,812505.0,763754.0,-6.0
2023_HPSEB_81009_1,Estimate for prov. Aug. of 1-ph to 3-ph LT line at Jahu Bazaar on partial turnkey basis under ESD HPSEBL Bhareri.(ED Barsar),HPSEBL||CE(OP) CZ Mandi||SE(OP) Hamirpur||Sr. Xen (E) Barsar,206118.0,215991.0,4.79
2023_HPSEB_80924_1,Tender for deployment of maintenance gang 1 Supervisor 13 Skilled Labourers during winter Season for 66KV 220 kV Transmission Line Consisting of Skilled unskilled members along with T and P Vehicle making boarding and lodging arrangements for,HPSEBL||CE(ES) Hamirpur||SE(ES) Shimla||Sr. Xen (ES) Kotla,465722.0,469406.0,0.791
2023_HPSEB_80909_1,GED 80/2023-24,HPSEBL||CE (OP) North||SE (OP) Una||Sr. Xen Gagret,739093.0,775900.0,4.98
2023_HPSEB_80897_1,NED-161/2023-24,HPSEBL||CE(OP) South||SE(OP) Nahan||Sr.Xen (E) Nahan,995997.0,985539.0,-1.05
2023_HPSEB_80875_1,"providing LT extension to LOH from various existing Sub-station 63 KVA Kayarad,25 KVA Gater , 63 KVA Ganana in (E) Section Bhrarighat, under Electrical Sub-Division, HPSEBL, Darlaghat",HPSEBL||CE(OP) South||SE(OP) Solan||Sr. Xen(E) Arki,111010.0,105460.0,-5.0
2023_HPSEB_80866_1,"providing LT extension to LOH at village Roop ki Ber Bathlang from existing 100 KVA S/Stn. Planiya and LT extension to village Palkari from various existing Sub Station 63 KVA Bhandi,63KVA Gohari, 25 KVA Palkari in Electrical Section Shalaghat.",HPSEBL||CE(OP) South||SE(OP) Solan||Sr. Xen(E) Arki,139391.0,118397.0,-15.061
2023_HPSEB_80862_1,"providing LT extension (3-phase) to LOH at village Jyauli from existing 63KVA S/Stn. Balera-II in Electrical Section Balera under Electrical Sub-Division, HPSEBL,Bhumti.",HPSEBL||CE(OP) South||SE(OP) Solan||Sr. Xen(E) Arki,87955.0,76520.0,-13.001
2023_HPSEB_80859_1,"Augmentation of 1-phase line in to 3-phase from existing 100KVA S/Stn., Patta Browry-I to Nehru Yuva Club in (E) Section Patta Browry, under Electrical Sub Division, HPSEBL, Kunihar.",HPSEBL||CE(OP) South||SE(OP) Solan||Sr. Xen(E) Arki,148082.0,128382.0,-13.303
2023_HPSEB_80857_1,"providing 3-phase LT extension to Devi-Dhar Temple at Serighat from existing 100KVA S/Stn. Serighat in Electrical Section Sayri under Electrical Sub-Division, HPSEBL,Kunihar",HPSEBL||CE(OP) South||SE(OP) Solan||Sr. Xen(E) Arki,82556.0,72650.0,-11.999
2023_HPSEB_80853_1,PED 64/2023-24,HPSEBL||CE (OP) North||SE (OP) Kangra||Sr. Xen Palampur,550057.0,574315.0,4.41
2023_HPSEB_80850_1,"providing LT extension and Augmentation (1-phase to 3-phase) to village Khali,Chalai,Paniyar from existing 63KVA ,11/0.4 KV S/Stn., Kanswala in (E) Section Darlaghat,, under Electrical Sub-Division, HPSEBL, Darlaghat.",HPSEBL||CE(OP) South||SE(OP) Solan||Sr. Xen(E) Arki,67175.0,57097.0,-15.003
2023_HPSEB_80844_1,Estimate for providing Street Light point at different locations under Electrical Section Kasumpti under ESD Kasumpti-09,HPSEBL||CE(OP) South||SE(OP) Shimla||Sr. Xen (E)-II Kasumpti,369272.0,324959.0,-12.0
2023_HPSEB_80842_1,PED 63/2023-24,HPSEBL||CE (OP) North||SE (OP) Kangra||Sr. Xen Palampur,81334.0,84920.0,4.409
2023_HPSEB_80822_1,"Tender for renewal and replacement of existing tubelight fixtures with LED street light fixtures from Bassi P H to Link Road Bassi, Zero point Shanan HPSEBL Colony Shanan Civil Mtc Sub Division surrounding area at Shanan under BPHD JNR.","HPSEBL||CE(Gen) Sundernagar||SE(Gen) Palampur||RE, Bassi, J/Nagar",298859.0,224159.0,-24.995
2023_HPSEB_80810_1,"Estimate for reorganization of LT line load distribution along with additional new 63 KVA, 11_0.4 KV Sub- Station Pangon in Elect. Section Local under ESD, HPSEBL, Makriri under ED HPSEBL, Joginder Nagar.",HPSEBL||CE(OP) CZ Mandi||SE(OP) Mandi||Sr. Xen (E) J/ Nager,250157.0,249532.0,-0.25
2023_HPSEB_80800_1,"Providing 1 phase LT Line Extension left out houses at Village Mains Ghati from existing 25 KVA 11/0.4 KV S/Stn Thach-2nd and village Bhojpur and Audi Badnu existing 63 KVA,11/0.4 KV S/Stn Ghanser in E section chhakoh under ESD HPSEBL Namhol",HPSEBL||CE(OP) CZ Mandi||SE(OP) Bilaspur||Sr. Xen (E) Bilaspur,65916.0,61954.0,-6.011
2023_HPSEB_80798_1,"Estimate for replacement of lengthy services, replacement of bare conductor with AB Cable and LT extension with AB cable in Elect. Section Local Joginder Nagar and LT extension to left out houses in Elect. Section Drahal and Drubbal under ED HPSEBL,",HPSEBL||CE(OP) CZ Mandi||SE(OP) Mandi||Sr. Xen (E) J/ Nager,463635.0,463218.0,-0.09
2023_HPSEB_80764_1,NED-160/2023-24,HPSEBL||CE(OP) South||SE(OP) Nahan||Sr.Xen (E) Nahan,252290.0,180261.0,-28.55
2023_HPSEB_80749_1,HPSEBL/EDHMR/89,HPSEBL||CE(ES) Hamirpur||SE(Design) Hamirpur,765343.0,794807.0,3.85
2023_HPSEB_80748_1,"Tender for Providing Conversion 1 phase to 3 phase LT Line along with AB cable at Vill. Saran and Benshek S/Stn from Existing 63 KVA, 11/0.4 KV Sub-Station Chilag Surhar in Electrical Section Chhakoh under ESD Namhol",HPSEBL||CE(OP) CZ Mandi||SE(OP) Bilaspur||Sr. Xen (E) Bilaspur,60973.0,60973.0,0.0
2023_HPSEB_80720_1,Pro 63 kVa substation along with HT nad LT line at Rjol,HPSEBL||CE(OP) CZ Mandi||SE(OP) Hamirpur||Sr. Xen (E) Jawalamukhi,746972.0,765646.0,2.5
2023_HPSEB_80684_2,HPSEBL/ESDU-14/2023-24,HPSEBL||CE(ES) Hamirpur||SE(ES) Hamirpur||Sr. Xen (ES) Una (Rakkar),147618.0,121047.0,-18.0
2023_HPSEB_80648_1,"Deposit estimate of replacement of 3 phase LT line with A.B cable in Elect. Section Banander, Shifting of LT Line in Elect. Section Local Jogindernagar, Shifting of LT line in Elect. Section Local Padhar and Providing S.O.P. to 3_Phase Industry in",HPSEBL||CE(OP) CZ Mandi||SE(OP) Mandi||Sr. Xen (E) J/ Nager,126323.0,125818.0,-0.4
2023_HPSEB_80638_1,PED 61/2023-24,HPSEBL||CE (OP) North||SE (OP) Kangra||Sr. Xen Palampur,641073.0,661203.0,3.14
2023_HPSEB_80636_1,PED 60/2023-24,HPSEBL||CE (OP) North||SE (OP) Kangra||Sr. Xen Palampur,141744.0,141036.0,-0.499
2023_HPSEB_80563_1,72/2023-24,HPSEBL||CE(OP) CZ Mandi||SE(OP) Mandi||Sr. Xen (E) S/Ghat,92469.0,84610.0,-8.499
2023_HPSEB_80556_1,"Tender for Providing 1 phase LT Line Extension left out houses in place of lenghty services from 63 KVA 11/0.4 KV S/Stn Toba 2nd,25 KVA 11/0.4 KV S/Stn. Neela And 63 KVA 11/0.4 KV S/Stn Jhiriya Ist in E section Kot under ESD HPSEBL Kot",HPSEBL||CE(OP) CZ Mandi||SE(OP) Bilaspur||Sr. Xen (E) Bilaspur,66989.0,64309.0,-4.001
2023_HPSEB_80552_2,SED-20/2023-24,HPSEBL||CE (OP) North||SE (OP) Kangra||Sr. Xen Shahpur,77293.0,77293.0,0.0
2023_HPSEB_80549_2,SED-19/2023-24,HPSEBL||CE (OP) North||SE (OP) Kangra||Sr. Xen Shahpur,75366.0,75366.0,0.0
2023_HPSEB_80544_3,SED-18/2023-24,HPSEBL||CE (OP) North||SE (OP) Kangra||Sr. Xen Shahpur,116588.0,116588.0,0.0
2023_HPSEB_80503_1,DED-55/2023-24,HPSEBL||CE (OP) North||SE (OP) Kangra||Sr. Xen Dharamshala,69018.0,71840.0,4.089
2023_HPSEB_80502_1,DED-54/2023-24,HPSEBL||CE (OP) North||SE (OP) Kangra||Sr. Xen Dharamshala,486668.0,492508.0,1.2
2023_HPSEB_80500_1,DED-53/2023-24,HPSEBL||CE (OP) North||SE (OP) Kangra||Sr. Xen Dharamshala,56370.0,57412.0,1.849
2023_HPSEB_80499_1,DED-52/2023-24,HPSEBL||CE (OP) North||SE (OP) Kangra||Sr. Xen Dharamshala,464776.0,477373.0,2.71
2023_HPSEB_80497_1,DED-51/2023-24,HPSEBL||CE (OP) North||SE (OP) Kangra||Sr. Xen Dharamshala,518604.0,541602.0,4.435
2023_HPSEB_80496_1,DED-50/2023-24,HPSEBL||CE (OP) North||SE (OP) Kangra||Sr. Xen Dharamshala,469197.0,489451.0,4.317
2023_HPSEB_80494_1,DED-49/2023-24,HPSEBL||CE (OP) North||SE (OP) Kangra||Sr. Xen Dharamshala,551502.0,568421.0,3.068
2023_HPSEB_80464_3,Estimate for Providing 11 KV HT Line to proposed 63,HPSEBL||CE(OP) CZ Mandi||SE(OP) Bilaspur||Sr. Xen (S/Nagar),330152.0,339973.0,2.975
2023_HPSEB_80435_1,"prov. 11 KV HT Line to Prop. 11/0.4 KV, 63 KVA S/stn Rakha Basti",HPSEBL||CE (OP) North||SE (OP) Kangra||Sr. Xen Dehra,542150.0,276654.0,-48.971
2023_HPSEB_80432_1,"prov. Proposed 11/0.4 KV, 63 KVA S/stn Rakha Basti",HPSEBL||CE (OP) North||SE (OP) Kangra||Sr. Xen Dehra,836295.0,456986.0,-45.356
2023_HPSEB_80430_1,"prov. Prop. 11/0.4 KV, 63 KVA S/stn Dhaliara",HPSEBL||CE (OP) North||SE (OP) Kangra||Sr. Xen Dehra,343885.0,173836.0,-49.449
2023_HPSEB_80429_3,"Estimate for providing augmentation of existing 100 KVA ,11/0.4 KV S/Stn Golbag-1st at Dehri to 250 KVA ,11/0.4 KV under ESD Sundernagar.",HPSEBL||CE(OP) CZ Mandi||SE(OP) Bilaspur||Sr. Xen (S/Nagar),249594.0,257456.0,3.15
2023_HPSEB_80426_1,E47-23-24,HPSEBL||CE(OP) South||SE(OP) Solan,71384.0,70670.0,-1.0
2023_HPSEB_80425_1,"prov. 11 KV HT Line to Prop. 11/0.4 KV, 63 KVA S/stn Dhaliara",HPSEBL||CE (OP) North||SE (OP) Kangra||Sr. Xen Dehra,866245.0,409727.0,-52.701
2023_HPSEB_80418_1,"prov. 11 KV HT Line to Prop. 11/0.4 KV, 63 KVA S/stn Tiamal",HPSEBL||CE (OP) North||SE (OP) Kangra||Sr. Xen Dehra,603195.0,460728.0,-23.619
2023_HPSEB_80414_1,GED 82/2023-24,HPSEBL||CE (OP) North||SE (OP) Una||Sr. Xen Gagret,990408.0,1038938.0,4.9
2023_HPSEB_80405_1,"Estimate for R/R of 8 No. LT Distribution pannel box for various substations in Eectrical section Slapper-2nd under ESD , HPSEB,Ltd. Slapper. T.S- 93/2023-24 S/Amt-1,72,556 WBS-32100235-001-SNR-S/S-126.",HPSEBL||CE(OP) CZ Mandi||SE(OP) Bilaspur||Sr. Xen (S/Nagar),120736.0,113491.0,-6.001
2023_HPSEB_80404_2,"Estimate for R/R of 8 No. LT Distribution pannel box for various substations in Eectrical section Slapper-1st under ESD , HPSEB,Ltd. Slapper. T.S- 92/2023-24 S/Amt-2,35,804 WBS-32100235-001-SNR-S/S-125.",HPSEBL||CE(OP) CZ Mandi||SE(OP) Bilaspur||Sr. Xen (S/Nagar),164990.0,149480.0,-9.401
2023_HPSEB_80402_1,"Estimate for R/R of 8 No. LT Distribution pannel box for various substations in Eectrical section Jarol under ESD , HPSEB,Ltd. Slapper. T.S- 94/2023-24 S/Amt-1,75,297 WBS-32100235-001-SNR-S/S-127.",HPSEBL||CE(OP) CZ Mandi||SE(OP) Bilaspur||Sr. Xen (S/Nagar),122654.0,115291.0,-6.003
2023_HPSEB_80401_2,"Estimate for R/R of 8 No. LT Distribution pannel box for various substations in Eectrical section Dehar under ESD , HPSEB,Ltd. Slapper. T.S- 91/2023-24 S/Amt-2,55,910 WBS-32100235-001-SNR-S/S-124.",HPSEBL||CE(OP) CZ Mandi||SE(OP) Bilaspur||Sr. Xen (S/Nagar),179058.0,162585.0,-9.2
2023_HPSEB_80397_1,Estimate for providing cutting and lopping of tree branches underneath 33 KV HT line Slapper-Sundernagar and Kangoo Sundernagar feeder under SSSD Sundernagar,HPSEBL||CE(OP) CZ Mandi||SE(OP) Bilaspur||Sr. Xen (S/Nagar),126236.0,131252.0,3.974
2023_HPSEB_80396_2,Estimate for providing cutting and lopping of tree branches underneath 33 KV HT line Slapper-Sundernagar and Kangoo Sundernagar feeder under SSSD Sundernagar,HPSEBL||CE(OP) CZ Mandi||SE(OP) Bilaspur||Sr. Xen (S/Nagar),194488.0,190624.0,-1.987
2023_HPSEB_80394_1,Estimate for providing cutting and lopping of tree branches underneath 33 KV HT line Bijni Sundernagar feeder under SSSD Sundernagar,HPSEBL||CE(OP) CZ Mandi||SE(OP) Bilaspur||Sr. Xen (S/Nagar),114156.0,119750.0,4.9
2023_HPSEB_80386_1,"Estimate for augmentation of existing 100 KVA,11 to 0.4 KV DTR Makrena_III to 11 to 0.4 KV 250 KVA in Elect. Section Local Joginder Nagar and LT extension to left out houses in Elect. Section Ahju under ED HPSEBL, Joginder Nagar.",HPSEBL||CE(OP) CZ Mandi||SE(OP) Mandi||Sr. Xen (E) J/ Nager,160370.0,160210.0,-0.1
2023_HPSEB_80383_1,"prov. Prop. 11/0.4 KV, 63 KVA S/stn Tiamal at Kathiara-II",HPSEBL||CE (OP) North||SE (OP) Kangra||Sr. Xen Dehra,800915.0,495379.0,-38.148
2023_HPSEB_80367_1,"Tender for Prov. L.T Line extension to Left Out houses from existing 100 KVA S/Stn Kikarawali, 250 KVA S/Stn Behal, 63 KVA S/Stn REE-I, 63 KVA S/Stn Gara-II and 100 KVA Behal-II in (E) Section Behal under ESD HPSEBL Swarghat",HPSEBL||CE(OP) CZ Mandi||SE(OP) Bilaspur||Sr. Xen (E) Bilaspur,245396.0,223801.0,-8.8
2023_HPSEB_80365_1,"Tender for Providing LT Extension to Left Out houses from existing 25 KVA S/Stn Malaun Pangwana,63 KVA S/Stn Mehla, 63 KVA S/Stn Bhasara, 63KVA S/Stn Janali, 63 KVA S/Stn Bag Katier-I and 63 KVA Dhara in (E) Section Swahan under ESD HPSEBL Swarghat.",HPSEBL||CE(OP) CZ Mandi||SE(OP) Bilaspur||Sr. Xen (E) Bilaspur,296335.0,272628.0,-8.0
2023_HPSEB_80320_2,GED 81/2023-24,HPSEBL||CE (OP) North||SE (OP) Una||Sr. Xen Gagret,687672.0,721367.0,4.9
2023_HPSEB_80269_1,GED 79/2023-24,HPSEBL||CE (OP) North||SE (OP) Una||Sr. Xen Gagret,719549.0,755311.0,4.97
2023_HPSEB_80267_1,NED-151/2023-24,HPSEBL||CE(OP) South||SE(OP) Nahan||Sr.Xen (E) Nahan,375476.0,317277.0,-15.5
2023_HPSEB_80234_1,"Estimate for SOP to RTO office by providing 1x250 kva, 11/0.4 kv s/station near 103 tunnel in electrical section Vice Regal lodge under CESD Boileauganj Shimla -05,under the jurisdiction of this Division (WBS No. D-23-1236)",HPSEBL||CE(OP) South||SE(OP) Shimla||Sr. Xen (E) City,993457.0,814634.0,-18.0
2023_HPSEB_80207_1,GED 78/2023-24,HPSEBL||CE (OP) North||SE (OP) Una||Sr. Xen Gagret,924312.0,970066.0,4.95
2023_HPSEB_80196_1,LT Extension in ES Jubbal,HPSEBL||CE(OP) South||SE(OP) Rohru||Sr. Xen (E) Jubbal,123832.0,117640.0,-5.0
2023_HPSEB_80191_1,"Providing LT extension to newly constructed houses at Loran from existing 250KVA, 11/0.4KV DTR Shitlamata in (E) Section Sarwari under ESD No. 1, HPSEBL, Kullu.",HPSEBL||CE(OP) CZ Mandi||SE(OP) Kullu||Sr. Xen (E) Kullu,74264.0,74263.0,-0.001
2023_HPSEB_80186_1,22 KV HT Line,HPSEBL||CE(OP) South||SE(OP) Rohru||Sr. Xen (E) Jubbal,171667.0,163084.0,-5.0
2023_HPSEB_80175_1,Ercetion of 63 KVA Sub- Station and LT line,HPSEBL||CE(OP) South||SE(OP) Rohru||Sr. Xen (E) Jubbal,119275.0,113311.0,-5.0
2023_HPSEB_80173_1,Providing 63 kVA substation at Jaseher along with HT And LT line,HPSEBL||CE(OP) CZ Mandi||SE(OP) Hamirpur||Sr. Xen (E) Jawalamukhi,627650.0,647107.0,3.1
2023_HPSEB_80161_1,BID NO UED/126/2023-24,HPSEBL||CE (OP) North||SE (OP) Una||Sr. Xen Una,433410.0,450532.0,3.951
2023_HPSEB_80160_1,Providing 63 kVA substation Sakruhi at Bill Pattiyan,HPSEBL||CE(OP) CZ Mandi||SE(OP) Hamirpur||Sr. Xen (E) Jawalamukhi,888399.0,916383.0,3.15
2023_HPSEB_80153_1,BID NO UED/125/2023-24,HPSEBL||CE (OP) North||SE (OP) Una||Sr. Xen Una,537190.0,558425.0,3.953
2023_HPSEB_80152_1,"Tender for providing LT extension to left out houses, providing LT extension by replacement of lengthy PVC with bare conductor and providing line clearance of LT line in ES Baragaon under ESD Baragaon",HPSEBL||CE(OP) South||SE(OP) Rampur||Sr.Xen (E) Rampur,187909.0,174755.0,-7.0
2023_HPSEB_80151_1,GED 77/2023-24,HPSEBL||CE (OP) North||SE (OP) Una||Sr. Xen Gagret,875969.0,918804.0,4.89
2023_HPSEB_80145_1,Tender for prov. 63 kVA substation Kharmuna at Saleti,HPSEBL||CE(OP) CZ Mandi||SE(OP) Hamirpur||Sr. Xen (E) Jawalamukhi,737626.0,757911.0,2.75
2023_HPSEB_80142_1,BID NO UED/124/2023-24,HPSEBL||CE (OP) North||SE (OP) Una||Sr. Xen Una,648469.0,674087.0,3.951
2023_HPSEB_80137_1,"Tender for providing LT extension to left out houses, providing LT extension by replacement of lengthy PVC with bare conductor and providing line clearance of LT line in ES Malendi under ESD Baragaon",HPSEBL||CE(OP) South||SE(OP) Rampur||Sr.Xen (E) Rampur,187682.0,174544.0,-7.0
2023_HPSEB_80134_1,"Interlinking of 11KV Kolibehar feeder to 11KV Gandhinagar feeder from Lankabekar to Dobha in (E) section Kolibehar Under ESD No. I, HPSEBL, Kullu.",HPSEBL||CE(OP) CZ Mandi||SE(OP) Kullu||Sr. Xen (E) Kullu,726930.0,726930.0,0.0
2023_HPSEB_80131_1,Tender for providing LT extension to left out houses and providing LT extension by replacement of lengthy PVC with bare conductor in ES Kangal under ESD Baragaon.,HPSEBL||CE(OP) South||SE(OP) Rampur||Sr.Xen (E) Rampur,228740.0,212728.0,-7.0
2023_HPSEB_80130_1,"Replacement of overhead conductor (50 sq.mm) with 11 KV AB Cable of 11KV Dalighat and Shalang feeder Under ESD No. II, HPSEBL, Kullu.",HPSEBL||CE(OP) CZ Mandi||SE(OP) Kullu||Sr. Xen (E) Kullu,242872.0,242903.0,0.013
2023_HPSEB_80127_1,"Tender for providing 22/0.4KV, 63KVA Sub-Station along with HT LT line for prop 63 kva DTR Bhareri 3rd in Electrical Section kingal under ESD HPSEBL Baragaon.T.S.No. 98/2022-23, S.A.-617490/- T.S.No.-99/2022-23, S.A.-410250/-",HPSEBL||CE(OP) South||SE(OP) Rampur||Sr.Xen (E) Rampur,334377.0,310971.0,-7.0
2023_HPSEB_80118_1,Tender for providing LT extension to left out houses and providing LT extension by replacement of lengthy PVC with bare conductor in ES Baragaon under ESD Baragaon,HPSEBL||CE(OP) South||SE(OP) Rampur||Sr.Xen (E) Rampur,148277.0,137898.0,-7.0
2023_HPSEB_80115_1,"Estimate for providing 11 KV GO switches and D.O. fuse units, renewal and Replacement of damaged 11 KV G.O. switches and D.O. Fuses under ESD Lad Bharol, ESD Chauntra and ESD No.I Joginder Nagar under Electrical Division, HPSEBL Joginder Nagar.",HPSEBL||CE(OP) CZ Mandi||SE(OP) Mandi||Sr. Xen (E) J/ Nager,191680.0,191488.0,-0.1
2023_HPSEB_80082_2,GED 76/2023-24,HPSEBL||CE (OP) North||SE (OP) Una||Sr. Xen Gagret,604628.0,631836.0,4.5
2023_HPSEB_80040_1,GED 75/2023-24,HPSEBL||CE (OP) North||SE (OP) Una||Sr. Xen Gagret,382462.0,401203.0,4.9
2023_HPSEB_80001_1,"Replacement of unservicable Battery Bank and Providing, erection, testing and commissioning of Battery Bank in 33to11 KV, 1x2.5plus1x4.00MVA Sub-Station Lad Bharol at Challanu under Electrical Sub-Division, HPSEBL, Lad Bharol.",HPSEBL||CE(OP) CZ Mandi||SE(OP) Mandi||Sr. Xen (E) J/ Nager,96209.0,99576.0,3.5
2023_HPSEB_79960_1,GED 74/2023-24,HPSEBL||CE (OP) North||SE (OP) Una||Sr. Xen Gagret,577307.0,606115.0,4.99
2023_HPSEB_79945_1,Renewal/Replacement of old existing 145 KV 1600 amp. SF-6 circuit Breaker Make BHEL and Current Transformer with new SF-6 Circuit Breaker and Current Transformwr and shifting of 132/33 KV 25/31.5 MVA Power Transformer at 132/33 KV Sub-Station Bijni.,HPSEBL||CE(ES) Hamirpur||SE(ES) Hamirpur||Sr. Xen (ES) Bijni Mandi,359063.0,369657.0,2.95
2023_HPSEB_79940_1,HPSEBL/BED/DB-Tender JOB.22,HPSEBL||CE(OP) South||SE(OP) Solan||Sr.Xen (E) Baddi,511423.0,438601.0,-14.239
2023_HPSEB_79937_1,Tender for replacement of damaged OPGW cable,HPSEBL||CE(ES) Hamirpur||SE(ES) Hamirpur||Sr. Xen (ES) Bijni Mandi,278397.0,292288.0,4.99
2023_HPSEB_79927_1,"Tender for Prov. New 3-Ph LT line from existing 11/0.4kV, 63 kVA S/Stn. Kadh near Railway line for energize 1 no. T/Well at village Kadh in (E) section Banehra (U) ESD HPSEBL Mubarikpur.",HPSEBL||CE (OP) North||SE (OP) Una||Sr. Xen Amb,142618.0,145470.0,2.0
2023_HPSEB_79847_1,"Deposit estimate for augmentation of DTR at village Kunduni, LT extension at Village Badan under ESD No. I Joginder Nagar and Augmentation of DTR at village Parli Palli under ESD , Padhar under Electrical Division HPSEBL, Joginder Nagar",HPSEBL||CE(OP) CZ Mandi||SE(OP) Mandi||Sr. Xen (E) J/ Nager,476312.0,475836.0,-0.1
2023_HPSEB_79841_1,"1. Tender for New 11/0.4 kV,63 kVA S/Stn. and New 3-Ph LT line and Re-Conductring of LT line from off size conductor to AAAC 7/3.81 mm for SOP to 27.50 HP Submersible Motor of I and PH Deptt. At village Bijapur (U) ESD HPSEBL AMB.",HPSEBL||CE (OP) North||SE (OP) Una||Sr. Xen Amb,845841.0,883592.0,4.463
2023_HPSEB_79839_1,"Deposit estimate for augmentation of DTR at village Gumma, LT extension in Ward No-5 Joginder Nagar under ESD No. I Joginder Nagar and augmentation of DTR in village Galu under ESD , Chauntra under Electrical Division HPSEBL, Joginder Nagar",HPSEBL||CE(OP) CZ Mandi||SE(OP) Mandi||Sr. Xen (E) J/ Nager,503869.0,503365.0,-0.1
2023_HPSEB_79838_1,Tender for the work Providing SOP to LWSS PC FC Bithri Khad to Churag Bakhrot stage 1st near Bithri 2nd stage at Tikkar in Electrical Section Bithri Under Electrical Sub Division HPSEBL Pangna NIT-09/2023-24,HPSEBL||CE(OP) CZ Mandi||SE(OP) Bilaspur,3240695.0,2657370.0,-18.0
2023_HPSEB_79836_1,Tender for the work SOP to Augmentation of LWSS Kanda Kahno Stage 1st at Kotloo Shojha Padli and stage 2nd at Durknoo in Tehsil Karsog under ESD Churag. NIT 08/2023 24,HPSEBL||CE(OP) CZ Mandi||SE(OP) Bilaspur,4431856.0,4210263.0,-5.0
2023_HPSEB_79823_1,OCU-16/2023-24,HPSEBL||CE (OP) North||SE (OP) Una,858581.0,901510.0,5.0
2023_HPSEB_79788_1,"Tender for providing 100 KVA,11/0.4 KV DTR alongwith its associated HT andLT Line at Village Shashin in (E) section Sissu under ESD, HPSEBL, keylong.",HPSEBL||CE(OP) CZ Mandi||SE(OP) Kullu||Sr. Xen (E) Keylong,518505.0,461469.0,-11.0
2023_HPSEB_79783_1,Providing Electrical Installation in ground floor and first floor of Customer Care centre cum Sub-Division office at Udaipur Under Electrical Division HPSEBL Keylong.,HPSEBL||CE(OP) CZ Mandi||SE(OP) Kullu||Sr. Xen (E) Keylong,283722.0,291947.0,2.899
2023_HPSEB_79771_1,"Complete Overhauling, replacement of damaged components, testing and commissioning of LTAC Panels damaged due to flooding in 3x42MW Larji HEP Thalout Distt Mandi HP",HPSEBL||CE(Gen) Sundernagar||SE (Design) PHE Sundernagar,8936000.0,6121076.0,-31.501
2023_HPSEB_79754_1,"Fault locating of 33 KV HT line under ground cable from koksar to Gupha Hotel under ECSD, HPSEBL, karga",HPSEBL||CE(OP) CZ Mandi||SE(OP) Kullu||Sr. Xen (E) Keylong,159890.0,159890.0,0.0
2023_HPSEB_79666_1,GED 73/2023-24,HPSEBL||CE (OP) North||SE (OP) Una||Sr. Xen Gagret,912020.0,956709.0,4.9
2023_HPSEB_79652_1,"Tender for Providing 3-Phase LT extension in village BahiKhass from existing 11/0.4KV, 100KVA Sub station Bahi-I in Electrical Section Mahankaal under ESD Kudail. TS No. 212/2022-23",HPSEBL||CE (OP) North||SE (OP) Kangra||Sr. Xen Bajinath,87629.0,87629.0,0.0
2023_HPSEB_79637_1,HPSEBL/ESCH-02/2023-24,HPSEBL||CE(ES) Hamirpur||SE(ES) Hamirpur,2955640.0,2993974.0,1.297
2023_HPSEB_79631_1,LED41/2023-24,HPSEBL||CE (OP) North||SE (OP) Kangra||Sr. Xen L/Gaon,165311.0,168617.0,2.0
2023_HPSEB_79627_1,LED40/2023-24,HPSEBL||CE (OP) North||SE (OP) Kangra||Sr. Xen L/Gaon,176949.0,180488.0,2.0
2023_HPSEB_79625_1,LED39/2023-24,HPSEBL||CE (OP) North||SE (OP) Kangra||Sr. Xen L/Gaon,135930.0,138649.0,2.0
2023_HPSEB_79603_1,"SOP estimate for Aug. of 63 to 100KVA S/stn. Upper Biara, Aug. of 1-P to 3-P LT line and extension of 3-P LT line in the name of ministry of Jal Shakti Har Ghar Nal Se Jal in WSS Andretta Agojar Biara in E-section Rakkar UESD Panchrukhi.",HPSEBL||CE (OP) North||SE (OP) Kangra||Sr. Xen Bajinath,413563.0,404465.0,-2.2
2023_HPSEB_79519_1,GED 71/2023-24,HPSEBL||CE (OP) North||SE (OP) Una||Sr. Xen Gagret,594120.0,623232.0,4.9
2023_HPSEB_79484_1,"Tender for providing Interlinking of 11KV Shat feeder and 11KV Hathithan feeder from Manikaran Chowk to Hathithan Chowk in (E) Section Parla Bhuntar (Local-II) UESD, HPSEBL, Bhuntar.",HPSEBL||CE(OP) CZ Mandi||SE(OP) Kullu||Sr. Xen (E) Kullu,494211.0,513980.0,4.0
2023_HPSEB_79479_2,seop41/2023-24,HPSEBL||CE (OP) North||SE (OP) Kangra,1877781.0,1838348.0,-2.1
2023_HPSEB_79473_1,IED-18/2023-24,HPSEBL||CE (OP) North||SE (OP) Dalhousie||Sr. XEN Indora,171676.0,176758.0,2.96
2023_HPSEB_79377_1,"Tender for Prov. New 3-Ph LT line from existing 11/0.4kV, 250 kVA S/Stn. Ghandawal - 1st and 11/0.4 kV, 63 kVA S/Stn. Ghandawal - 2nd for energize 2 no. T/Well at village Ghandawal and Batuhi in (E) section Bhaira (U) ESD HPSEBL Chowkimaniar.",HPSEBL||CE (OP) North||SE (OP) Una||Sr. Xen Amb,69541.0,68839.0,-1.009
2023_HPSEB_79339_1,HPSEBL/ESDU/12/2023-24,HPSEBL||CE(ES) Hamirpur||SE(ES) Hamirpur||Sr. Xen (ES) Una (Rakkar),188320.0,141052.0,-25.1
2023_HPSEB_79338_1,Tender for providing Supply of power to construction of LWSS by augmentation of various WSS in Tehsil Banjar under ESD Banjar 2nd stage near village Jaini 2x60 HP one motor as stand by on Turnkey Basis,HPSEBL||CE(OP) CZ Mandi||SE(OP) Kullu,1332147.0,1397422.0,4.9
2023_HPSEB_79336_1,HPSEBL/ESDU/11/2023-24,HPSEBL||CE(ES) Hamirpur||SE(ES) Hamirpur||Sr. Xen (ES) Una (Rakkar),289894.0,202955.0,-29.99
2023_HPSEB_79332_1,Tender for providing Supply of power to contruction of LWSS by augmentation of various WSS in Tehsil Banjar under ESD Banjar 2nd stage near village Ottan 2x100 HP one motor as stand by on Turnkey Basis,HPSEBL||CE(OP) CZ Mandi||SE(OP) Kullu,1249343.0,1124534.0,-9.99
2023_HPSEB_79331_1,Tender for providing Supply of power to LWSS by augmentation of various WSS in Tehsil Banjar under ESD Banjar Ist stage near Sidha 2x120 1motor as stand by 2x60HP 1 motor stand on turnkey Basis,HPSEBL||CE(OP) CZ Mandi||SE(OP) Kullu,1138267.0,1024554.0,-9.99
2023_HPSEB_79330_1,Tender for providing Supply of power to LWSS Tinda Sharan Bajohi Laida Tilroo Stage I at Tipudhar in E section Maglore under Electrical Sub Division HPSEBL Banjar,HPSEBL||CE(OP) CZ Mandi||SE(OP) Kullu,1149319.0,1205636.0,4.9
2023_HPSEB_79320_2,Tender for providing Supply of power to Cafeteria Building at Larji in E Section Larji under Electrical Sub Division HPSEBL Larji,HPSEBL||CE(OP) CZ Mandi||SE(OP) Kullu,1293710.0,1357101.0,4.9
2023_HPSEB_79315_1,"Prov. minor LT ext. to left out houses from diff. S/Stns. in Elect. Sec. Harabag under ESD No.I, Jogindernagar and in Elect. Sec. Pandol under ESD Lad Bharol and aug. of 250 KVA,11 0.4 KV DTR Katipri to 400 KVA, 11 0.4 KV in (E ) Sec Local Padhar",HPSEBL||CE(OP) CZ Mandi||SE(OP) Mandi||Sr. Xen (E) J/ Nager,589272.0,586325.0,-0.5
2023_HPSEB_79313_1,"Re-earthing of various Sub-Station in Elect. Sub-Division No-II, Joginder Nagar and Makriri under Electrical Division, HPSEBL, Joginder Nagar.",HPSEBL||CE(OP) CZ Mandi||SE(OP) Mandi||Sr. Xen (E) J/ Nager,236867.0,180019.0,-24.0
2023_HPSEB_79300_1,SOP to Jio Reliance Tower at Village Malwari,HPSEBL||CE(OP) South||SE(OP) Rohru||Sr.Xen(E) Rohru,428705.0,426355.0,-0.548
2023_HPSEB_79299_1,Replacement of 33 Nos Rotten Wooden pole with Steel Tubular,HPSEBL||CE(OP) South||SE(OP) Rohru||Sr.Xen(E) Rohru,277195.0,150517.0,-45.7
2023_HPSEB_79298_1,"Tender for New 63 KVA, 22, 0.4 KV S.stn Brall",HPSEBL||CE(OP) South||SE(OP) Rohru||Sr.Xen(E) Rohru,544245.0,483290.0,-11.2
2023_HPSEB_79297_1,SOP to newly constructed building of HPBSE at AMB ED Jmukhi(HPSEBL),HPSEBL||CE(OP) CZ Mandi||SE(OP) Hamirpur||Sr. Xen (E) Jawalamukhi,809317.0,839666.0,3.75
2023_HPSEB_79296_1,SOP to LWSS Phase-Ist Stage-Ist Deverighat Dharoti and Shekhal,HPSEBL||CE(OP) South||SE(OP) Rohru||Sr.Xen(E) Rohru,543665.0,540077.0,-0.66
2023_HPSEB_79294_1,Providing SOP to LWSS Baridhar and Jagothi Phase-4th,HPSEBL||CE(OP) South||SE(OP) Rohru||Sr.Xen(E) Rohru,734905.0,731231.0,-0.5
2023_HPSEB_79292_1,SOP to LWSS Sundha Bhonda Stage -Ist,HPSEBL||CE(OP) South||SE(OP) Rohru||Sr.Xen(E) Rohru,789675.0,789675.0,0.0
2023_HPSEB_79291_1,SOP to FHTC( Functional House Hotel Top connection ) Village Chilala and surrounding area,HPSEBL||CE(OP) South||SE(OP) Rohru||Sr.Xen(E) Rohru,893630.0,893630.0,0.0
2023_HPSEB_79290_1,SOP to FHTC Badiyara Stage-I,HPSEBL||CE(OP) South||SE(OP) Rohru||Sr.Xen(E) Rohru,713380.0,713380.0,0.0
2023_HPSEB_79289_1,SOP to FHTC Badiyara Stage-II,HPSEBL||CE(OP) South||SE(OP) Rohru||Sr.Xen(E) Rohru,907315.0,906952.0,-0.04
2023_HPSEB_79286_1,SOP to LWSS Sundha Bhonda 1st,HPSEBL||CE(OP) South||SE(OP) Rohru||Sr.Xen(E) Rohru,876740.0,876740.0,0.0
2023_HPSEB_79269_1,"Re-earthing of various Sub-Station in Elect. Sub-Division Chauntra and Barot under Electrical Division, HPSEBL, Joginder Nagar.",HPSEBL||CE(OP) CZ Mandi||SE(OP) Mandi||Sr. Xen (E) J/ Nager,236867.0,180019.0,-24.0
2023_HPSEB_79262_1,"Replacement of service wire with AB cable, Improvement of voltage system, providing LT extension to left out houses and Augmentation of LT line in Electrical Sub-Division, HPSEBL, Chauntra under Electrical Division, HPSEBL, Joginder Nagar.",HPSEBL||CE(OP) CZ Mandi||SE(OP) Mandi||Sr. Xen (E) J/ Nager,607286.0,485222.0,-20.1
2023_HPSEB_79242_1,Prov. 11/22/0.4 KV S/Stn. along with HT and LT line in various Sub-Division under ED Chopal,HPSEBL||CE(OP) South||SE(OP) Shimla,1865217.0,1393317.0,-25.3
2023_HPSEB_79201_1,"Dismantling assembly, installation of successful commissioning at site after the repair of the MIV building up to silt eroded body of MIV and spherical value of 800 nominal diameter suitable for operation after maximum operating pressure of 37 kg/cm2",HPSEBL||CE(Gen) Sundernagar||SE(Gen) Bhaba Nagar,1168254.0,806058.0,-31.003
2023_HPSEB_79171_1,"Estimate for prov. SOP to Summit Digital Infrastructure Ltd. by aug 25 to 63 KVA, 11/0.4 KV DTR Jhandi on turnkey basis under ESD Bhota. (ED Barsar)",HPSEBL||CE(OP) CZ Mandi||SE(OP) Hamirpur||Sr. Xen (E) Barsar,174419.0,182908.0,4.867
2023_HPSEB_79164_1,Tender for Prov. SOP to 40 HP and 5 HP Motor connection for LWSS Duhal Bhatwalan at Behar Bhater in (E) Section Dharmshala Mahanta (U) ESD HPSEBL Bharwain.,HPSEBL||CE (OP) North||SE (OP) Una||Sr. Xen Amb,558285.0,585657.0,4.903
2023_HPSEB_79163_1,PED 78/2023-24,HPSEBL||CE(OP) South||SE(OP) Nahan||Sr. Xen(E) Paonta,115466.0,98146.0,-15.0
2023_HPSEB_79162_1,"Tender for Prov. SOP to 50 BHP Motor Connection at Jal Shakti Vibhag at Vill. Palliyan , Badoli Teun LWSS in E Section Bhaira Under ESD HPSEBL Chowkimaniar.",HPSEBL||CE (OP) North||SE (OP) Una||Sr. Xen Amb,663395.0,653675.0,-1.465
2023_HPSEB_79161_1,PED 77/2023-24,HPSEBL||CE(OP) South||SE(OP) Nahan||Sr. Xen(E) Paonta,259879.0,210502.0,-19.0
2023_HPSEB_79160_1,PED 76/2023-24,HPSEBL||CE(OP) South||SE(OP) Nahan||Sr. Xen(E) Paonta,254042.0,187991.0,-26.0
2023_HPSEB_79153_1,HPSEBL/ESDU/10/2023-24,HPSEBL||CE(ES) Hamirpur||SE(ES) Hamirpur||Sr. Xen (ES) Una (Rakkar),141600.0,110448.0,-22.0
2023_HPSEB_79115_1,"Estimate for prov. SOP to Summit Digital Infrastructure Ltd. by aug 63 to 100 KVA, 11 0.4 KV DTR Takuta Bhattan and Dharaun on turnkey basis under ESD Bhoranj. (ED Barsar).",HPSEBL||CE(OP) CZ Mandi||SE(OP) Hamirpur||Sr. Xen (E) Barsar,418660.0,439036.0,4.867
2023_HPSEB_79102_1,PED 74/2023-24,HPSEBL||CE(OP) South||SE(OP) Nahan||Sr. Xen(E) Paonta,195881.0,144932.0,-26.01
2023_HPSEB_79099_1,PED 73/2023-24,HPSEBL||CE(OP) South||SE(OP) Nahan||Sr. Xen(E) Paonta,185057.0,136350.0,-26.32
2023_HPSEB_79089_1,PED 72/2023-24,HPSEBL||CE(OP) South||SE(OP) Nahan||Sr. Xen(E) Paonta,105581.0,78130.0,-26.0
2023_HPSEB_79070_1,DED-47/2023-24,HPSEBL||CE (OP) North||SE (OP) Kangra||Sr. Xen Dharamshala,308923.0,321890.0,4.197
2023_HPSEB_79069_1,DED-46/2023-24,HPSEBL||CE (OP) North||SE (OP) Kangra||Sr. Xen Dharamshala,327695.0,340795.0,3.998
2023_HPSEB_79068_1,DED-45/2023-24,HPSEBL||CE (OP) North||SE (OP) Kangra||Sr. Xen Dharamshala,306636.0,319415.0,4.167
2023_HPSEB_79067_1,DED-44/2023-24,HPSEBL||CE (OP) North||SE (OP) Kangra||Sr. Xen Dharamshala,554104.0,571497.0,3.139
2023_HPSEB_79050_1,"Construction of 100KVA, 11/0.4KV Sub-Station a/w 3-Phase LT line on turnkey basis to provide SOP to LWSS Mallian Sadhrian Phase-2nd under ESD Bhoranj. (ED Barsar).",HPSEBL||CE(OP) CZ Mandi||SE(OP) Hamirpur||Sr. Xen (E) Barsar,576216.0,603021.0,4.652
2023_HPSEB_79045_1,Tender for Prov. SOP to 25 HP Motor Connection Ram Nagar Nakroh in (E) section Banehra under Electrical Sub-Division HPSEBL Mubarikpur.,HPSEBL||CE (OP) North||SE (OP) Una||Sr. Xen Amb,834428.0,873230.0,4.65
2023_HPSEB_79042_1,BID NO-UED/104/2023-24,HPSEBL||CE (OP) North||SE (OP) Una||Sr. Xen Una,228049.0,193842.0,-15.0
2023_HPSEB_79039_1,BID NO-UED/103/2023-24,HPSEBL||CE (OP) North||SE (OP) Una||Sr. Xen Una,179892.0,175395.0,-2.5
2023_HPSEB_79027_1,BID NO-UED/102/2023-24,HPSEBL||CE (OP) North||SE (OP) Una||Sr. Xen Una,418436.0,438504.0,4.796
2023_HPSEB_79019_1,BID NO-UED/101/2023-24,HPSEBL||CE (OP) North||SE (OP) Una||Sr. Xen Una,331936.0,347226.0,4.606
2023_HPSEB_78988_1,PED-28-2023-24,HPSEBL||CE(OP) South||SE(OP) Solan,102052.0,93684.0,-8.2
2023_HPSEB_78987_1,PED-27-2023-24,HPSEBL||CE(OP) South||SE(OP) Solan,99710.0,99211.0,-0.5
2023_HPSEB_78973_1,"Construction new 11KV HT Lines to link the newly constructed 33/11KV S/Stn. Patlander (Ansla) on turnkey basis under ESD, HPSEBL Sujanpur ED Hamirpur",HPSEBL||CE(OP) CZ Mandi||SE(OP) Hamirpur,6749000.0,6980158.0,3.425
2023_HPSEB_78953_1,HPSEBL/BED/DB-Tender JOB.20,HPSEBL||CE(OP) South||SE(OP) Solan||Sr.Xen (E) Baddi,605143.0,569682.0,-5.86
2023_HPSEB_78951_1,HPSEBL/BED/DB-Tender JOB.19,HPSEBL||CE(OP) South||SE(OP) Solan||Sr.Xen (E) Baddi,818234.0,771758.0,-5.68
2023_HPSEB_78949_1,HPSEBL/BED/DB-Tender JOB.18,HPSEBL||CE(OP) South||SE(OP) Solan||Sr.Xen (E) Baddi,795713.0,750517.0,-5.68
2023_HPSEB_78947_1,Tender for Prov. SOP to 1x35 HP and 1x35 HP Motor Connection of Jal Shakti Vibhag of LWSS ( Sohari Takoli) at Vill. Panjora near Shamshan Ghat (U) ESD HPSEBL Chowkimaniar,HPSEBL||CE (OP) North||SE (OP) Una||Sr. Xen Amb,645341.0,674383.0,4.5
2023_HPSEB_78946_1,"Est. for Prov. SOP to leftout water supply scheme Mata Chintpurni Ji to prop. 11/0.4 kV, 100 KVA S/Stn. And New 3 Ph LT line near LPG store in (E) Section Koharchhan Under ESD HPSEBL Mubarikpur.",HPSEBL||CE (OP) North||SE (OP) Una||Sr. Xen Amb,616583.0,646180.0,4.8
2023_HPSEB_78943_1,HPSEBL/BED/DB-Tender JOB.17,HPSEBL||CE(OP) South||SE(OP) Solan||Sr.Xen (E) Baddi,433523.0,431355.0,-0.5
2023_HPSEB_78939_1,HPSEBL/BED/DB-Tender JOB.16,HPSEBL||CE(OP) South||SE(OP) Solan||Sr.Xen (E) Baddi,515566.0,507833.0,-1.5
2023_HPSEB_78887_1,ESDH/2023-24-3313-18 dt 12.09.2023,HPSEBL||CE(ES) Hamirpur||SE(ES) Hamirpur,474454.0,496754.0,4.7
2023_HPSEB_78845_1,SEOP 34/2023-24,HPSEBL||CE (OP) North||SE (OP) Kangra,952478.0,984386.0,3.35
2023_HPSEB_78829_1,"Augmentation of 250KVA,11/0.4kV Transformer to 630kVA,11.04kV Ghatru at Lower Shiv Nagar in ES Vikasnagar under ESD HPSEBL Khalini",HPSEBL||CE(OP) South||SE(OP) Shimla||Sr. Xen (E)-1 Kasumpti,498261.0,493278.0,-1.0
2023_HPSEB_78725_1,PED 71/2023-24,HPSEBL||CE(OP) South||SE(OP) Nahan||Sr. Xen(E) Paonta,209612.0,156182.0,-25.49
2023_HPSEB_78724_2,PED 70/2023-24,HPSEBL||CE(OP) South||SE(OP) Nahan||Sr. Xen(E) Paonta,59441.0,43981.0,-26.009
2023_HPSEB_78723_1,PED 69/2023-24,HPSEBL||CE(OP) South||SE(OP) Nahan||Sr. Xen(E) Paonta,92224.0,93146.0,1.0
2023_HPSEB_78722_1,PED 68/2023-24,HPSEBL||CE(OP) South||SE(OP) Nahan||Sr. Xen(E) Paonta,147740.0,110081.0,-25.49
2023_HPSEB_78721_1,PED 67/2023-24,HPSEBL||CE(OP) South||SE(OP) Nahan||Sr. Xen(E) Paonta,126208.0,94038.0,-25.49
2023_HPSEB_78720_1,PED 66/2023-24,HPSEBL||CE(OP) South||SE(OP) Nahan||Sr. Xen(E) Paonta,289974.0,229079.0,-21.0
2023_HPSEB_78667_1,OCU-13/2023-24,HPSEBL||CE (OP) North||SE (OP) Una,534044.0,570092.0,6.75
2023_HPSEB_78664_1,"Prov. 63 KVA 11/0.4 KV S/Stn. Bag Pwai along with 11 KV HT and LT line in (E) section Local I Ghumarwin under ESD NoI HPSEBL, Ghumarwin.",HPSEBL||CE(OP) CZ Mandi||SE(OP) Bilaspur||Sr. Xen (E) Ghumarwin,499839.0,453853.0,-9.2
2023_HPSEB_78654_1,"Prov. 63 KVA 11/0.4 KV S/Stn Dholi (Manhan) along with 11 KV HT and LT line in (E) section Berthin II under ESD HPSEBL, Berthin.",HPSEBL||CE(OP) CZ Mandi||SE(OP) Bilaspur||Sr. Xen (E) Ghumarwin,340809.0,307409.0,-9.8
2023_HPSEB_78651_1,SOP to LWSS stage-ii at Footadhok,HPSEBL||CE(OP) South||SE(OP) Rohru,1849383.0,1849383.0,0.0
2023_HPSEB_78650_1,SOP to LWSS Patsari,HPSEBL||CE(OP) South||SE(OP) Rohru,7270685.0,7270685.0,0.0
2023_HPSEB_78643_1,SOP to LWSS Stage-II Sheelghat (Blokhar),HPSEBL||CE(OP) South||SE(OP) Rohru,2252309.0,2252309.0,0.0
2023_HPSEB_78642_1,SOP to Mihana Khad UESD S/Nagar,HPSEBL||CE(OP) South||SE(OP) Rohru,3067605.0,3067604.0,-0.0
2023_HPSEB_78629_1,Tender for EI work of residential Quarters renewal and replacement of old Tumbler type Switch Socket Switch Board in HPSEBL colony Bassi Shanan under Electrical Mtc Sub Division Bassi Power House HPSEBL Joginder Nagar HP,"HPSEBL||CE(Gen) Sundernagar||SE(Gen) Palampur||RE, Bassi, J/Nagar",270498.0,203140.0,-24.901
2023_HPSEB_78388_1,Raising the hieght of 11 KV HT Line 3-Ph LT Line passing over the house of Sh. Rajinder Pathania,HPSEBL||CE (OP) North||SE (OP) Kangra||Sr. Xen Dehra,77740.0,78385.0,0.83
2023_HPSEB_78385_1,"Supply, Installation, Testing and Commissioning of Cloud Based Internet of Things (IOT) online Vibration Monitoring System for both Units of 2x11.25MW Ganvi Power House.",HPSEBL||CE(Gen) Sundernagar||SE(Gen) Bhaba Nagar,2492514.0,2212047.0,-11.252
2023_HPSEB_78381_1,prov. 3-Ph LT Extension from exist 11/0.4 KV 25 KVA S/Stn Rasuhi,HPSEBL||CE (OP) North||SE (OP) Kangra||Sr. Xen Dehra,58055.0,51957.0,-10.504
2023_HPSEB_78380_1,"prov. 11 KV HT Line to Prop. 11/0.4 KV, 63 KVA S/stn Kanol-II",HPSEBL||CE (OP) North||SE (OP) Kangra||Sr. Xen Dehra,316195.0,278250.0,-12.001
2023_HPSEB_78377_1,"prov. Proposed 11/0.4 KV, 63 KVA S/stn Kanol-II",HPSEBL||CE (OP) North||SE (OP) Kangra||Sr. Xen Dehra,83500.0,78908.0,-5.499
2023_HPSEB_78339_4,Re-Earthing to improve the poor earthing system of 11 KV Gantry at 33/11 KV 2x2.5 MVA S/stn at Dadasiba,HPSEBL||CE (OP) North||SE (OP) Kangra||Sr. Xen Dehra,71450.0,71513.0,0.088
2023_HPSEB_78336_1,"Providing Fixing of GO Switches on existing 11 KV Barwara feeder, 11 KV Karoa feeder, 11 KV Dhaliara feeder",HPSEBL||CE (OP) North||SE (OP) Kangra||Sr. Xen Dehra,80360.0,80401.0,0.051
2023_HPSEB_78331_1,Repl. of lengthy services with bare cond in vill. Lower Thalla,HPSEBL||CE (OP) North||SE (OP) Kangra||Sr. Xen Dehra,77135.0,77788.0,0.847
2023_HPSEB_78329_1,New 1-ph LT line in vill. Kahru,HPSEBL||CE (OP) North||SE (OP) Kangra||Sr. Xen Dehra,71120.0,72243.0,1.579
2023_HPSEB_78186_1,BID NO-UED/76/2023-24,HPSEBL||CE (OP) North||SE (OP) Una||Sr. Xen Una,369162.0,387251.0,4.9
2023_HPSEB_78169_1,BID NO-UED/75/2023-24,HPSEBL||CE (OP) North||SE (OP) Una||Sr. Xen Una,322311.0,338104.0,4.9
2023_HPSEB_78088_1,"provide SOP to Community Hall Municipal Council, Jawalamukhi under Electrical Division HPSEBL, Jawalamukhi",HPSEBL||CE(OP) CZ Mandi||SE(OP) Hamirpur,1797000.0,1859873.0,3.499
2023_HPSEB_78086_1,"Estimate for providing 3-P LT extension with AB cable from existing 11/0.4, KVA S/stn. Lamahar in E-section Bir under ESD Baijnath. T.S. No. 94/2023-24",HPSEBL||CE (OP) North||SE (OP) Kangra||Sr. Xen Bajinath,203967.0,203967.0,0.0
2023_HPSEB_78000_1,GED-29/2023-24,HPSEBL||CE (OP) North||SE (OP) Una||Sr. Xen Gagret,571780.0,599797.0,4.9
2023_HPSEB_77974_1,SEOP 33/2023-24,HPSEBL||CE (OP) North||SE (OP) Kangra,1187706.0,1243632.0,4.709
2023_HPSEB_77971_1,SEOP 32/2023-24,HPSEBL||CE (OP) North||SE (OP) Kangra,1542513.0,1618134.0,4.902
2023_HPSEB_77969_1,SEOP 31/2023-24,HPSEBL||CE (OP) North||SE (OP) Kangra,1305885.0,1363867.0,4.44
2023_HPSEB_77967_1,SEOP 30/2023-24,HPSEBL||CE (OP) North||SE (OP) Kangra,1695235.0,1777962.0,4.88
2023_HPSEB_77956_1,PED 63/2023-24,HPSEBL||CE(OP) South||SE(OP) Nahan||Sr. Xen(E) Paonta,94250.0,79547.0,-15.6
2023_HPSEB_77955_1,PED 62/2023-24,HPSEBL||CE(OP) South||SE(OP) Nahan||Sr. Xen(E) Paonta,84316.0,83895.0,-0.499
2023_HPSEB_77953_1,PED 61/2023,HPSEBL||CE(OP) South||SE(OP) Nahan||Sr. Xen(E) Paonta,109894.0,92750.0,-15.6
2023_HPSEB_77945_1,GED-33/2023-24,HPSEBL||CE (OP) North||SE (OP) Una||Sr. Xen Gagret,515808.0,541082.0,4.9
2023_HPSEB_77912_1,tender for construction of 63kVA transformer at Gompa,HPSEBL||CE(OP) South||SE(OP) Rampur||Sr.Xen (E) Rampur,518002.0,507645.0,-1.999
2023_HPSEB_77897_1,"Tender for providing 25 KVA, 11/0.4 KV DTR along with its associated HT line and LT line at Piaso in (E) section Keylong under ESD, HPSEBL, Keylong.",HPSEBL||CE(OP) CZ Mandi||SE(OP) Kullu||Sr. Xen (E) Keylong,549941.0,439953.0,-20.0
2023_HPSEB_77895_1,"Tender for providing 25 KVA, 11/0.4 KV DTR along with its associated HT line and LT line Yangrang at Gumling in (E) section Keylong under ESD, HPSEBL, Keylong.",HPSEBL||CE(OP) CZ Mandi||SE(OP) Kullu||Sr. Xen (E) Keylong,331100.0,281435.0,-15.0
2023_HPSEB_77894_1,GED-32/2023-24,HPSEBL||CE (OP) North||SE (OP) Una||Sr. Xen Gagret,517950.0,543330.0,4.9
2023_HPSEB_77879_1,ES-SOL-06-2023-24,HPSEBL||CE(ES) Hamirpur||SE(ES) Shimla||Sr. Xen (ES) Solan,188564.0,128224.0,-32.0
2023_HPSEB_77875_1,ES-SOL-05-2023-24,HPSEBL||CE(ES) Hamirpur||SE(ES) Shimla||Sr. Xen (ES) Solan,489771.0,333044.0,-32.0
2023_HPSEB_77862_1,ES-SOL-04-2023-24,HPSEBL||CE(ES) Hamirpur||SE(ES) Shimla||Sr. Xen (ES) Solan,238360.0,162085.0,-32.0
2023_HPSEB_77762_1,Tender for Prov. SOP to Govt. I.T.I building at vill. Nehrian Tehsil amb Distt. Una H.P. for 224.35 kW load in E section Nehrian U ESD HPSEBL Nehrian.,HPSEBL||CE (OP) North||SE (OP) Una||Sr. Xen Amb,650344.0,680910.0,4.7
2023_HPSEB_77753_1,RR of 40 Nos,HPSEBL||CE(OP) South||SE(OP) Rohru||Sr. Xen (E) Jubbal,247364.0,234996.0,-5.0
2023_HPSEB_77751_1,"Erection for Augmentation of 22/0.4, 100 KVA Transformer",HPSEBL||CE(OP) South||SE(OP) Rohru||Sr. Xen (E) Jubbal,125460.0,105386.0,-16.0
2023_HPSEB_77750_1,Erection of 1- Phase LT extension,HPSEBL||CE(OP) South||SE(OP) Rohru||Sr. Xen (E) Jubbal,157939.0,105661.0,-33.1
2023_HPSEB_77748_1,Erection of 1- Phase LT extension,HPSEBL||CE(OP) South||SE(OP) Rohru||Sr. Xen (E) Jubbal,115241.0,75944.0,-34.1
2023_HPSEB_77746_1,R/R of 50 Nos Wooden Rotten Poles,HPSEBL||CE(OP) South||SE(OP) Rohru||Sr. Xen (E) Jubbal,319916.0,204426.0,-36.1
2023_HPSEB_77742_1,R/R of 25 Nos pole with STP,HPSEBL||CE(OP) South||SE(OP) Rohru||Sr. Xen (E) Jubbal,153183.0,100335.0,-34.5
2023_HPSEB_77732_1,DED-35/2023-24,HPSEBL||CE (OP) North||SE (OP) Kangra||Sr. Xen Dharamshala,184858.0,189359.0,2.435
2023_HPSEB_77731_1,DED-34/2023-24,HPSEBL||CE (OP) North||SE (OP) Kangra||Sr. Xen Dharamshala,197667.0,203434.0,2.918
2023_HPSEB_77730_1,DED-33/2023-24,HPSEBL||CE (OP) North||SE (OP) Kangra||Sr. Xen Dharamshala,112818.0,115633.0,2.495
2023_HPSEB_77729_1,DED-32/2023-24,HPSEBL||CE (OP) North||SE (OP) Kangra||Sr. Xen Dharamshala,147690.0,152172.0,3.035
2023_HPSEB_77711_1,E42-2023-24,HPSEBL||CE(OP) South||SE(OP) Solan,228920.0,226493.0,-1.06
2023_HPSEB_77708_1,HPSEBL/ESDU/09/2023-24,HPSEBL||CE(ES) Hamirpur||SE(ES) Hamirpur||Sr. Xen (ES) Una (Rakkar),404415.0,281068.0,-30.5
2023_HPSEB_77689_1,"Repair and overhauling of 01 No. 66/11 kV 10 MVA 3-Phase Power Transformer lying at 66 kV Sub-Station, HPSEBL, Sansarpur Terrace",HPSEBL||CE(ES) Hamirpur||SE(Design) Hamirpur,4045748.0,3876300.0,-4.188
2023_HPSEB_77631_1,Provision and erection of 33 KV Isolator,HPSEBL||CE(OP) South||SE(OP) Solan||Sr. Xen(E) Arki,706415.0,600453.0,-15.0
2023_HPSEB_77454_1,Tender for Renewal and replacement of ordinary tubelight fixture with LED flood light in Genertor Turbine floor and Switch yard of Bassi Power House,"HPSEBL||CE(Gen) Sundernagar||SE(Gen) Palampur||RE, Bassi, J/Nagar",266208.0,199920.0,-24.901
2023_HPSEB_77451_1,Tender for Providing and fixing of electrical insulation Mat for 11kv panels IS 15652 2006 IES BS EN 61111 2009 in front of all panels in control room 2nd control room battery charger at Bassi Power House,"HPSEBL||CE(Gen) Sundernagar||SE(Gen) Palampur||RE, Bassi, J/Nagar",196982.0,175210.0,-11.053
2023_HPSEB_77448_1,Tender for renewal and replacement of existing tubelight fixtures with LED street light fixtures at Bassi P/H to Chhaprote along the Penstock Bassi Power House to Rest House and Surrounding area under Electrical Mtc. Sub-Division BASSI POWER HOUSE HP,"HPSEBL||CE(Gen) Sundernagar||SE(Gen) Palampur||RE, Bassi, J/Nagar",284668.0,227976.0,-19.915
2023_HPSEB_77435_1,"Fault locating of 33 KV HT line under ground cable from koksar to Gupha Hotel under ECSD, HPSEBL, karga",HPSEBL||CE(OP) CZ Mandi||SE(OP) Kullu||Sr. Xen (E) Keylong,165200.0,163218.0,-1.2
2023_HPSEB_77404_1,PED 58/2023-24,HPSEBL||CE(OP) South||SE(OP) Nahan||Sr. Xen(E) Paonta,460804.0,365878.0,-20.6
2023_HPSEB_77391_1,PED 56/2023-24,HPSEBL||CE(OP) South||SE(OP) Nahan||Sr. Xen(E) Paonta,350084.0,261023.0,-25.44
2023_HPSEB_77389_1,PED 47/2023-24,HPSEBL||CE (OP) North||SE (OP) Kangra||Sr. Xen Palampur,190748.0,198385.0,4.004
2023_HPSEB_77387_1,PED 46/2023-24,HPSEBL||CE (OP) North||SE (OP) Kangra||Sr. Xen Palampur,885848.0,900464.0,1.65
2023_HPSEB_77386_1,PED 45/2023-24,HPSEBL||CE (OP) North||SE (OP) Kangra||Sr. Xen Palampur,509589.0,519376.0,1.921
2023_HPSEB_77385_1,PED 55/2023-24,HPSEBL||CE(OP) South||SE(OP) Nahan||Sr. Xen(E) Paonta,311956.0,232595.0,-25.44
2023_HPSEB_77384_1,PED 44/2023-24,HPSEBL||CE (OP) North||SE (OP) Kangra||Sr. Xen Palampur,559778.0,575211.0,2.757
2023_HPSEB_77382_1,PED 54/2023-24,HPSEBL||CE(OP) South||SE(OP) Nahan||Sr. Xen(E) Paonta,363947.0,271359.0,-25.44
2023_HPSEB_77378_1,NIT 53/2023-24,HPSEBL||CE(OP) South||SE(OP) Nahan||Sr. Xen(E) Paonta,339351.0,104984.0,-69.063
2023_HPSEB_77377_1,PED 43/2023-24,HPSEBL||CE (OP) North||SE (OP) Kangra||Sr. Xen Palampur,412381.0,419186.0,1.65
2023_HPSEB_77371_1,PED 42/2023-24,HPSEBL||CE (OP) North||SE (OP) Kangra||Sr. Xen Palampur,701524.0,721605.0,2.862
2023_HPSEB_77368_1,PED 41/2023-24,HPSEBL||CE (OP) North||SE (OP) Kangra||Sr. Xen Palampur,278900.0,283723.0,1.729
2023_HPSEB_77367_1,PED 40/2023-24,HPSEBL||CE (OP) North||SE (OP) Kangra||Sr. Xen Palampur,358152.0,368009.0,2.752
2023_HPSEB_77365_1,PED 39/2023-24,HPSEBL||CE (OP) North||SE (OP) Kangra||Sr. Xen Palampur,499143.0,513267.0,2.83
2023_HPSEB_77363_1,HPSEBL/ESDU/03/2023-24,HPSEBL||CE(ES) Hamirpur||SE(ES) Hamirpur||Sr. Xen (ES) Una (Rakkar),494143.0,308932.0,-37.481
2023_HPSEB_77358_1,PED 38/2023-24,HPSEBL||CE (OP) North||SE (OP) Kangra||Sr. Xen Palampur,649194.0,626068.0,-3.562
2023_HPSEB_77354_1,SEOP 27/2023-24,HPSEBL||CE (OP) North||SE (OP) Kangra,970176.0,996507.0,2.714
2023_HPSEB_77353_1,SEOP 26/2023-24,HPSEBL||CE (OP) North||SE (OP) Kangra,1249476.0,988243.0,-20.907
2023_HPSEB_77352_1,PED 37/2023-24,HPSEBL||CE (OP) North||SE (OP) Kangra||Sr. Xen Palampur,736546.0,758406.0,2.968
2023_HPSEB_77351_1,PED 36/2023-24,HPSEBL||CE (OP) North||SE (OP) Kangra||Sr. Xen Palampur,542506.0,561508.0,3.503
2023_HPSEB_77349_1,PED 35/2023-24,HPSEBL||CE (OP) North||SE (OP) Kangra||Sr. Xen Palampur,341008.0,348033.0,2.06
2023_HPSEB_77346_1,DED-31/2023-24,HPSEBL||CE (OP) North||SE (OP) Kangra||Sr. Xen Dharamshala,258162.0,260273.0,0.818
2023_HPSEB_77343_2,DED-30/2023-24,HPSEBL||CE (OP) North||SE (OP) Kangra||Sr. Xen Dharamshala,64426.0,66481.0,3.19
2023_HPSEB_77341_1,seop 25/23-24,HPSEBL||CE (OP) North||SE (OP) Kangra,986845.0,841184.0,-14.76
2023_HPSEB_77340_1,DED-29/2023-24,HPSEBL||CE (OP) North||SE (OP) Kangra||Sr. Xen Dharamshala,89170.0,91676.0,2.81
2023_HPSEB_77339_1,SEOP 24/23-24,HPSEBL||CE (OP) North||SE (OP) Kangra,723918.0,757580.0,4.65
2023_HPSEB_77338_1,seop 23/2023-24,HPSEBL||CE (OP) North||SE (OP) Kangra,736665.0,766479.0,4.047
2023_HPSEB_77335_1,DED-28/2023-24,HPSEBL||CE (OP) North||SE (OP) Kangra||Sr. Xen Dharamshala,91896.0,95307.0,3.712
2023_HPSEB_77331_1,DED-27/2023-24,HPSEBL||CE (OP) North||SE (OP) Kangra||Sr. Xen Dharamshala,159518.0,164847.0,3.341
2023_HPSEB_77277_1,HPSEBL/SE/GCP-06/23-24,HPSEBL||CE(Gen) Sundernagar||SE(Gen) Palampur,4130000.0,3528200.0,-14.571
2023_HPSEB_77208_1,"Tender for Augmentation of 25 KVA 11/0.4 KV to 63KVA,11/0.4KV S/Stn. Bagan in (E) Section Bharai under ESD No.-II, HPSEBL, Kullu.",HPSEBL||CE(OP) CZ Mandi||SE(OP) Kullu||Sr. Xen (E) Kullu,84890.0,86587.0,1.999
2023_HPSEB_77207_1,"Tender for providing LT extension to leftout houses from existing 63KVA,11/0.4KV DTR Huran and25 KVA, 11/0.4KV DTR Dharla in (E) Section Jari under ESD, HPSEBL, Jari.",HPSEBL||CE(OP) CZ Mandi||SE(OP) Kullu||Sr. Xen (E) Kullu,167883.0,165366.0,-1.499
2023_HPSEB_77206_1,Tender for hiring No. mahindra Bolero camper,HPSEBL||CE(OP) CZ Mandi||SE(OP) Kullu||Sr. Xen (E) Keylong,346500.0,336001.0,-3.03
2023_HPSEB_77205_1,"Tender for providing LT extension to newly constructed houses at Village Kolibehar, Baggi, Kharka, Kawa, Lot from various DTRs in (E) Section Kolibehar under ESD NO.I, HPSEBL, Kullu.",HPSEBL||CE(OP) CZ Mandi||SE(OP) Kullu||Sr. Xen (E) Kullu,174657.0,178149.0,1.999
2023_HPSEB_77202_1,"Tender for replacement of lengthy PVC with overhead conductor from various DTRs in (E) Section Shat under ESD, HPSEBL, Bhuntar.",HPSEBL||CE(OP) CZ Mandi||SE(OP) Kullu||Sr. Xen (E) Kullu,132735.0,135390.0,2.0
2023_HPSEB_77200_1,"Tender for providing LT extension to newly constructed housesfrom 100KVA, 11/0.4KV DTR Bhrain, 63KVA, 11/0.4KV DTR shat Gaon and 25KVA, 11/0.4KV DTR Ghanakla in (E) Section Shat under ESD, HPSEBL, Bhuntar.",HPSEBL||CE(OP) CZ Mandi||SE(OP) Kullu||Sr. Xen (E) Kullu,184607.0,188298.0,1.999
2023_HPSEB_77158_1,"Tender for providing 63KVA, 11/0.4KV DTR Karaduphool and re-organisation of LD system from proposed 63KVA, 11/0.4KV DTR Karaduphool in (E) section Shat under ESD, HPSEBL, Bhuntar.",HPSEBL||CE(OP) CZ Mandi||SE(OP) Kullu||Sr. Xen (E) Kullu,446156.0,455078.0,2.0
2023_HPSEB_77156_2,23-2023-24,HPSEBL||CE(OP) South||SE(OP) Solan,682756.0,682266.0,-0.072
2023_HPSEB_77155_1,"Tender for providing 11KV HT line to proposed 63KVA, 11/0.4KV DTR Karaduphool in (E) section Shat under ESD, HPSEBL, Bhuntar.",HPSEBL||CE(OP) CZ Mandi||SE(OP) Kullu||Sr. Xen (E) Kullu,563428.0,574694.0,2.0
2023_HPSEB_77150_1,"Tender for replacement of lengthy PVC with overhead conductor from various DTRs in (E) Section Shat under ESD, HPSEBL, Bhuntar.",HPSEBL||CE(OP) CZ Mandi||SE(OP) Kullu||Sr. Xen (E) Kullu,263995.0,269272.0,1.999
2023_HPSEB_77149_1,"Tender for replacement of lengthy PVC with overhead conductor from 100KVA, 11/0.4KV DTR Dhara, 25KVA, 11/0.4KV DTR Balgani and 25KVA, 11/0.4KV DTR Sarnauli in (E) Section Shat under ESD, HPSEBL, Bhuntar",HPSEBL||CE(OP) CZ Mandi||SE(OP) Kullu||Sr. Xen (E) Kullu,262635.0,267890.0,2.001
2023_HPSEB_77148_1,"Tender for replacement of lengthy PVC with overhead conductor from various DTRs and Aug. of 1ph. To 3ph. LT lines from 100KVA DTR Chhrodnalla in (E) Section Shat under ESD, HPSEBL, Bhuntar",HPSEBL||CE(OP) CZ Mandi||SE(OP) Kullu||Sr. Xen (E) Kullu,280891.0,286510.0,2.0
2023_HPSEB_77144_1,"Tender for providing LT extension to newly constructed houses from various DTRs in (E) Section Bharai under ESD No.-II, HPSEBL, Kullu.",HPSEBL||CE(OP) CZ Mandi||SE(OP) Kullu||Sr. Xen (E) Kullu,233169.0,237830.0,1.999
2023_HPSEB_77141_1,"Tender for providing LT extension to newly constructed houses from 100KVA, 11/0.4KV DTR Chanikhod, 25KVA, 11/0.4KV DTR Katubai and 25KVA, 11/0.4KV DTR Phagoo in (E) Section Shat under ESD, HPSEBL, Bhuntar.",HPSEBL||CE(OP) CZ Mandi||SE(OP) Kullu||Sr. Xen (E) Kullu,201070.0,205090.0,1.999
2023_HPSEB_77109_1,"Replacement/Repair of 11KV Auto Recloser and their Control Panel and control wiring with material such as vaccum interrupter, insulated load, limit switch OC/ER Relay, HRC, Fuse, as per direction or satisfaction of Engineer In Charge, UESD Chadhiar",HPSEBL||CE (OP) North||SE (OP) Kangra||Sr. Xen Bajinath,350000.0,339150.0,-3.1
2023_HPSEB_77107_1,"Providing, Erection, Testing and commissioning of 9KV, 5KA Lightning Arrestor with polymeric type, housing suitable for use on 11KV system at various locations under ED Baijnath.",HPSEBL||CE (OP) North||SE (OP) Kangra||Sr. Xen Bajinath,329448.0,326153.0,-1.0
2023_HPSEB_77078_1,"Tender for providing SOP to HPMC Cold Storage unit at Reckong Peo by providing 22/0.4KV,250KVA S/stnalong with associated lines, under Electrical Sub-Division, HPSEBL, Reckong Peo.",HPSEBL||CE(OP) South||SE(OP) Rampur,902387.0,825052.0,-8.57
2023_HPSEB_77018_1,08/2023-24,HPSEBL||CE(OP) South||SE(OP) Solan||Sr.Xen (E) Baddi,283535.0,281834.0,-0.6
2023_HPSEB_76940_1,"Handling and ustody of stores under Shimla Electrical Division No-II, HPSEBL, Shimla-9",HPSEBL||CE(OP) South||SE(OP) Shimla,976676.0,976676.0,0.0
2023_HPSEB_76870_1,33 KV Line Bharari- Idgah,HPSEBL||CE(OP) South,26355879.0,18185581.0,-31.0
2023_HPSEB_76839_1,LED 13/2023-24,HPSEBL||CE (OP) North||SE (OP) Kangra||Sr. Xen L/Gaon,415546.0,433657.0,4.358
2023_HPSEB_76595_1,AED/12/2023-24,HPSEBL||CE (OP) North||SE (OP) Una||Sr. Xen Amb,189980.0,198263.0,4.36
2023_HPSEB_76545_2,PED,HPSEBL||CE(OP) South||SE(OP) Nahan||Sr. Xen(E) Paonta,111414.0,88017.0,-21.0
2023_HPSEB_76543_2,PED-38/2023-24,HPSEBL||CE(OP) South||SE(OP) Nahan||Sr. Xen(E) Paonta,195000.0,167700.0,-14.0
2023_HPSEB_76541_2,PED-37/2023-24,HPSEBL||CE(OP) South||SE(OP) Nahan||Sr. Xen(E) Paonta,100157.0,83631.0,-16.5
2023_HPSEB_76538_2,PED-36/2023-24,HPSEBL||CE(OP) South||SE(OP) Nahan||Sr. Xen(E) Paonta,103675.0,77549.0,-25.2
2023_HPSEB_76536_2,PED-35/2023-24,HPSEBL||CE(OP) South||SE(OP) Nahan||Sr. Xen(E) Paonta,92311.0,69049.0,-25.2
2023_HPSEB_76535_2,PED-34/2023-24,HPSEBL||CE(OP) South||SE(OP) Nahan||Sr. Xen(E) Paonta,80797.0,67465.0,-16.501
2023_HPSEB_76533_2,PED-33/2023-24,HPSEBL||CE(OP) South||SE(OP) Nahan||Sr. Xen(E) Paonta,108988.0,81523.0,-25.2
2023_HPSEB_76532_2,PED-32/2023-24,HPSEBL||CE(OP) South||SE(OP) Nahan||Sr. Xen(E) Paonta,52628.0,39366.0,-25.2
2023_HPSEB_76528_2,PED/DB-NIT/Job No.13/2023-24,HPSEBL||CE(OP) South||SE(OP) Nahan||Sr. Xen(E) Paonta,167615.0,144149.0,-14.0
2023_HPSEB_76500_1,OCU-10/2023-24,HPSEBL||CE (OP) North||SE (OP) Una,1279348.0,1334053.0,4.276
2023_HPSEB_76496_1,SED-08/2023-24,HPSEBL||CE (OP) North||SE (OP) Kangra||Sr. Xen Shahpur,287801.0,244631.0,-15.0
2023_HPSEB_76477_2,"Overhauling Works of 02 Nos. 13.75MVA, 11/66kV Generator Transformer of 2x11.25MW Ganvi - I Hydro Electric Project under Ganvi Power House Division, HPSEBL, Jeori in District Shimla (H.P.)",HPSEBL||CE(Gen) Sundernagar||SE(Gen) Bhaba Nagar,4672800.0,3364416.0,-28.0
2023_HPSEB_76474_1,Tender for construction of 63 KVA distribution transformer,HPSEBL||CE(OP) South||SE(OP) Rampur||Sr.Xen (E) Rampur,419394.0,358595.0,-14.497
2023_HPSEB_76452_1,PED-23-2023-24,HPSEBL||CE(OP) South||SE(OP) Solan,61970.0,57942.0,-6.5
2023_HPSEB_76450_1,PED-23-2023-24,HPSEBL||CE(OP) South||SE(OP) Solan,190722.0,177848.0,-6.75
2023_HPSEB_76448_1,PED-22-2023-24,HPSEBL||CE(OP) South||SE(OP) Solan,97704.0,92086.0,-5.75
2023_HPSEB_76441_1,PED-20-2023-24,HPSEBL||CE(OP) South||SE(OP) Solan,399784.0,398198.0,-0.397
2023_HPSEB_76436_1,PED-19-2023-24,HPSEBL||CE(OP) South||SE(OP) Solan,399029.0,397485.0,-0.387
2023_HPSEB_76419_1,SEOP 20/2023-24,HPSEBL||CE (OP) North||SE (OP) Kangra,2039222.0,2129666.0,4.435
2023_HPSEB_76348_2,SED-07/2023-24,HPSEBL||CE (OP) North||SE (OP) Kangra||Sr. Xen Shahpur,119777.0,119777.0,0.0
2023_HPSEB_76296_1,"Prov. HT line from 33 Kv Sub-Station Maliana to 1x250KVA S/Stn. Ya Group Maliana Bazar and connecting Dhobighat under ESD, Maliana.",HPSEBL||CE(OP) South||SE(OP) Shimla,1563720.0,1407035.0,-10.02
2023_HPSEB_76120_1,NED-09/2023-24,HPSEBL||CE (OP) North||SE (OP) Kangra||Sr. Xen Nagrota,487985.0,510625.0,4.639
2023_HPSEB_76117_1,SEES/SHIMLA-335/2023-24,HPSEBL||CE(ES) Hamirpur||SE(ES) Shimla,2545400.0,2542985.0,-0.095
2023_HPSEB_76015_1,"Tender for Supply of equipment, material, design, erection, testing, commissioning, for shifting of 3-Phase LT line and changing bare conductor with AB Cable in plot of Sh. Aman Sood from existing 11/0.4KV, 100KVA Sub/stn. RLA UESD Paprola",HPSEBL||CE (OP) North||SE (OP) Kangra||Sr. Xen Bajinath,97344.0,97344.0,0.0
2023_HPSEB_76003_1,Tender for Providing additional poles between lengthy span at various locations in Electrical Section Baijanth-1 under ESD Baijnath. T.S. 36/2023-24,HPSEBL||CE (OP) North||SE (OP) Kangra||Sr. Xen Bajinath,105409.0,80111.0,-24.0
2023_HPSEB_75995_1,Tender for shifting of existing 3ph LT Line 11kV HT Line and 1104Kv100 kva Sub-Station at CHC Bangana under ESD HPSEBL Bangana TS NO100202324 WBS NoD230807 Bid No UED53202324Deposit Work,HPSEBL||CE (OP) North||SE (OP) Una||Sr. Xen Una,281743.0,294211.0,4.425
2023_HPSEB_75992_1,OCU-08/2023-24,HPSEBL||CE (OP) North||SE (OP) Una,1571736.0,1638943.0,4.276
2023_HPSEB_75990_1,Tender for shifting of existing 11kV Dhamandhri Feeder and 11kV Dedicated feeder Him Textile from the plot of Centre of Excellence Diary Farm cum Training Centre Basal TS No-1122023-24 Bid No UED52202324Deposit Work,HPSEBL||CE (OP) North||SE (OP) Una||Sr. Xen Una,378375.0,395307.0,4.475
2023_HPSEB_75988_1,Tender for providing 11kV HT Line to proposed 1104kV250 Kva Sub-Station along with CTPT Str for SOP to 100 KW load for electrification of Centre of Excellence Diary Farm cum Training Centre at village upper Basal under ESD HPSEBL Basal Bid No- UED512,HPSEBL||CE (OP) North||SE (OP) Una||Sr. Xen Una,409257.0,427164.0,4.375
2023_HPSEB_75977_1,Tender for providing 11kV HT Line to proposed 1104kV25 KVA SubStation for SOP to 10 HP Shallow Tuble irrigation SchemeBack side PNB at village Behdala under ESD HPSEBL Mehatpur BIDNO50,HPSEBL||CE (OP) North||SE (OP) Una||Sr. Xen Una,170525.0,158247.0,-7.2
2023_HPSEB_75959_1,GED/17-2023-24,HPSEBL||CE (OP) North||SE (OP) Una||Sr. Xen Gagret,327378.0,343648.0,4.97
2023_HPSEB_75951_1,OCN/DB-27/NIT No-14/2023-24,HPSEBL||CE(OP) South||SE(OP) Nahan,4546608.0,3409956.0,-25.0
2023_HPSEB_75929_1,"Prov. 11 KV HT line from 33 Kv Sub-Station Ashwanikhad to existing 3 Pole Str. at Kwalag under ESD, Kasumpti",HPSEBL||CE(OP) South||SE(OP) Shimla,2005937.0,2066115.0,3.0
2023_HPSEB_75863_1,PED 21/2023-24,HPSEBL||CE (OP) North||SE (OP) Kangra||Sr. Xen Palampur,473320.0,489886.0,3.5
2023_HPSEB_75860_1,PED 20/2023-24,HPSEBL||CE (OP) North||SE (OP) Kangra||Sr. Xen Palampur,598839.0,623750.0,4.16
2023_HPSEB_75850_1,NED-08/2023-24,HPSEBL||CE (OP) North||SE (OP) Kangra||Sr. Xen Nagrota,357115.0,373274.0,4.525
2023_HPSEB_75847_1,NED-07/2023-24,HPSEBL||CE (OP) North||SE (OP) Kangra||Sr. Xen Nagrota,590.0,296462.0,50147.797
2023_HPSEB_75835_1,NED-06/2023-24,HPSEBL||CE (OP) North||SE (OP) Kangra||Sr. Xen Nagrota,590.0,328011.0,55495.085
2023_HPSEB_75773_1,DED-24/2023-24,HPSEBL||CE (OP) North||SE (OP) Kangra||Sr. Xen Dharamshala,411643.0,283316.0,-31.174
2023_HPSEB_75753_1,21-2023-24,HPSEBL||CE(OP) South||SE(OP) Solan,2366034.0,2071463.0,-12.45
2023_HPSEB_75751_1,LED 03/2023-24,HPSEBL||CE (OP) North||SE (OP) Kangra||Sr. Xen L/Gaon,166433.0,172819.0,3.837
2023_HPSEB_75748_1,LED 02/2023-24,HPSEBL||CE (OP) North||SE (OP) Kangra||Sr. Xen L/Gaon,238807.0,247971.0,3.837
2023_HPSEB_75711_1,KED04/2023-24,HPSEBL||CE (OP) North||SE (OP) Kangra||Sr. Xen Kangra,265099.0,264993.0,-0.04
2023_HPSEB_75709_1,Erection of HT LT DTR at Syar Market Darlaghat under Capex Scheme,HPSEBL||CE(OP) South||SE(OP) Solan||Sr. Xen(E) Arki,457158.0,428678.0,-6.23
2023_HPSEB_75706_1,Erection of HT LT DTR at Shiv Shankar Garh under Low voltge scheme,HPSEBL||CE(OP) South||SE(OP) Solan||Sr. Xen(E) Arki,665426.0,665426.0,0.0
2023_HPSEB_75698_1,Repair of Power Transformer,HPSEBL||CE(ES) Hamirpur||SE(Design) Hamirpur,4200000.0,4064038.0,-3.237
2023_HPSEB_75687_1,DED-23/2023-24,HPSEBL||CE (OP) North||SE (OP) Kangra||Sr. Xen Dharamshala,127992.0,132269.0,3.342
2023_HPSEB_75686_1,19-2023-24,HPSEBL||CE(OP) South||SE(OP) Solan,1253810.0,952896.0,-24.0
2023_HPSEB_75682_1,18-2023-24,HPSEBL||CE(OP) South||SE(OP) Solan,1794429.0,1363766.0,-24.0
2023_HPSEB_75680_1,17-2023-24,HPSEBL||CE(OP) South||SE(OP) Solan,1703350.0,1303063.0,-23.5
2023_HPSEB_75679_1,SEOP19/2023-24,HPSEBL||CE (OP) North||SE (OP) Kangra,3953646.0,4129056.0,4.437
2023_HPSEB_75678_1,SEOP18/2023-24,HPSEBL||CE (OP) North||SE (OP) Kangra,2341256.0,2449348.0,4.617
2023_HPSEB_75677_1,SEOP17/2023-24,HPSEBL||CE (OP) North||SE (OP) Kangra,1084160.0,1135010.0,4.69
2023_HPSEB_75676_1,SEOP 16/2023-24,HPSEBL||CE (OP) North||SE (OP) Kangra,1120807.0,1166704.0,4.095
2023_HPSEB_75672_1,DED-22/2023-24,HPSEBL||CE (OP) North||SE (OP) Kangra||Sr. Xen Dharamshala,118841.0,122573.0,3.14
2023_HPSEB_75669_1,DED-21/2023-24,HPSEBL||CE (OP) North||SE (OP) Kangra||Sr. Xen Dharamshala,98009.0,101616.0,3.68
2023_HPSEB_75668_1,DED-20/2023-24,HPSEBL||CE (OP) North||SE (OP) Kangra||Sr. Xen Dharamshala,71831.0,73914.0,2.9
2023_HPSEB_75664_1,OCN/DB-27/NIT-No-13/2023-24,HPSEBL||CE(OP) South||SE(OP) Nahan,2212712.0,2189257.0,-1.06
2023_HPSEB_75660_1,DED-19/2023-24,HPSEBL||CE (OP) North||SE (OP) Kangra||Sr. Xen Dharamshala,92083.0,93216.0,1.23
2023_HPSEB_75658_1,OCN/DB-27/NIT No-12/2023-24,HPSEBL||CE(OP) South||SE(OP) Nahan,874923.0,651818.0,-25.5
2023_HPSEB_75654_1,DED-18/2023-24,HPSEBL||CE (OP) North||SE (OP) Kangra||Sr. Xen Dharamshala,54830.0,56376.0,2.82
2023_HPSEB_75653_3,OCN/DB-27/NIT No-11/023-24,HPSEBL||CE(OP) South||SE(OP) Nahan,621167.0,539956.0,-13.074
2023_HPSEB_75650_1,DED-17/2023-24,HPSEBL||CE (OP) North||SE (OP) Kangra||Sr. Xen Dharamshala,84372.0,87021.0,3.14
2023_HPSEB_75646_1,DED-16/2023-24,HPSEBL||CE (OP) North||SE (OP) Kangra||Sr. Xen Dharamshala,104735.0,108196.0,3.305
2023_HPSEB_75643_1,DED-15/2023-24,HPSEBL||CE (OP) North||SE (OP) Kangra||Sr. Xen Dharamshala,84334.0,85995.0,1.97
2023_HPSEB_75636_1,DED-14/2023-24,HPSEBL||CE (OP) North||SE (OP) Kangra||Sr. Xen Dharamshala,263784.0,273718.0,3.766
2023_HPSEB_75632_1,LT Extension to LOH in Vill. Jambal and Tangdu,HPSEBL||CE (OP) North||SE (OP) Kangra||Sr. Xen Dehra,62590.0,61021.0,-2.507
2023_HPSEB_75630_1,"prov. 1-ph to 2-ph and 2-ph to 3-ph LT Extension and aug of LT line in vill. Garli,Pragpur and Nalsuha",HPSEBL||CE (OP) North||SE (OP) Kangra||Sr. Xen Dehra,145025.0,142124.0,-2.0
2023_HPSEB_75627_1,Repl. Lengthy service with bare cond. and aug Of LT line 1-ph to 3-ph to improve the low voltage problem,HPSEBL||CE (OP) North||SE (OP) Kangra||Sr. Xen Dehra,131750.0,124504.0,-5.5
2023_HPSEB_75590_1,"prov. LT extension against Lengthy service in vill. Sanda,Guralla, Gandhwal",HPSEBL||CE (OP) North||SE (OP) Kangra||Sr. Xen Dehra,84950.0,82402.0,-2.999
2023_HPSEB_75573_1,LT line to Repl. Lengthy service with bare cond. From existing 100 KVA S/Stn Karoa,HPSEBL||CE (OP) North||SE (OP) Kangra||Sr. Xen Dehra,110530.0,107767.0,-2.5
2023_HPSEB_75568_1,CEO/MC/T No 08/VCB- CP Gunglidhar/2023-24-,HPSEBL||CE(OP) South,10634447.0,10985933.0,3.305
2023_HPSEB_75538_2,PED 19/2023-24,HPSEBL||CE (OP) North||SE (OP) Kangra||Sr. Xen Palampur,414155.0,428907.0,3.562
2023_HPSEB_75526_1,CEO/MC/T No 07/SOP-HT Line- IIM/2023-24,HPSEBL||CE(OP) South,11889350.0,7756769.0,-34.759
2023_HPSEB_75524_2,PED 18/2023-24,HPSEBL||CE (OP) North||SE (OP) Kangra||Sr. Xen Palampur,414155.0,429862.0,3.793
2023_HPSEB_75519_1,"SOP to LWSS Narti Kgad to Jharghart Stage-I and Pouria Chilla Stage-II , ( phase-I) Jhargharat Stage-I and Bamta Stage-II (Phase-II) Stage-I Rewalpull at Sihana (Phase-III) Section HPSEBL, Jhikanipull under ESD, HPSEBL, Nerwa",HPSEBL||CE(OP) South||SE(OP) Shimla,3090467.0,2611445.0,-15.5
2023_HPSEB_75518_1,"SoP to LWSS to Bhaloo Khad to Jhokar (Stage I, II and III) in ES Kupvi under ESD, HPSEBL, Kupvi.",HPSEBL||CE(OP) South||SE(OP) Shimla,4644250.0,4272709.0,-8.0
2023_HPSEB_75496_1,DED-13/2023-24,HPSEBL||CE (OP) North||SE (OP) Kangra||Sr. Xen Dharamshala,402141.0,299878.0,-25.43
2023_HPSEB_75491_1,Replacement of GO Switch,HPSEBL||CE(OP) South||SE(OP) Rohru||Sr. Xen (E) Jubbal,489940.0,514437.0,5.0
2023_HPSEB_75490_1,Replacement of 01 Nos. VCB,HPSEBL||CE(OP) South||SE(OP) Rohru||Sr. Xen (E) Jubbal,137355.0,108510.0,-21.0
2023_HPSEB_75486_1,CEO/MC/T No-6/SOP-LWSS Pandoa Khad/2023-24,HPSEBL||CE(OP) South,7483771.0,7026513.0,-6.11
2023_HPSEB_75485_1,LED01/2023-24,HPSEBL||CE (OP) North||SE (OP) Kangra||Sr. Xen L/Gaon,316683.0,328836.0,3.838
2023_HPSEB_75480_1,Erection of LT Line,HPSEBL||CE(OP) South||SE(OP) Rohru||Sr. Xen (E) Jubbal,98240.0,67786.0,-31.0
2023_HPSEB_75430_1,SHIFTING OF 63 KVA S/STN,HPSEBL||CE(OP) South||SE(OP) Rohru||Sr. Xen (E) Jubbal,114565.0,81341.0,-29.0
2023_HPSEB_75427_1,R/R OF 32 NOS OF POLES,HPSEBL||CE(OP) South||SE(OP) Rohru||Sr. Xen (E) Jubbal,200000.0,128000.0,-36.0
2023_HPSEB_75424_1,R/R OF 20 NOS OF POLES,HPSEBL||CE(OP) South||SE(OP) Rohru||Sr. Xen (E) Jubbal,168500.0,149965.0,-11.0
2023_HPSEB_75421_1,ERECTION OF 22 KV HT LINE,HPSEBL||CE(OP) South||SE(OP) Rohru||Sr. Xen (E) Jubbal,94767.0,65389.0,-31.0
2023_HPSEB_75419_1,ERECTION OF 100 KVA S/STN,HPSEBL||CE(OP) South||SE(OP) Rohru||Sr. Xen (E) Jubbal,154852.0,106848.0,-31.0
2023_HPSEB_75417_1,ERECTION OF 25 KVA S/STN,HPSEBL||CE(OP) South||SE(OP) Rohru||Sr. Xen (E) Jubbal,298030.0,196700.0,-34.0
2023_HPSEB_75416_1,ERECTION OF 22 KV HT LINE,HPSEBL||CE(OP) South||SE(OP) Rohru||Sr. Xen (E) Jubbal,105020.0,74564.0,-29.0
2023_HPSEB_75414_1,ERECTION OF 63 KVA S/STN,HPSEBL||CE(OP) South||SE(OP) Rohru||Sr. Xen (E) Jubbal,181255.0,126697.0,-30.1
2023_HPSEB_75413_1,ERECTION OF 1 PHASE LT TO LOH,HPSEBL||CE(OP) South||SE(OP) Rohru||Sr. Xen (E) Jubbal,136702.0,101159.0,-26.0
2023_HPSEB_75404_1,ERECTION OFG 1 PHASE LT TO LOH,HPSEBL||CE(OP) South||SE(OP) Rohru||Sr. Xen (E) Jubbal,99754.0,68330.0,-31.501
2023_HPSEB_75402_1,ERECTION OG 1 PHASE LT TO LOH,HPSEBL||CE(OP) South||SE(OP) Rohru||Sr. Xen (E) Jubbal,99263.0,65514.0,-34.0
2023_HPSEB_75399_1,ERECTION OF 63 KVA S/STN,HPSEBL||CE(OP) South||SE(OP) Rohru||Sr. Xen (E) Jubbal,200000.0,148000.0,-26.0
2023_HPSEB_75397_1,HPSEBL/BED/2023-24-Job6,HPSEBL||CE(OP) South||SE(OP) Solan||Sr.Xen (E) Baddi,327104.0,320562.0,-2.0
2023_HPSEB_75396_1,ERECTION OF 63 KVA S/STN,HPSEBL||CE(OP) South||SE(OP) Rohru||Sr. Xen (E) Jubbal,172677.0,126054.0,-27.0
2023_HPSEB_75390_1,ERECTION OF 250 KVA S/STN,HPSEBL||CE(OP) South||SE(OP) Rohru||Sr. Xen (E) Jubbal,192555.0,127086.0,-34.0
2023_HPSEB_75388_1,ERECTION OF 22 KV HT LINE,HPSEBL||CE(OP) South||SE(OP) Rohru||Sr. Xen (E) Jubbal,296180.0,219173.0,-26.0
2023_HPSEB_75380_1,HPSEBL/BPHDJ/06/2023-24,"HPSEBL||CE(Gen) Sundernagar||SE(Gen) Palampur||RE Baner, Jia",478965.0,478018.0,-0.198
2023_HPSEB_75360_1,"R/M of HT line under ESD, HPSEBL, Jari Sub Head Strength",HPSEBL||CE(OP) CZ Mandi||SE(OP) Kullu||Sr. Xen (E) Kullu,231358.0,235985.0,2.0
2023_HPSEB_75359_1,16-2023-24,HPSEBL||CE(OP) South||SE(OP) Solan,1427876.0,1354912.0,-5.11
2023_HPSEB_75358_1,"Providing LT extension to newly constructed houses from 63KVA, 11/0.4KV DTR Bhalyani in (E) section Bhutti under ESD No. II, HPSEBL, Kullu",HPSEBL||CE(OP) CZ Mandi||SE(OP) Kullu||Sr. Xen (E) Kullu,382738.0,390392.0,2.0
2023_HPSEB_75357_2,"Tender for providing 63KVA, 11/0.4KV DTR Palalang alongwith associated HT line and re-organisation of LD system from proposed 63KVA, 11/0.4KV DTR Palalang in (E) section Bhutti under ESD No. II, HPSEBL, Kullu",HPSEBL||CE(OP) CZ Mandi||SE(OP) Kullu||Sr. Xen (E) Kullu,682162.0,695804.0,2.0
2023_HPSEB_75353_2,"Tender for providing 63KVA, 11/0.4KV DTR Jathani alongwith associated HT line and re-organisation of LD system from proposed 63KVA, 11/0.4KV DTR Jathani in (E) section Bhutti under ESD No. II, HPSEBL, Kullu.",HPSEBL||CE(OP) CZ Mandi||SE(OP) Kullu||Sr. Xen (E) Kullu,673250.0,679981.0,1.0
2023_HPSEB_75346_1,"Providing LT extension to newly constructed houses from 25KVA, 11/0.4KV DTR Kashmati in (E) Section Babeli inder ESD NO. II, HPSEBL, Kullu.",HPSEBL||CE(OP) CZ Mandi||SE(OP) Kullu||Sr. Xen (E) Kullu,407416.0,414364.0,1.705
2023_HPSEB_75336_1,"Construction of 630 KVA, 11/0.4KV Sub-Station a/w 11 KV HT and LT lines on partial turnkey basis to provide SOP to HRTC EV Charging Station at Hamirpur Bus Stand under ESD No.2 Hamirpur (ED Hamirpur).",HPSEBL||CE(OP) CZ Mandi||SE(OP) Hamirpur,2058000.0,2139444.0,3.957
2023_HPSEB_75334_1,"Construction of 400 KVA, 11/0.4KV Sub-Station a/w 11 KV HT line on partial turnkey basis to provide SOP to HRTC EV Charging Station at Jahu Bus Stand under ESD HPSEBL Bhareri (ED Barsar) (Deposit Scheme).",HPSEBL||CE(OP) CZ Mandi||SE(OP) Hamirpur,2174000.0,2280752.0,4.91
2023_HPSEB_75303_1,CEON-DEP-11/2023-24,HPSEBL||CE (OP) North,24865701.0,26213485.0,5.42
2023_HPSEB_75295_1,CEON-DEP-12/2023-24,HPSEBL||CE (OP) North,15936156.0,16799936.0,5.42
2023_HPSEB_75273_1,"Estimate for SOP to Electric Vehicle Charging Station near Tawi Mod and at MC Car Parking Tutikandi, providing 3 phase LT cable to Hemkunj Niwas Chakkar and shifting/conversion overhead LT line with AB cable of Foot Over Bridge at Lift",HPSEBL||CE(OP) South||SE(OP) Shimla||Sr. Xen (E) City,689350.0,639990.0,-7.16
2023_HPSEB_75251_1,PED 17/2023-24,HPSEBL||CE (OP) North||SE (OP) Kangra||Sr. Xen Palampur,344300.0,337414.0,-2.0
2023_HPSEB_75205_1,Tender for providing Supply of power to LWSS to Palgi Dhallan Mahun Garsa Railla Rote Bhallan Dhara Talara Ronal Donal Kashadi Dari Phallan Kothi Chehni Kharadad Seri Balagad Thatibir etc in Tehsil Banjar and Kullu under ESD HPSEBL Nagwain,HPSEBL||CE(OP) CZ Mandi||SE(OP) Kullu,1542763.0,1613884.0,4.61
2023_HPSEB_75202_1,Tender for providing Supply of power to Seri Culture Office Building at Parjoli Dhar by providing 250 KVA DTR under Electrical Sub Division Balichowki HPSEBL ED Thalout,HPSEBL||CE(OP) CZ Mandi||SE(OP) Kullu,2118369.0,2216025.0,4.61
2023_HPSEB_75102_1,"Providing house hold connection by Ministry of Jal Shakti Har Ghar Nal se Jal under LWSS ladoh IPH Store Panchrukhi for 3Phase LT extension from 11/0.4KV, 250KVA Sub station Barohal under ESD Panchrukhi. T.S. No. 31/2023-24",HPSEBL||CE (OP) North||SE (OP) Kangra||Sr. Xen Bajinath,590.0,201595.0,34068.644
2023_HPSEB_75099_1,NED-05/2023-24,HPSEBL||CE (OP) North||SE (OP) Kangra||Sr. Xen Nagrota,130625.0,112520.0,-13.86
2023_HPSEB_75097_1,NED-04/2023-24.,HPSEBL||CE (OP) North||SE (OP) Kangra||Sr. Xen Nagrota,149860.0,157068.0,4.81
2023_HPSEB_75096_1,"Tender for Providing 3Phase New LT line along with Aug. of 1Phase to 3Phase Line from existing 11/0.4KV, 63KVA Sub-Station Samlater in E-Section Sansai under ESD Chadhiar. T.S. No. 61/2023-24",HPSEBL||CE (OP) North||SE (OP) Kangra||Sr. Xen Bajinath,590.0,134331.0,22667.966
2023_HPSEB_75087_1,NED-02/2023-24,HPSEBL||CE (OP) North||SE (OP) Kangra||Sr. Xen Nagrota,688684.0,698036.0,1.358
2023_HPSEB_75071_1,E40-2023-24,HPSEBL||CE(OP) South||SE(OP) Solan,476978.0,389655.0,-18.308
2023_HPSEB_75068_1,E39-2023-24,HPSEBL||CE(OP) South||SE(OP) Solan,106605.0,100741.0,-5.501
2023_HPSEB_75064_1,NED-38/2023-24,HPSEBL||CE(OP) South||SE(OP) Nahan||Sr.Xen (E) Nahan,499140.0,374355.0,-25.0
2023_HPSEB_75063_1,NED-37/2023-24,HPSEBL||CE(OP) South||SE(OP) Nahan||Sr.Xen (E) Nahan,436345.0,431981.0,-1.0
2023_HPSEB_75062_1,NED-01/2023-24,HPSEBL||CE (OP) North||SE (OP) Kangra||Sr. Xen Nagrota,622278.0,630890.0,1.384
2023_HPSEB_75057_1,HPSEBL/ESDU/02/2023-24,HPSEBL||CE(ES) Hamirpur||SE(ES) Hamirpur||Sr. Xen (ES) Una (Rakkar),254880.0,203904.0,-20.0
2023_HPSEB_75051_1,PED/DB-NIT/Job No.13/2023-24,HPSEBL||CE(OP) South||SE(OP) Nahan||Sr. Xen(E) Paonta,247274.0,184219.0,-25.5
2023_HPSEB_75048_1,HPSEBL/ESDU/01/2023-24,HPSEBL||CE(ES) Hamirpur||SE(ES) Hamirpur||Sr. Xen (ES) Una (Rakkar),222984.0,210720.0,-5.5
2023_HPSEB_75028_1,OCU-07/2023-24,HPSEBL||CE (OP) North||SE (OP) Una,510020.0,514212.0,0.822
2023_HPSEB_74969_1,GED-08/2023-24,HPSEBL||CE (OP) North||SE (OP) Una||Sr. Xen Gagret,359136.0,376195.0,4.75
2023_HPSEB_74955_1,"Re Earthing of various Sub-Stations in (E) Sub Division No. I, HPSEBL, Jogindernagar under Electrical Division, HPSEBL, Jogindernagar.",HPSEBL||CE(OP) CZ Mandi||SE(OP) Mandi||Sr. Xen (E) J/ Nager,338365.0,262232.0,-22.5
2023_HPSEB_74950_1,GED-07/2023-24,HPSEBL||CE (OP) North||SE (OP) Una||Sr. Xen Gagret,688465.0,721167.0,4.75
2023_HPSEB_74940_1,CEO/MnC/T No 2/ Aug /SStn R/Ghat/2023-24,HPSEBL||CE(OP) South,16651997.0,18280395.0,9.779
2023_HPSEB_74933_1,CEO/MC/T NO 3/GIS-Gondpur/2023-24,HPSEBL||CE(OP) South,78673366.0,67973795.0,-13.6
2023_HPSEB_74929_1,"providing 11KV HT line to 100 KVA, 11/0.4 KV DTR and LT line at Village Judikalan Near Madi Mandir Under Electrical Sub-Division, HPSEBL, Baddi",HPSEBL||CE(OP) South||SE(OP) Solan||Sr.Xen (E) Baddi,242345.0,229961.0,-5.11
2023_HPSEB_74917_1,AED/06/2023-24,HPSEBL||CE (OP) North||SE (OP) Una||Sr. Xen Amb,751976.0,788898.0,4.91
2023_HPSEB_74914_1,"SOP to LWSS Bhalawag Teer and its adjoining village in GP Janedghat/Bharech in Tehsil and District Shimla Ist and 2nd Stage in Electrical Section Koti under Electrical Sub Division HPSEBL, Junga",HPSEBL||CE(OP) South||SE(OP) Shimla,3574170.0,3288136.0,-8.003
2023_HPSEB_74912_1,. CEO/MC/T No .4/ SOP to HRTC Taradevi/ 2023,HPSEBL||CE(OP) South,13845750.0,13959982.0,0.825
2023_HPSEB_74879_1,CEO/MM/Tender/ No. 05 (Cable Fault Locator Van)/2023-24,HPSEBL||CE(OP) South,21063000.0,19906128.0,-5.492
2023_HPSEB_74851_1,CEO/MnC/T No 01/Sub-Stn-IIM/2023-24,HPSEBL||CE(OP) South,46848392.0,36794718.0,-21.46
2023_HPSEB_74848_1,"SoP to EV Charging Station at HRTC Bus Stand Theog ESD, HPSEBL, Theog",HPSEBL||CE(OP) South||SE(OP) Shimla,4338298.0,4078000.0,-6.0
2023_HPSEB_74847_1,"SoP to EV Charging Station at Junga in ES Junga 1st under ESD, HPSEBL, Junga",HPSEBL||CE(OP) South||SE(OP) Shimla,2438439.0,2243364.0,-8.0
2023_HPSEB_74790_1,OCU-06/2023-24,HPSEBL||CE (OP) North||SE (OP) Una,410422.0,426702.0,3.967
2023_HPSEB_74787_1,SEOP 15/2023-24,HPSEBL||CE (OP) North||SE (OP) Kangra,2036971.0,2130188.0,4.576
2023_HPSEB_74782_1,SEOP 14/2023-24,HPSEBL||CE (OP) North||SE (OP) Kangra,1350700.0,1416079.0,4.84
2023_HPSEB_74779_1,SEOP 13/2023-24,HPSEBL||CE (OP) North||SE (OP) Kangra,1270002.0,1332740.0,4.94
2023_HPSEB_74776_1,OCU-05/2023-24,HPSEBL||CE (OP) North||SE (OP) Una,1537626.0,1597863.0,3.918
2023_HPSEB_74730_1,GED-06/2023-24,HPSEBL||CE (OP) North||SE (OP) Una||Sr. Xen Gagret,354258.0,369668.0,4.35
2023_HPSEB_74721_2,GED-05/2023-24,HPSEBL||CE (OP) North||SE (OP) Una||Sr. Xen Gagret,306354.0,320140.0,4.5
2023_HPSEB_74709_1,11-2023-24,HPSEBL||CE(OP) South||SE(OP) Solan,1038343.0,1085068.0,4.5
2023_HPSEB_74706_1,"Tender for the work, SOP to source level Aug. of various water supply scheme under I PH section Gehrwin from Kahrwin- Nalha under JJM in Tehshil Jhandutta Distt. Bilaspur. SH Estimate for Augumentation of 33/11KV, 2x3.15MVA to 2x6.3MVA Power trans",HPSEBL||CE(OP) CZ Mandi||SE(OP) Bilaspur,1295248.0,999284.0,-22.85
2023_HPSEB_74705_1,"Tender for the work Providing SOP on 11 KV to Lift water Supply Scheme to 15 No.s Gram Panchayats of Jarol Kangoo area of Block Sundernagar Distt. Mandi H.P in E section local-III under ESD , HPSEB,Ltd. Sundernagar NIT-05/2023-24",HPSEBL||CE(OP) CZ Mandi||SE(OP) Bilaspur,4059574.0,3280136.0,-19.2
2023_HPSEB_74682_1,Providing and fixing of LTDB 630 kVA and CT-PT CU 100/5A,HPSEBL||CE(OP) South||SE(OP) Rampur||Sr.Xen (E) Rampur,484107.0,427466.0,-11.7
2023_HPSEB_74483_1,GED-03/2023-24,HPSEBL||CE (OP) North||SE (OP) Una||Sr. Xen Gagret,921627.0,960769.0,4.247
2023_HPSEB_74467_2,GED-04/2023-24,HPSEBL||CE (OP) North||SE (OP) Una||Sr. Xen Gagret,958572.0,988287.0,3.1
2023_HPSEB_74452_3,"shifting of 11 KV HT Line, LT Line passing over the Plot of M/S Premier Alcobev Pvt. Ltd",HPSEBL||CE (OP) North||SE (OP) Kangra||Sr. Xen Dehra,94320.0,95075.0,0.8
2023_HPSEB_74446_4,GED-02/2023-24,HPSEBL||CE (OP) North||SE (OP) Una||Sr. Xen Gagret,354563.0,368745.0,4.0
2023_HPSEB_74435_3,SEOP 12/2023-24,HPSEBL||CE (OP) North||SE (OP) Kangra,1162853.0,1214629.0,4.452
2023_HPSEB_74433_2,SEOP 11/2023-24,HPSEBL||CE (OP) North||SE (OP) Kangra,1437437.0,1505399.0,4.728
2023_HPSEB_74431_2,SEOP-10/2023-24,HPSEBL||CE (OP) North||SE (OP) Kangra,1165289.0,1218382.0,4.556
2023_HPSEB_74395_1,PED-12-2023-24,HPSEBL||CE(OP) South||SE(OP) Solan,106205.0,96699.0,-8.951
2023_HPSEB_74394_1,PED-11-2023-24,HPSEBL||CE(OP) South||SE(OP) Solan,70567.0,63545.0,-9.951
2023_HPSEB_74389_3,PED-10-2023-24,HPSEBL||CE(OP) South||SE(OP) Solan,149585.0,130213.0,-12.95
2023_HPSEB_74282_1,05/2023-24,HPSEBL||CE(OP) CZ Mandi||SE(OP) Mandi||Sr. Xen (E) S/Ghat,198333.0,168384.0,-15.1
2023_HPSEB_74238_1,HPSEBL/ESCH/01/2023-24,HPSEBL||CE(ES) Hamirpur||SE(ES) Hamirpur,7348593.0,5989103.0,-18.5
2023_HPSEB_74227_1,"SoP to LWSS Nayaser Khad to Dhari Tikker in GP Neen,, Ghani, Pahal and Baldayain in tehsil-Sunni under ESD, HPSEBL, Sunni",HPSEBL||CE(OP) South||SE(OP) Shimla,3131754.0,2701138.0,-13.75
2023_HPSEB_74143_1,GED-01/2023-24,HPSEBL||CE (OP) North||SE (OP) Una||Sr. Xen Gagret,748601.0,781165.0,4.35
2023_HPSEB_74048_1,"Estimate for Providing SOP to Govt. newly constructed building ITI at Nicrowave and shifting of existing 22 KV HT line passing over the ground of ITI in Electrical section Nihri-1st under ESD , HPSEB,Ltd. Nihri.T.S-39/2023-24 S/Amt-16,26,558 /- only",HPSEBL||CE(OP) CZ Mandi||SE(OP) Bilaspur||Sr. Xen (S/Nagar),339105.0,294189.0,-13.245
2023_HPSEB_74044_1,"Esimate for improving supply reliability of Jain Irrigation Kalahod scheme by providing Add. equipments of existing 630 KVA ,11/0.4 KV S/Stn Jain Kalahod under SSSD , HPSEB,Ltd. Sundernagar. T.S-327/2022-23 S/Amt-3,70,101 /- WBS-D-22-2209",HPSEBL||CE(OP) CZ Mandi||SE(OP) Bilaspur||Sr. Xen (S/Nagar),210346.0,157780.0,-24.99
2023_HPSEB_73968_1,PED 11/2023-24,HPSEBL||CE (OP) North||SE (OP) Kangra||Sr. Xen Palampur,75107.0,75070.0,-0.049
2023_HPSEB_73967_1,PED 10/2023-24,HPSEBL||CE (OP) North||SE (OP) Kangra||Sr. Xen Palampur,70017.0,72740.0,3.889
2023_HPSEB_73963_1,PED 09/2023-24,HPSEBL||CE (OP) North||SE (OP) Kangra||Sr. Xen Palampur,621645.0,646237.0,3.956
2023_HPSEB_73961_1,PED 08/2023-24,HPSEBL||CE (OP) North||SE (OP) Kangra||Sr. Xen Palampur,129226.0,135561.0,4.902
2023_HPSEB_73959_1,"Estimate for Providing 63kVA,22/0.4kV DTR, Providing 22kV HT line , Re-organisation of LT line from S/Stn Lindidhar in ES Dhalli under Electrical Division No. 1 Shimla-09.",HPSEBL||CE(OP) South||SE(OP) Shimla||Sr. Xen (E)-1 Kasumpti,417971.0,405432.0,-3.0
2023_HPSEB_73956_1,PED 07/2023-24,HPSEBL||CE (OP) North||SE (OP) Kangra||Sr. Xen Palampur,177042.0,183818.0,3.827
2023_HPSEB_73952_1,PED 06/2023-24,HPSEBL||CE (OP) North||SE (OP) Kangra||Sr. Xen Palampur,751346.0,780955.0,3.941
2023_HPSEB_73948_1,PED 05/2023-24,HPSEBL||CE (OP) North||SE (OP) Kangra||Sr. Xen Palampur,442639.0,460477.0,4.03
2023_HPSEB_73946_1,PED 04/2023-24,HPSEBL||CE (OP) North||SE (OP) Kangra||Sr. Xen Palampur,111538.0,111482.0,-0.05
2023_HPSEB_73942_1,PED 03/2023-24,HPSEBL||CE (OP) North||SE (OP) Kangra||Sr. Xen Palampur,323110.0,335165.0,3.731
2023_HPSEB_73940_1,DED-11/2023-24,HPSEBL||CE (OP) North||SE (OP) Kangra||Sr. Xen Dharamshala,134905.0,140234.0,3.95
2023_HPSEB_73929_1,14-2023-24,HPSEBL||CE(OP) South||SE(OP) Solan,6536324.0,6013418.0,-8.0
2023_HPSEB_73928_1,DED-10/2023-24,HPSEBL||CE (OP) North||SE (OP) Kangra||Sr. Xen Dharamshala,73887.0,73024.0,-1.168
2023_HPSEB_73926_1,DED-09/2023-24,HPSEBL||CE (OP) North||SE (OP) Kangra||Sr. Xen Dharamshala,400353.0,417357.0,4.247
2023_HPSEB_73918_1,DED-08/2023-24,HPSEBL||CE (OP) North||SE (OP) Kangra||Sr. Xen Dharamshala,623629.0,650879.0,4.37
2023_HPSEB_73899_1,Augumentation of existing 63 KVA S/Stn. (LWSS Kothi Kotli) to 100 KVA.,HPSEBL||CE(OP) South||SE(OP) Solan||Sr. Xen(E) Arki,236342.0,238705.0,1.0
2023_HPSEB_73874_1,"SoP to newly Constructed forensics Head Quarter at Junga in ES Junga under ESD, HPSEBL, Junga",HPSEBL||CE(OP) South||SE(OP) Shimla,1378161.0,1101840.0,-20.05
2023_HPSEB_73872_1,"SoP to old age home building Mashobra in ES Mashobra under ESD, HPSEBL, Mashobra",HPSEBL||CE(OP) South||SE(OP) Shimla,1310164.0,1023238.0,-21.9
2023_HPSEB_73867_1,OCN/DB-27/NIT-No-09/2023-24,HPSEBL||CE(OP) South||SE(OP) Nahan,2647863.0,2330119.0,-12.0
2023_HPSEB_73863_1,OCN/DB-27/NIT-No-07/2023-24,HPSEBL||CE(OP) South||SE(OP) Nahan,644783.0,641559.0,-0.5
2023_HPSEB_73861_1,OCN/DB-27/NIT-No-06/2023-24,HPSEBL||CE(OP) South||SE(OP) Nahan,591036.0,585008.0,-1.02
2023_HPSEB_73778_1,"Construction of 63KVA, 11/0.4KV Sub-Station aw HT 3Phase LT on turnkey basis to provide SOP to LWSS Phenjewin Sunel Khed in Tehsil Bhoranj under ESD Bhoranj",HPSEBL||CE(OP) CZ Mandi||SE(OP) Hamirpur||Sr. Xen (E) Barsar,815046.0,851520.0,4.475
2023_HPSEB_73768_1,"Construction of 63 KVA, 11/0.4KV Sub-Station a/w 11 KV HT 3Ph LT line to provide SOP to LWSS Baliah on turnkey basis under ESD HPSEBL Barsar",HPSEBL||CE(OP) CZ Mandi||SE(OP) Hamirpur||Sr. Xen (E) Barsar,766696.0,739479.0,-3.55
2023_HPSEB_73739_1,"Providing Interlinking of 11KV HT line from existing 400KVA, 11/0.4KV Sub-Station structure to existing 11KV HT line at tapping point in (E) section Local I under ESD, HPSEBL, Bhuntar",HPSEBL||CE(OP) CZ Mandi||SE(OP) Kullu||Sr. Xen (E) Kullu,246359.0,234040.0,-5.0
2023_HPSEB_73738_1,"Tender for Supply of equipment / material , design, erection, testing commissioning for SOP to HPPCL by Prov. 11/.4 KV 63 KVA S/Stn. For Adit-1 a/w 11 KV HT line(Ropeway plateform) of 48 MW Chanju-III HEP, in section Nakror ESD Tissa ED Chamba",HPSEBL||CE (OP) North||SE (OP) Dalhousie,819630.0,722504.0,-11.85
2023_HPSEB_73727_1,"Tender for Supply of equipment / material , design, erection, testing commissioning for SOP to Newly constructed boys hostel of Govt. Millinium Polytechnic collage at Sarol by Prov. 11/.4 KV 250 KVA S/Stn. at Sarol in section Sarol ESD Chamba-II, E",HPSEBL||CE (OP) North||SE (OP) Dalhousie,1319265.0,1146046.0,-13.13
2023_HPSEB_73724_1,Erection of 3.15MVA Power transformer with additional bus and bay for connectivity at 33/11KV S/stn Kullu including dismantling and carriage of power transformer from 33/11KV S/stn Nagwain,HPSEBL||CE(OP) CZ Mandi||SE(OP) Kullu||Sr. Xen (E) Kullu,406774.0,382368.0,-6.0
2023_HPSEB_73723_1,"Providing SOP to M/S Reliance Infratel Limited by augmentation of 25KVA, 11/0.4KV DTR Koshaage into 63KVA, 11/0.4KV DTR alongwith augmentation of LT line and providing Minor LT extension in (E) section Kharahal under ESD No. II, HPSEBL, Kullu",HPSEBL||CE(OP) CZ Mandi||SE(OP) Kullu||Sr. Xen (E) Kullu,497809.0,422590.0,-15.11
2023_HPSEB_73721_2,Providing SOP to HPMC Cold Store Tutupani by Providing 100 KVA 22/0.4 KV Transformer alongwith HT line and CT/PT Metering unit in (E) Section Khadrala Under ESD Tikkar,HPSEBL||CE(OP) South||SE(OP) Rohru||Sr.Xen(E) Rohru,551815.0,521466.0,-5.5
2023_HPSEB_73676_1,"Providing SOP to Handpump of Jal Shakti Vibhag at Bharatkoop by providing 1Ph LT extension from 100KVA, 11/0.4KV DTR Bharatkoop in (E) section Seobag under ESD No. II, HPSEBL, Kullu",HPSEBL||CE(OP) CZ Mandi||SE(OP) Kullu||Sr. Xen (E) Kullu,208053.0,176616.0,-15.11
2023_HPSEB_73672_1,Loss Reduction Works under RDSS for South Zone,HPSEBL,7983700000.0,8885635186.0,11.297
2023_HPSEB_73671_1,Loss Reduction Works under RDSS for North Zone,HPSEBL,3445000000.0,4096563964.0,18.913
2023_HPSEB_73667_1,"Construction of 63 KVA, 11/0.4KV Sub-Station a/w 11 KV HT to provide SOP to LWSS Ghumarth on turnkey basis under ESD HPSEBL Bijhar (ED Barsar) (Deposit, T.S. No. 40/2023-24)",HPSEBL||CE(OP) CZ Mandi||SE(OP) Hamirpur||Sr. Xen (E) Barsar,540486.0,563386.0,4.237
2023_HPSEB_73666_1,"Providing SOP to Jal Shakti Vibhag by providing 3 Phase LT extension from 250KVA, 11/0.4KV DTR Lower Bashing and 250KVA, 11/0.4KV DTR HRTC Bashing in (E) section Babeli under ESD No. II, HPSEBL, Kullu",HPSEBL||CE(OP) CZ Mandi||SE(OP) Kullu||Sr. Xen (E) Kullu,450979.0,423920.0,-6.0
2023_HPSEB_73657_2,13-2023-24,HPSEBL||CE(OP) South||SE(OP) Solan,2942626.0,2891130.0,-1.75
2023_HPSEB_73655_1,AED/05/2023-24,HPSEBL||CE (OP) North||SE (OP) Una||Sr. Xen Amb,915230.0,959161.0,4.8
2023_HPSEB_73640_1,"SoP to Balance work at IGMC New OPD Block Chamyana under Electrical Division No-II, Kasumpti, Shimla-9",HPSEBL||CE(OP) South||SE(OP) Shimla,3673534.0,3227200.0,-12.15
2023_HPSEB_73638_1,"SoP to LWSS to P.C Habitation in Mashobra Block in GP Bhont, Dummi and Chairy in Tehsil and Distt Shimla in ES Parechi under ESD, HPSEBL, Dhalli",HPSEBL||CE(OP) South||SE(OP) Shimla,3373717.0,3126424.0,-7.33
2023_HPSEB_73601_1,CEON-SI-09/2023-24,HPSEBL||CE (OP) North,4197180.0,4092250.0,-2.5
2023_HPSEB_73600_1,SED-04/2023-24,HPSEBL||CE (OP) North||SE (OP) Kangra||Sr. Xen Shahpur,430688.0,409153.0,-5.0
2023_HPSEB_73597_1,CEON-SI-07/2023-24,HPSEBL||CE (OP) North,8059783.0,8301576.0,3.0
2023_HPSEB_73594_1,SED-03/2023-24,HPSEBL||CE (OP) North||SE (OP) Kangra||Sr. Xen Shahpur,104000.0,92976.0,-10.6
2023_HPSEB_73590_1,SED-02/2023-24,HPSEBL||CE (OP) North||SE (OP) Kangra||Sr. Xen Shahpur,637434.0,557117.0,-12.6
2023_HPSEB_73581_1,"Tender for providing 22/0.4kV 63 kVA Sub-sattion Nautor in Electrical section , Malendi under ESD HPSEBL, Baragaon.",HPSEBL||CE(OP) South||SE(OP) Rampur||Sr.Xen (E) Rampur,339906.0,278723.0,-18.0
2023_HPSEB_73580_1,"Tender for providing 22 kV HT Line to proposed, 22/0.4kV 63 kVA Sub-sattion Nautor in Electrical section , Malendi under ESD HPSEBL, Baragaon.",HPSEBL||CE(OP) South||SE(OP) Rampur||Sr.Xen (E) Rampur,950639.0,789030.0,-17.0
2023_HPSEB_73519_1,"Tender for Supply of equipment / material , design, erection, testing commissioning for carring out the balance/left out pending works of 33 KV S/C line with WOLF Conductor from existing 33/11KV S/Stn. Holi to existing 33/11KV S/Stn. Garola ESD Bha",HPSEBL||CE (OP) North||SE (OP) Dalhousie,3126038.0,2625247.0,-16.02
2023_HPSEB_73516_1,"Tender for Replacement of LT Rotten wooden poles with 8/9 Mtr. Long ST poles of various s/stns. in various section under ESD Salooni, ED Dalhousie",HPSEBL||CE (OP) North||SE (OP) Dalhousie,1153506.0,1192789.0,3.406
2023_HPSEB_73511_1,"Tender for Supply of equipment / material , design, erection, testing commissioning for SOP to LIS Bhadwar (Under HPHDP) Deptt. of Horticulture by Prov. 11/.4 KV 100 KVA S/Stn. a/w 11 KV HT and LT line in section Bhadwar ESD Nurpur ED Nurpur",HPSEBL||CE (OP) North||SE (OP) Dalhousie,1119254.0,1015622.0,-9.259
2023_HPSEB_73509_1,"i)Tender for Supply of equipment / material , design, erection, testing commissioning for SOP to Shifting of 11KV HT line Nainikhad feeder at newly erected 33/11 KV S/Stn. MES Receiving station Bakloh in section Nainikhad ESD Bakloh ED Dalhousie.",HPSEBL||CE (OP) North||SE (OP) Dalhousie,940588.0,812010.0,-13.67
2023_HPSEB_73504_1,UED/03/2023-24,HPSEBL||CE (OP) North||SE (OP) Una||Sr. Xen Una,201856.0,211909.0,4.98
2023_HPSEB_73484_1,OCU-04/2023-24,HPSEBL||CE (OP) North||SE (OP) Una,1358972.0,1116395.0,-17.85
2023_HPSEB_73478_1,"Construction 100KVA, 11/0.4KV Sub-Station a/w associated 11KV HT and 3Phase LT Lines to provide SOP to LWSS Longni - Karot on turnkey basis under ESD, HPSEBL Sujanpur (Deposit Scheme ).",HPSEBL||CE(OP) CZ Mandi||SE(OP) Hamirpur,1251000.0,1028010.0,-17.825
2023_HPSEB_73474_1,E36-23-24,HPSEBL||CE(OP) South||SE(OP) Solan,123594.0,107464.0,-13.051
2023_HPSEB_73473_1,E35-23-24,HPSEBL||CE(OP) South||SE(OP) Solan,491715.0,417711.0,-15.05
2023_HPSEB_73470_1,E34-23-24,HPSEBL||CE(OP) South||SE(OP) Solan,325443.0,282972.0,-13.05
2023_HPSEB_73469_1,E33-23-24,HPSEBL||CE(OP) South||SE(OP) Solan,88590.0,84160.0,-5.001
2023_HPSEB_73468_1,E32-23-24,HPSEBL||CE(OP) South||SE(OP) Solan,59130.0,56173.0,-5.001
2023_HPSEB_73465_1,E31-23-24,HPSEBL||CE(OP) South||SE(OP) Solan,413773.0,351500.0,-15.05
2023_HPSEB_73462_1,E30-23-24,HPSEBL||CE(OP) South||SE(OP) Solan,331364.0,288121.0,-13.05
2023_HPSEB_73458_1,E29-23-24,HPSEBL||CE(OP) South||SE(OP) Solan,457378.0,388542.0,-15.05
2023_HPSEB_73455_1,E28-23-24,HPSEBL||CE(OP) South||SE(OP) Solan,387849.0,329477.0,-15.05
2023_HPSEB_73454_2,SEOP-09/2023-24,HPSEBL||CE (OP) North||SE (OP) Kangra,3521806.0,3613098.0,2.592
2023_HPSEB_73453_1,SEOP-08/2023-24,HPSEBL||CE (OP) North||SE (OP) Kangra,1603629.0,1663003.0,3.702
2023_HPSEB_73449_1,E27-23-24,HPSEBL||CE(OP) South||SE(OP) Solan,109086.0,87268.0,-20.001
2023_HPSEB_73443_1,"Tender for Survey, Design, Manufacturing, supply of material, Erection, Testing and Commissioning i/c dismantlement of existing material along with C/O Civil Work for Augmentation, Modernization/ Renovation of 33/11KV,2x2.5 MVA into 2x3.15 MVA Sub-St",HPSEBL||CE(OP) CZ Mandi||SE(OP) Bilaspur,3666303.0,3246511.0,-11.45
2023_HPSEB_73439_1,Tender for the work providing SOP to LWSS Biggan Khad Stage 1st and Stage 2nd at Farman Under ESD HPSEBL Churag,HPSEBL||CE(OP) CZ Mandi||SE(OP) Bilaspur,2263786.0,1890261.0,-16.5
2023_HPSEB_73398_1,AED/002/2023-24,HPSEBL||CE (OP) North||SE (OP) Una||Sr. Xen Amb,160104.0,166908.0,4.25
2023_HPSEB_73397_1,OCU-03/2023-24,HPSEBL||CE (OP) North||SE (OP) Una,985423.0,1032158.0,4.743
2023_HPSEB_73387_1,AED/001/2023-24,HPSEBL||CE (OP) North||SE (OP) Una||Sr. Xen Amb,784814.0,820523.0,4.55
2023_HPSEB_73383_1,SED-01/2023-24,HPSEBL||CE (OP) North||SE (OP) Kangra||Sr. Xen Shahpur,653896.0,672969.0,2.917
2023_HPSEB_73330_1,CEON-DEP-05/2023-24,HPSEBL||CE (OP) North,8084664.0,8687780.0,7.46
2023_HPSEB_73281_1,SEOP-07/2023-24,HPSEBL||CE (OP) North||SE (OP) Kangra,733650.0,602693.0,-17.85
2023_HPSEB_73262_1,AED04/2023-24,HPSEBL||CE (OP) North||SE (OP) Una||Sr. Xen Amb,158440.0,166045.0,4.8
2023_HPSEB_73255_1,AED03/2023-24,HPSEBL||CE (OP) North||SE (OP) Una||Sr. Xen Amb,739822.0,774593.0,4.7
2023_HPSEB_73209_1,SEOP-04/2023-24,HPSEBL||CE (OP) North||SE (OP) Kangra,1112208.0,1165549.0,4.796
2023_HPSEB_73201_1,"Tender for providing SOP to Reliance Jio Tower at village Peukar in (E) section Keylong under ESD, HPSEBL, Keylong on Turnkey Basis",HPSEBL||CE(OP) CZ Mandi||SE(OP) Kullu||Sr. Xen (E) Keylong,218713.0,193560.0,-11.5
2023_HPSEB_73198_1,"Tender for providing SOP to HRTC Udaipur in (E) section Udaipur 1st under ESD, HPSEBL, Udaipur on Turnkey Basis",HPSEBL||CE(OP) CZ Mandi||SE(OP) Kullu||Sr. Xen (E) Keylong,400095.0,354084.0,-11.5
2023_HPSEB_73136_1,SEOP-05/2023-24,HPSEBL||CE (OP) North||SE (OP) Kangra,941446.0,985970.0,4.729
2023_HPSEB_73114_1,OCN/DB-27/NIT-No-03/2023-24,HPSEBL||CE(OP) South||SE(OP) Nahan,708595.0,698001.0,-1.495
2023_HPSEB_73113_1,OCN/DB-27/NIT-No-02/2023-24,HPSEBL||CE(OP) South||SE(OP) Nahan,730339.0,547754.0,-25.0
2023_HPSEB_73112_1,Estimate for providing 22 KV HT and LT line from 25 KVA 22/0.4KV sub-station Neori in (E ) section Gohar under Electrical Sub Division HPSEBL Gohar,HPSEBL||CE(OP) CZ Mandi||SE(OP) Mandi||Sr. Xen (E) Gohar,155953.0,132560.0,-15.0
2023_HPSEB_73106_1,Estimate for shifting of 3 Phase LT line at proposed site of Govt Pharmacy Collage at Bhurni in (E ) section Bagsiad under Electrical Sub Division HPSEBL Janjehli,HPSEBL||CE(OP) CZ Mandi||SE(OP) Mandi||Sr. Xen (E) Gohar,110949.0,98744.0,-11.001
2023_HPSEB_73100_1,Estimate for additional steel tubular pole to maintain the proper clearance of 22KV HT line in (E) section Baggi under Electrical Sub Division HPSEBL Baggi,HPSEBL||CE(OP) CZ Mandi||SE(OP) Mandi||Sr. Xen (E) Gohar,56770.0,44780.0,-21.12
2023_HPSEB_73083_1,SEOP-03/2023-24,HPSEBL||CE (OP) North||SE (OP) Kangra,1356039.0,1406755.0,3.74
2023_HPSEB_73064_1,PED 02/2023-24,HPSEBL||CE (OP) North||SE (OP) Kangra||Sr. Xen Palampur,997431.0,795850.0,-20.21
2023_HPSEB_73027_1,SEES/SHIMLA-321/2023-24,HPSEBL||CE(ES) Hamirpur||SE(ES) Shimla,1489243.0,1329262.0,-10.742
2023_HPSEB_72952_1,CEO/MC/T No 02/SOP to AG Office /2023-24,HPSEBL||CE(OP) South,16852402.0,14878355.0,-11.714
2023_HPSEB_72917_1,CEON-Dep-03/2023-24,HPSEBL||CE (OP) North,8177992.0,8735731.0,6.82
2023_HPSEB_72913_1,"Estimate for providing SOP to Nature Interpretation and service center at Jalori Jot by providing 22/0.4 KV,63 KVA sub-station, 22 KV HT line and LT line in (E) section Anni 1st under ESD Anni.",HPSEBL||CE(OP) South||SE(OP) Rampur,2926262.0,2482299.0,-15.172
2023_HPSEB_72909_1,"Estimate for SOP to Village tabo by providing 22/0.04kV, 250 KVA DTR, HT Line , 3Phase LT Line, under E section Tabo, UESD Tabo under ED KAZA, HPSEBL",HPSEBL||CE(OP) South||SE(OP) Rampur,447193.0,424335.0,-5.111
2023_HPSEB_72896_1,"Supply of power to LIS Lidang in (E) section Schling under Electrical Sub-Division, HPSEBL Tabo under Electrical Division Kaza.",HPSEBL||CE(OP) South||SE(OP) Rampur,1025689.0,973841.0,-5.055
2023_HPSEB_72885_1,E26-2023-24,HPSEBL||CE(OP) South||SE(OP) Solan,250445.0,170302.0,-32.0
2023_HPSEB_72869_1,CEON-SI-02/2023-24,HPSEBL||CE (OP) North,25724090.0,24081360.0,-6.386
2023_HPSEB_72859_1,OCU-02/2023-24,HPSEBL||CE (OP) North||SE (OP) Una,1915515.0,1988303.0,3.8
2023_HPSEB_72807_1,"Tender for Supply of equipment material , design, erection, testing commissioning for SOP to PHC Salooni by Prov. 11/.4 KV 63 KVA S/Stn. at Salooni a/w 11 KV HT and LT line in section Sundla ESD Salooni ED Dalhousie",HPSEBL||CE (OP) North||SE (OP) Dalhousie,949624.0,892552.0,-6.01
2023_HPSEB_72805_1,"Tender for Supply of equipment material , design, erection, testing commissioning for SOP to Deptt. of Home Gaurd by Prov. 11/.4 KV 100 KVA S/Stn. at Balloo in section Sultanpur ESD Chamba-I ED Chamba",HPSEBL||CE (OP) North||SE (OP) Dalhousie,655062.0,605932.0,-7.5
2023_HPSEB_72803_1,"Tender for Supply of equipment material , design, erection, testing commissioning for SOP to CHC Bathari by Prov. 11/.4 KV 250 KVA S/Stn. at Bhanjraru Bus stand a/w 11 KV HT and LT line section Bathari under ESD Dalhousie ED Dalhousie",HPSEBL||CE (OP) North||SE (OP) Dalhousie,955200.0,810965.0,-15.1
2023_HPSEB_72793_1,"Tender for Supply of equipment / material , design, erection, testing commissioning for SOP to PHC Kakira by Prov. 11/.4 KV 100 KVA S/Stn. at kakira a/w 11 KV HT and LT line in section Kakira ESD Bakloh ED Dalhousie.",HPSEBL||CE (OP) North||SE (OP) Dalhousie,778247.0,649058.0,-16.6
2023_HPSEB_72792_1,"Construction of 63KVA, 11/0.4KV Sub-Station a/w 11 KV HT and 3 Phase LT line to provide SOP to Village Maktehri on Partial turnkey basis under ESD HPSEBL Barsar (ED Barsar) (CSE)",HPSEBL||CE(OP) CZ Mandi||SE(OP) Hamirpur||Sr. Xen (E) Barsar,536665.0,435504.0,-18.85
2023_HPSEB_72779_1,10-2023-24,HPSEBL||CE(OP) South||SE(OP) Solan,2641352.0,1652430.0,-37.44
2023_HPSEB_72757_1,DED-06/2023-24,HPSEBL||CE (OP) North||SE (OP) Kangra||Sr. Xen Dharamshala,66607.0,66508.0,-0.149
2023_HPSEB_72756_1,DED-05/2023-24,HPSEBL||CE (OP) North||SE (OP) Kangra||Sr. Xen Dharamshala,83293.0,83258.0,-0.042
2023_HPSEB_72754_1,DED-04/2023-24,HPSEBL||CE (OP) North||SE (OP) Kangra||Sr. Xen Dharamshala,72708.0,72526.0,-0.25
2023_HPSEB_72753_2,DED-03/2023-24,HPSEBL||CE (OP) North||SE (OP) Kangra||Sr. Xen Dharamshala,199888.0,199598.0,-0.145
2023_HPSEB_72752_1,OCU-01/2023-24,HPSEBL||CE (OP) North||SE (OP) Una,1669765.0,1727061.0,3.431
2023_HPSEB_72749_1,DED-02/2023-24,HPSEBL||CE (OP) North||SE (OP) Kangra||Sr. Xen Dharamshala,147020.0,146958.0,-0.042
2023_HPSEB_72725_2,DED-01/2023-24,HPSEBL||CE (OP) North||SE (OP) Kangra||Sr. Xen Dharamshala,59018.0,59744.0,1.23
2023_HPSEB_72717_1,Supply and Erection of DTR and Lines,HPSEBL||CE(OP) South||SE(OP) Solan||Sr. Xen(E) Arki,948530.0,616805.0,-34.973
2023_HPSEB_72710_1,09-2023-24,HPSEBL||CE(OP) South||SE(OP) Solan,2333725.0,2187867.0,-6.25
2023_HPSEB_72703_1,CEON-DEP-01/2023-24,HPSEBL||CE (OP) North,6065410.0,6534266.0,7.73
2023_HPSEB_72677_1,E25-2023-24,HPSEBL||CE(OP) South||SE(OP) Solan,567439.0,480337.0,-15.35
2023_HPSEB_72664_1,E21-2023-24,HPSEBL||CE(OP) South||SE(OP) Solan,347789.0,295794.0,-14.95
2023_HPSEB_72659_1,Tender for supply Installation Testing commissioning of 415V AC 3 ph 4 wire Float cum boost charger Main and stand by aw DCDB for Plante battery cell each capacity of each cell 2v 225 Ah with buy back of existing battery charger for Gaj PH,HPSEBL||CE(Gen) Sundernagar||SE(Gen) Palampur,996628.0,825233.0,-17.197
2023_HPSEB_72620_1,Estimate for LT Extension to Left out Houses from existing 250KVA 22/0.4KV Sub-Stn Lohara-1st and 63KVA Sub-Stn Lohara-3rd in (E) section Lohara under Electrical Sub Division HPSEBL Baggi.,HPSEBL||CE(OP) CZ Mandi||SE(OP) Mandi||Sr. Xen (E) Gohar,105065.0,84159.0,-19.898
2023_HPSEB_72618_1,Estimate for shifting of existing 11KV HT LT line of rural feeder above the under construction of ropeway between Chandigarh Manali national highway near pandoh dam reservoir Mata Baglamukhi Temple (Bakhli) distt Mandi in (E) section Saroa Pandoh,HPSEBL||CE(OP) CZ Mandi||SE(OP) Mandi||Sr. Xen (E) Gohar,446465.0,357366.0,-19.957
2023_HPSEB_72617_1,"Estimate for providing 22KV HT to proposed 63KVA, 22/0.4KV Sub-Station tandi (Jyog) in (E ) section Gohar under Electrical Sub Division HPSEBL Gohar.",HPSEBL||CE(OP) CZ Mandi||SE(OP) Mandi||Sr. Xen (E) Gohar,835925.0,585986.0,-29.9
2023_HPSEB_72573_1,08-2023-24,HPSEBL||CE(OP) South||SE(OP) Solan,1123452.0,825737.0,-26.5
2023_HPSEB_72572_1,07-2023-24,HPSEBL||CE(OP) South||SE(OP) Solan,1024197.0,711305.0,-30.55
2023_HPSEB_72571_1,06-2023-24,HPSEBL||CE(OP) South||SE(OP) Solan,1194415.0,829521.0,-30.55
2023_HPSEB_72568_1,05--2023-24,HPSEBL||CE(OP) South||SE(OP) Solan,1198813.0,820827.0,-31.53
2023_HPSEB_72566_1,04-2023-24,HPSEBL||CE(OP) South||SE(OP) Solan,1187933.0,813497.0,-31.52
2023_HPSEB_72561_1,03-2023-24,HPSEBL||CE(OP) South||SE(OP) Solan,1149973.0,798656.0,-30.55
2023_HPSEB_72468_1,"Tender for Supply of equipment / material , design, erection, testing commissioning for SOP to HRTC Chamba for proposed Newly constructed building of Bus Stand at Bhanjraru by Prov. 11/.4 KV 250 KVA S/Stn. at Bhanjraru Bus stand a/w 11 KV HT and LT",HPSEBL||CE (OP) North||SE (OP) Dalhousie,1520359.0,1279382.0,-15.85
2023_HPSEB_72464_1,"Tender for Supply of equipment / material , design, erection, testing commissioning for SOP to Newly constructed building of of Govt. Degree Collage at Bharmour by Prov. 11/.4 KV 250 KVA S/Stn. at Bhanjraru Bus stand a/w 11 KV HT and LT line secti",HPSEBL||CE (OP) North||SE (OP) Dalhousie,1226758.0,1069120.0,-12.85
2023_HPSEB_72463_1,"(i) Tender for Supply of equipment / material , design, erection, testing commissioning for SOP to Indus Tower Ltd. by Prov. 11/.4 KV 25 KVA S/Stn. at Kupahra a/w 11 KV HT/LT line in section Khajjiar under ESD Chamba-II,EDChamba",HPSEBL||CE (OP) North||SE (OP) Dalhousie,805933.0,710430.0,-11.85
2023_HPSEB_72427_1,SEOP-01/2023-24,HPSEBL||CE (OP) North||SE (OP) Kangra,1566896.0,1445148.0,-7.77
2023_HPSEB_72405_1,"Tender for providing 63KVA, 11/0.4KV DTR Chanjla and re-organisation of LD system from proposed 63KVA, 11/0.4KV DTR Chanjla in (E) section Seobag under ESD No. II, HPSEBL, Kullu",HPSEBL||CE(OP) CZ Mandi||SE(OP) Kullu||Sr. Xen (E) Kullu,287403.0,229779.0,-20.05
2023_HPSEB_72399_1,"Tender for providing 11KV HT line to proposed 63KVA, 11/0.4KV DTR Chanjla in (E) section Seobag under ESD No. II, HPSEBL, Kullu",HPSEBL||CE(OP) CZ Mandi||SE(OP) Kullu||Sr. Xen (E) Kullu,442122.0,353476.0,-20.05
2023_HPSEB_72398_1,"Tender for replacement of lengthy services by providing overhead LT line from 63KVA, 11/0.4KV DTR Kamand in (E) section Bagicha under ESD, HPSEBL, Bhuntar",HPSEBL||CE(OP) CZ Mandi||SE(OP) Kullu||Sr. Xen (E) Kullu,274289.0,249603.0,-9.0
2023_HPSEB_72395_1,"Tender for providing LT extension to leftout houses from 250KVA DTR DIET and 100KVA, 11/0.4KV DTR Bagicha under ESD, HPSEBL, Bhuntar",HPSEBL||CE(OP) CZ Mandi||SE(OP) Kullu||Sr. Xen (E) Kullu,212802.0,195778.0,-8.0
2023_HPSEB_72393_1,"Tender for providing LT extension to leftout houses and aug of 1Ph LT to 3Ph LT from various DTRs in (E) section Shat under ESD , HPSEBL, Bhuntar",HPSEBL||CE(OP) CZ Mandi||SE(OP) Kullu||Sr. Xen (E) Kullu,279029.0,256707.0,-8.0
2023_HPSEB_72388_1,"Providing 63KVA, 11/0.4KV DTR Chatrani II and re-organisation of LD system from proposed 63KVA, 11/0.4KV DTR Chatrani II in (E) section Shat under ESD, HPSEBL, Bhuntar",HPSEBL||CE(OP) CZ Mandi||SE(OP) Kullu||Sr. Xen (E) Kullu,451423.0,417566.0,-7.5
2023_HPSEB_72384_1,"Tender for providing 11KV HT line to proposed 63KVA, 11/0.4KV DTR Chatrani II in (E) section Shat under ESD, HPSEBL, Bhuntar",HPSEBL||CE(OP) CZ Mandi||SE(OP) Kullu||Sr. Xen (E) Kullu,652103.0,563417.0,-13.6
2023_HPSEB_72373_1,"Prov SOP to M/S Summit Digital Infrastructure Pvt. Ltd. by augmentation of 25KVA, 11/0.4KV DTR Dhenidhar to 63KVA, 11/0.4KV DTR alongwith augmentation of LT line and providing Minor LT extension in (E) section Kharahal under ESD No. II, HPSEBL,Kullu",HPSEBL||CE(OP) CZ Mandi||SE(OP) Kullu||Sr. Xen (E) Kullu,473445.0,425627.0,-10.1
2023_HPSEB_72333_1,E20-2023-24,HPSEBL||CE(OP) South||SE(OP) Solan,527516.0,357339.0,-32.26
2023_HPSEB_72332_1,E19-2023-24,HPSEBL||CE(OP) South||SE(OP) Solan,170663.0,117074.0,-31.4
2023_HPSEB_72330_1,E18-2023-24,HPSEBL||CE(OP) South||SE(OP) Solan,132541.0,92513.0,-30.2
2023_HPSEB_72217_1,E15-2023-24,HPSEBL||CE(OP) South||SE(OP) Solan,655659.0,441914.0,-32.6
2023_HPSEB_72212_1,E14-2023-24,HPSEBL||CE(OP) South||SE(OP) Solan,552999.0,373274.0,-32.5
2023_HPSEB_72210_1,E13-2023-24,HPSEBL||CE(OP) South||SE(OP) Solan,662798.0,447388.0,-32.5
2023_HPSEB_72185_1,NIT 2 2023-24,HPSEBL||CE(OP) CZ Mandi||SE(OP) Bilaspur,2432264.0,1979133.0,-18.63
2023_HPSEB_72177_1,NIT 01 2023 24,HPSEBL||CE(OP) CZ Mandi||SE(OP) Bilaspur,2358458.0,1898558.0,-19.5
2023_HPSEB_72028_1,02-2023-24,HPSEBL||CE(OP) South||SE(OP) Solan,1317343.0,961660.0,-27.0
2023_HPSEB_72027_1,01-2023-24,HPSEBL||CE(OP) South||SE(OP) Solan,1346291.0,982792.0,-27.0
2023_HPSEB_71998_1,Repl. Of bare cond with LT AB Cable 120 mm2 in Ward No. 4 Dehra from 11/0.4 KV 250 KVA S/Stn Hawa Mahal,HPSEBL||CE (OP) North||SE (OP) Kangra||Sr. Xen Dehra,189630.0,161182.0,-15.002
2023_HPSEB_71994_1,shifting of 3 Phase LT line passing over the house of Sh. Tilak Raj S/o Sh. Balveer Singh Vill. Nagoh Kraint,HPSEBL||CE (OP) North||SE (OP) Kangra||Sr. Xen Dehra,64835.0,53810.0,-17.005
2023_HPSEB_71936_1,E11-2023-24,HPSEBL||CE(OP) South||SE(OP) Solan,203262.0,139234.0,-31.5
2023_HPSEB_71934_1,E10-2023-24,HPSEBL||CE(OP) South||SE(OP) Solan,255375.0,182593.0,-28.5
2023_HPSEB_71932_1,E9-2023-24,HPSEBL||CE(OP) South||SE(OP) Solan,91098.0,65135.0,-28.5
2023_HPSEB_71924_1,E6-2023-24,HPSEBL||CE(OP) South||SE(OP) Solan,127399.0,91090.0,-28.5
2023_HPSEB_71913_1,E4-2023-24,HPSEBL||CE(OP) South||SE(OP) Solan,196795.0,136772.0,-30.5
2023_HPSEB_71908_1,E3-2023-24,HPSEBL||CE(OP) South||SE(OP) Solan,73525.0,55879.0,-24.0
2023_HPSEB_71896_1,E2-2023-24,HPSEBL||CE(OP) South||SE(OP) Solan,69461.0,52790.0,-24.001
2023_HPSEB_71893_1,E1-2023-24,HPSEBL||CE(OP) South||SE(OP) Solan,359350.0,268075.0,-25.4
2023_HPSEB_71809_1,SEES/SHIMLA-319/2023-24,HPSEBL||CE(ES) Hamirpur||SE(ES) Shimla,148659.0,86907.0,-41.539
2023_HPSEB_71695_1,CEON-DEP-32/2022-23,HPSEBL||CE (OP) North,26437629.0,29015297.0,9.75
2023_HPSEB_71600_1,"Estimate for replacement of 48 No.s Rotten wooden poles with Steel Tubular Poles of existing LT Line from 25 KVA S/Stn Nihri-2nd , Kathachi-2nd Kot in ( E) section Nihri-2nd under ESD , HPSEB,Ltd. Nihri.T.S-154/2020-21 S/Amt- Rs. 16,72,310 /- o",HPSEBL||CE(OP) CZ Mandi||SE(OP) Bilaspur||Sr. Xen (S/Nagar),668696.0,667382.0,-0.197
2023_HPSEB_71483_1,57-2022-23,HPSEBL||CE(OP) South||SE(OP) Solan,2961891.0,2284507.0,-22.87
2023_HPSEB_71433_1,"Proposed New 63KVA Dtr, HT and LT line",HPSEBL||CE(OP) South||SE(OP) Rohru,1101545.0,742772.0,-32.57
2023_HPSEB_71400_1,Tender for Augmentation of 100 to 250 KVA Transformer for providing SOP to HDFC Bank Chirgaon alongwith LT line in (E) Section Chirgaon-I Under ESD Chirgaon,HPSEBL||CE(OP) South||SE(OP) Rohru||Sr.Xen(E) Rohru,486558.0,326480.0,-32.9
2023_HPSEB_71396_1,"Tender for Proposed New 63 KVA, 22/0.4 KV S/stn Rohal at Ghaichwari in (E) Section Gushali Under ESD Chirgaon No-I.",HPSEBL||CE(OP) South||SE(OP) Rohru||Sr.Xen(E) Rohru,544490.0,392577.0,-27.9
2023_HPSEB_71391_1,"Tender for Providing of SOP to LWSS Randeep Nagar and Shallan near vill Chainu (Stage-1st) by providing 63 KVA, 22/0.4 KV S/Stn along with 22 KV HT in (E) Section Kalgaon under ESD Tikkar",HPSEBL||CE(OP) South||SE(OP) Rohru||Sr.Xen(E) Rohru,591840.0,443940.0,-24.99
2023_HPSEB_71323_1,"Tender for Supply of equipment / material , design, erection, testing commissioning for SOP to D.R.D.A. for fish feed unit at Maredi by Prov. 11/.4 KV 25 KVA S/Stn. a/w 11 KV HT line section Maredi under ESD Chamba-II ED Chamba",HPSEBL||CE (OP) North||SE (OP) Dalhousie,507174.0,514554.0,1.455
2023_HPSEB_71322_1,"Tender for Supply of equipment / material , design, erection, testing commissioning for SOP to LIS Ladori (Under HPHDP). by Prov. 11/.4 KV 63 KVA S/Stn. at Ladori a/w 11 KV HT line section Ladori under ESD Suliali ED Nurpur",HPSEBL||CE (OP) North||SE (OP) Dalhousie,800580.0,697305.0,-12.9
2023_HPSEB_71317_1,"Tender for Supply of equipment material , design, erection, testing commissioning for SOP to JSV, i) LWSS T/Well at Minjgran by Prov. 11/.4 KV 63 KVA S/Stn. a/w 11 KV HT section Nurpur and,",HPSEBL||CE (OP) North||SE (OP) Dalhousie,1128027.0,938519.0,-16.8
2023_HPSEB_71311_1,"Tender for Supply of equipment material , design, erection, testing commissioning for SOP to LWSS Batran, Padher and Sakoh by Prov. 11/.4 KV 250 KVA S/Stn. at Baruila Nallah a/w 11 KV HT section Kher under ESD Rehan EDFatehpur",HPSEBL||CE (OP) North||SE (OP) Dalhousie,1289046.0,1075065.0,-16.6
2023_HPSEB_71300_1,AED-27/2022-23,HPSEBL||CE(OP) South||SE(OP) Rampur||Sr.Xen (E) Anni,220684.0,215483.0,-2.357
2023_HPSEB_71291_1,"Tender for Supply of equipment / material , design, erection, testing commissioning for SOP to Govt. ITI Garnota (Building Additional Accommodation) in Tehsil Bhatiyat by Prov. 11/.4 KV 400 KVA S/Stn. a/w 11 KV HT and LT line section Sihunta unde",HPSEBL||CE (OP) North||SE (OP) Dalhousie,2200576.0,1815476.0,-17.5
2023_HPSEB_71237_1,CEO/MC/T No8/SOP to HRTC Dhalli/2022-23,HPSEBL||CE(OP) South,18515770.0,13627608.0,-26.4
2023_HPSEB_71229_1,CEO/MC/T No 7/SOP to Pkg S/StnISBT /2022-23,HPSEBL||CE(OP) South,10639926.0,9353772.0,-12.088
2023_HPSEB_71047_1,NED/DB-Tender/NIT/Job No.-126/2022-23,HPSEBL||CE(OP) South||SE(OP) Nahan||Sr.Xen (E) Nahan,580216.0,435162.0,-25.0
2023_HPSEB_71042_1,Prov. SOP to HPMC cold store Rohru,HPSEBL||CE(OP) South||SE(OP) Rohru,2176405.0,1848856.0,-15.05
2023_HPSEB_71039_1,RR of RWP 309 Nos in Electrical Section Kansakoti,HPSEBL||CE(OP) South||SE(OP) Rohru,4354040.0,2635500.0,-39.47
2023_HPSEB_71034_1,R/R of RWP 156 Nos in Electrical Section Summerkot,HPSEBL||CE(OP) South||SE(OP) Rohru,2502700.0,1534905.0,-38.67
2023_HPSEB_71022_1,PED 72/2022-23,HPSEBL||CE (OP) North||SE (OP) Kangra||Sr. Xen Palampur,234768.0,176075.0,-25.0
2023_HPSEB_70832_1,AED-26/2022-23,HPSEBL||CE(OP) South||SE(OP) Rampur||Sr.Xen (E) Anni,111554.0,110438.0,-1.0
2023_HPSEB_70772_1,AED-25/2022-23,HPSEBL||CE(OP) South||SE(OP) Rampur||Sr.Xen (E) Anni,181965.0,180145.0,-1.0
2023_HPSEB_70764_1,AED-24/2022-23,HPSEBL||CE(OP) South||SE(OP) Rampur||Sr.Xen (E) Anni,82598.0,77812.0,-5.794
2023_HPSEB_70753_1,22/2022-23,HPSEBL||CE(OP) South||SE(OP) Solan||Sr.Xen (E) Nalagarh,657304.0,492978.0,-25.0
2023_HPSEB_70749_1,21/2022-23,HPSEBL||CE(OP) South||SE(OP) Solan||Sr.Xen (E) Nalagarh,492978.0,370719.0,-24.8
2023_HPSEB_70745_1,20/2022-23,HPSEBL||CE(OP) South||SE(OP) Solan||Sr.Xen (E) Nalagarh,537015.0,402762.0,-25.0
2023_HPSEB_70741_1,19/2022-23,HPSEBL||CE(OP) South||SE(OP) Solan||Sr.Xen (E) Nalagarh,932633.0,698615.0,-25.092
2023_HPSEB_70738_1,18/2022-23,HPSEBL||CE(OP) South||SE(OP) Solan||Sr.Xen (E) Nalagarh,542646.0,406984.0,-25.0
2023_HPSEB_70719_1,17/2022-23,HPSEBL||CE(OP) South||SE(OP) Solan||Sr.Xen (E) Nalagarh,982300.0,736234.0,-25.05
2023_HPSEB_70709_1,23/2022-23,HPSEBL||CE(OP) South||SE(OP) Solan||Sr.Xen (E) Nalagarh,586019.0,439515.0,-25.0
2023_HPSEB_70699_3,"Tender for pro SOP to PLWSS to habitation of GP Main Bharola, Balh , Chalarg Kathaun Bag Ropri Daled Pihr Bedlu etc of Darang Chauntra Block in teh jnagar Distt. Mandi under ESD Chauntra Division Jogindernagar under OP Circle Mandi H.P.",HPSEBL||CE(OP) CZ Mandi,14048483.0,13629837.0,-2.98
2023_HPSEB_70665_1,AED-23/2022-23,HPSEBL||CE(OP) South||SE(OP) Rampur||Sr.Xen (E) Anni,121241.0,120029.0,-1.0
2023_HPSEB_70610_1,AED-22/2022-23,HPSEBL||CE(OP) South||SE(OP) Rampur||Sr.Xen (E) Anni,243336.0,234220.0,-3.746
2023_HPSEB_70603_1,KED-33/2022-23,HPSEBL||CE (OP) North||SE (OP) Kangra||Sr. Xen Kangra,121656.0,107983.0,-11.239
2023_HPSEB_70600_1,KED-32/2022-23,HPSEBL||CE (OP) North||SE (OP) Kangra||Sr. Xen Kangra,109393.0,96003.0,-12.24
2023_HPSEB_70594_1,KED-30/2022-23,HPSEBL||CE (OP) North||SE (OP) Kangra||Sr. Xen Kangra,174536.0,147937.0,-15.24
2023_HPSEB_70588_1,KED-30/2022-23,HPSEBL||CE (OP) North||SE (OP) Kangra||Sr. Xen Kangra,158282.0,134160.0,-15.24
2023_HPSEB_70580_1,KED-29/2022-23,HPSEBL||CE (OP) North||SE (OP) Kangra||Sr. Xen Kangra,474148.0,472962.0,-0.25
2023_HPSEB_70530_1,OCU-20/2022-23,HPSEBL||CE (OP) North||SE (OP) Una,1483129.0,1534160.0,3.441
2023_HPSEB_70492_1,16/2022-23,HPSEBL||CE(OP) South||SE(OP) Solan||Sr.Xen (E) Nalagarh,797644.0,597675.0,-25.07
2023_HPSEB_70490_1,15/2022-23,HPSEBL||CE(OP) South||SE(OP) Solan||Sr.Xen (E) Nalagarh,756325.0,566790.0,-25.06
2023_HPSEB_70486_1,14/2022-23,HPSEBL||CE(OP) South||SE(OP) Solan||Sr.Xen (E) Nalagarh,752860.0,564269.0,-25.05
2023_HPSEB_70483_1,13/2022-23,HPSEBL||CE(OP) South||SE(OP) Solan||Sr.Xen (E) Nalagarh,971063.0,727812.0,-25.05
2023_HPSEB_70478_1,12/2022-23,HPSEBL||CE(OP) South||SE(OP) Solan||Sr.Xen (E) Nalagarh,962327.0,721624.0,-25.013
2023_HPSEB_70476_1,11/2022-23,HPSEBL||CE(OP) South||SE(OP) Solan||Sr.Xen (E) Nalagarh,666873.0,499888.0,-25.04
2023_HPSEB_70471_1,10/2022-23,HPSEBL||CE(OP) South||SE(OP) Solan||Sr.Xen (E) Nalagarh,431854.0,323718.0,-25.04
2023_HPSEB_70459_1,AED-21/2022-23,HPSEBL||CE(OP) South||SE(OP) Rampur||Sr.Xen (E) Anni,259245.0,256653.0,-1.0
2023_HPSEB_70453_1,AED-20/2022-23,HPSEBL||CE(OP) South||SE(OP) Rampur||Sr.Xen (E) Anni,183442.0,181608.0,-1.0
2023_HPSEB_70413_1,DED-170/22-23,HPSEBL||CE (OP) North||SE (OP) Kangra||Sr. Xen Dharamshala,214331.0,223324.0,4.196
2023_HPSEB_70409_1,DED-169/22-23,HPSEBL||CE (OP) North||SE (OP) Kangra||Sr. Xen Dharamshala,85225.0,89039.0,4.475
2023_HPSEB_70369_1,DED-168/22-23,HPSEBL||CE (OP) North||SE (OP) Kangra||Sr. Xen Dharamshala,76959.0,80215.0,4.231
2023_HPSEB_70368_1,DED-167/22-23,HPSEBL||CE (OP) North||SE (OP) Kangra||Sr. Xen Dharamshala,75338.0,78423.0,4.095
2023_HPSEB_70361_1,"Replacement of lengthy service wire by providing overhead LT line from various sub-stations in (E) section Seobag under ESD No. II, HPSEBL, Kullu",HPSEBL||CE(OP) CZ Mandi||SE(OP) Kullu||Sr. Xen (E) Kullu,68218.0,67536.0,-1.0
2023_HPSEB_70360_1,DED166,HPSEBL||CE (OP) North||SE (OP) Kangra||Sr. Xen Dharamshala,101645.0,106538.0,4.814
2023_HPSEB_70359_1,"Providing additional 3 Phase double circuit LT line from proposed 630KVA, 11/0.4KV DTR at Lower Badah in (E) section Gandhinagar under ESD No. I, HPSEBL, Kullu",HPSEBL||CE(OP) CZ Mandi||SE(OP) Kullu||Sr. Xen (E) Kullu,269335.0,266373.0,-1.1
2023_HPSEB_70354_1,"Providing LT extension to newly constructed houses from 25KVA, 11/0.4KV DTR Bagan in (E) section Bharai under ESD No. II, HPSEBL, Kullu",HPSEBL||CE(OP) CZ Mandi||SE(OP) Kullu||Sr. Xen (E) Kullu,111683.0,110566.0,-1.0
2023_HPSEB_70346_1,"Providing 63KVA, 11 0.4KV DTR Pedag at Khanipand-II alongwith associated HT line and re-organisation of LD system from proposed 63KVA, 11 0.4KV DTR Pedag at Khanipand-II in (E) section Bharai under ESD No. II, HPSEBL, Kullu",HPSEBL||CE(OP) CZ Mandi||SE(OP) Kullu||Sr. Xen (E) Kullu,393662.0,389725.0,-1.0
2023_HPSEB_70340_1,"Replacement of lengthy service wire by providing overhead LT line from various sub-stations in (E) section Seobag under ESD No. II, HPSEBL, Kullu",HPSEBL||CE(OP) CZ Mandi||SE(OP) Kullu||Sr. Xen (E) Kullu,219350.0,212770.0,-3.0
2023_HPSEB_70338_1,HPSEBL/OCK/NIT-23/2022-23,HPSEBL||CE(OP) CZ Mandi||SE(OP) Kullu,4333900.0,4117205.0,-5.0
2023_HPSEB_70335_1,"Tender for Providing 63KVA 11 0.4KV DTR Uchdhar alongwith associated HT line and re-organisation of LD system from proposed 63KVA, 11 0.4KV DTR Uchdhar in E section Barshaini under ESD HPSEBL Jari",HPSEBL||CE(OP) CZ Mandi||SE(OP) Kullu||Sr. Xen (E) Kullu,457675.0,443945.0,-3.0
2023_HPSEB_70330_1,HPSEBL/OCK/NIT-221/2022-23,HPSEBL||CE(OP) CZ Mandi||SE(OP) Kullu,1684974.0,1498785.0,-11.05
2023_HPSEB_70325_1,HPSEBL/OCK/NIT-21/2022-23,HPSEBL||CE(OP) CZ Mandi||SE(OP) Kullu,981624.0,932543.0,-5.0
2023_HPSEB_70315_1,Re-org. of LD System to link the Prop. 11/.4 KV 63 KVA S/Stn,HPSEBL||CE (OP) North||SE (OP) Kangra||Sr. Xen Dehra,119845.0,92280.0,-23.001
2023_HPSEB_70296_1,Tender for providing 100KVA 11 0.4KV DTR Sheridog alongwith associated HT line re-organisation of LD system from proposed 100KVA 11 0.4KV DTR Sheridog in E section Kolibehar under ESD No I HPSEBL Kullu,HPSEBL||CE(OP) CZ Mandi||SE(OP) Kullu||Sr. Xen (E) Kullu,273747.0,206679.0,-24.5
2023_HPSEB_70254_1,Prov LT ext. to left out houses and renewal and replacement of old and absolute LT boxes,HPSEBL||CE(OP) CZ Mandi||SE(OP) Mandi||Sr. Xen (E) J/ Nager,524620.0,400810.0,-23.6
2023_HPSEB_70243_1,Prov. Link to 11 KV Bari spur with 11 KV DAV School Spur,HPSEBL||CE (OP) North||SE (OP) Kangra||Sr. Xen Dehra,99830.0,102818.0,2.993
2023_HPSEB_70232_1,Prov. 11 KV HT Line to prop. 11/.4 KV 63 KVA S/Stn at Mangarh-ll,HPSEBL||CE (OP) North||SE (OP) Kangra||Sr. Xen Dehra,140530.0,109613.0,-22.0
2023_HPSEB_70230_1,"Re-organisation of LT line, LT extension and improvement of voltage system",HPSEBL||CE(OP) CZ Mandi||SE(OP) Mandi||Sr. Xen (E) J/ Nager,609396.0,484470.0,-20.5
2023_HPSEB_70228_1,SEOP-51/2022-23,HPSEBL||CE (OP) North||SE (OP) Kangra,864438.0,884968.0,2.375
2023_HPSEB_70221_1,SEOP-50/2022-23,HPSEBL||CE (OP) North||SE (OP) Kangra,1393712.0,1462561.0,4.94
2023_HPSEB_70217_1,SEOP-49/2022-23,HPSEBL||CE (OP) North||SE (OP) Kangra,1523193.0,1574612.0,3.376
2023_HPSEB_70213_1,SEOP-48/2022-23,HPSEBL||CE (OP) North||SE (OP) Kangra,1513377.0,1587048.0,4.868
2023_HPSEB_70199_1,SEOP-47/2022-23,HPSEBL||CE (OP) North||SE (OP) Kangra,1145882.0,1193000.0,4.112
2023_HPSEB_70198_1,Tender for prov. 11/.4 KV 63 KVA S/Stn at Mangarh-ll,HPSEBL||CE (OP) North||SE (OP) Kangra||Sr. Xen Dehra,155220.0,121069.0,-22.002
2023_HPSEB_70145_1,CEON-NDRF-30/2022-23,HPSEBL||CE (OP) North,905181.0,916043.0,1.2
2023_HPSEB_69978_1,PED 69/2022-23,HPSEBL||CE (OP) North||SE (OP) Kangra||Sr. Xen Palampur,172502.0,129376.0,-25.0
2023_HPSEB_69971_1,PED 68/2022-23,HPSEBL||CE (OP) North||SE (OP) Kangra||Sr. Xen Palampur,60596.0,53324.0,-12.001
2023_HPSEB_69967_1,PED 67/2022-23,HPSEBL||CE (OP) North||SE (OP) Kangra||Sr. Xen Palampur,221790.0,166342.0,-25.0
2023_HPSEB_69957_1,PED 66/2022-23,HPSEBL||CE (OP) North||SE (OP) Kangra||Sr. Xen Palampur,81857.0,69578.0,-15.001
2023_HPSEB_69939_1,"Tender for Supply of equipment / material , design, erection, testing commissioning for restoration and re-erection of outgoing 11 KV line 5-Pole Structure at 33/132 KV Kudthala damaged due to heavy snowfall, section Tarella under ESD Tissa ED Cha",HPSEBL||CE (OP) North||SE (OP) Dalhousie,486051.0,486051.0,0.0
2023_HPSEB_69936_1,"Tender for Supply of equipment material , design, erection, testing commissioning for SOP to JSV, LWSS Source level Aug. and Improvement of various WSS of draught efected habitations in GP Sanwal, Shalela, Bari Jhajakothi etc. by Prov. 11/.4 KV 2",HPSEBL||CE (OP) North||SE (OP) Dalhousie,4950497.0,4545546.0,-8.18
2023_HPSEB_69932_1,PED 64/2022-23,HPSEBL||CE (OP) North||SE (OP) Kangra||Sr. Xen Palampur,668147.0,501110.0,-25.0
2023_HPSEB_69929_1,"Tender for Supply of equipment material , design, erection, testing commissioning for SOP to JSV, LWSS Phase-2nd Gunu Gharat to Pakhrotu in GP Kandla by Prov. 11/.4 KV 3x250 KVA S/Stn. at Village Sapra a/w 11 KV HT and LT line section Koti under",HPSEBL||CE (OP) North||SE (OP) Dalhousie,4249434.0,3909479.0,-8.0
2023_HPSEB_69917_2,"Estimate for providing SOP to mobile Tower of M/S Reliance Infratel Ltd. Site at Ridha c/o Sh. Shakil Mohammad village Pungh P.O and Tehsil Sundernagar Distt. Mandi (HP) by providing augmentation of existing 100 KVA ,11/0.4 KV S/Stn into 250 KVA ,",HPSEBL||CE(OP) CZ Mandi||SE(OP) Bilaspur||Sr. Xen (S/Nagar),251724.0,213709.0,-15.102
2023_HPSEB_69876_1,PED 65/2022-23,HPSEBL||CE (OP) North||SE (OP) Kangra||Sr. Xen Palampur,479934.0,383947.0,-20.0
2023_HPSEB_69831_1,"Tender for Providing SOP to Police Station Sadar by providing 100 KVA,11/0.4 KV S/stn Alongwith HT Line in Electrical section Roura under ESD HPSBL No-II Bilaspur. TS No. 158/2022-23",HPSEBL||CE(OP) CZ Mandi||SE(OP) Bilaspur||Sr. Xen (E) Bilaspur,196672.0,147504.0,-25.0
2023_HPSEB_69820_1,Tender for enhancement of existing load from 5 kW single phase to 18 kW 3 phase for mobile Tower of M/S Summit Digital Infrastructure Pvt. Ltd. By Aug. of 63 kVA 11/0.4kV to 100 kVA 11/0.4 KV Sub. Stn. Baggi in E Section Ghagus under ESD HPSEBL No.,HPSEBL||CE(OP) CZ Mandi||SE(OP) Bilaspur||Sr. Xen (E) Bilaspur,132630.0,103318.0,-22.101
2023_HPSEB_69775_1,"SOP to Deshmesh Builder Dochi 11/0.4KV, 400 Amps S/Stn. in ES Panthghati under ESD, Kasumpti, Shimla-9",HPSEBL||CE(OP) South||SE(OP) Shimla,1218936.0,962838.0,-21.01
2023_HPSEB_69768_1,"SoP to LWSS from Bag Nallah to Village Pagog in GP Pagaog under ESD, HPSEBL, Dhalli",HPSEBL||CE(OP) South||SE(OP) Shimla,1008973.0,736550.0,-27.0
2023_HPSEB_69696_1,"Shifting of existing 63KVA, 11/0.4KV DTR Sabzi Mandi Bandrol in (E) section Babeli under ESD No. II, HPSEBL, Kullu",HPSEBL||CE(OP) CZ Mandi||SE(OP) Kullu||Sr. Xen (E) Kullu,225661.0,199258.0,-11.7
2023_HPSEB_69687_1,"Providing SOP to SADA development fee barrier by providing 25KVA, 11/0.4KV DTR at Kasol near Suma Ropa in (E) section Manikaran under ESD, HPSEBL, Jari",HPSEBL||CE(OP) CZ Mandi||SE(OP) Kullu||Sr. Xen (E) Kullu,359725.0,287060.0,-20.2
2023_HPSEB_69675_1,"Providing SOP to Vashno Mandir at Bashing, Tehsil Kullu by augmentation of 63KVA, 11/0.4KV to 250KVA, 11/0.4KV DTR Vashno Mandir in (E) section Babeli under ESD No. II, HPSEBL, Kullu",HPSEBL||CE(OP) CZ Mandi||SE(OP) Kullu||Sr. Xen (E) Kullu,666361.0,601057.0,-9.8
2023_HPSEB_69657_1,04-2022-23,HPSEBL||CE(OP) South||SE(OP) Solan,185850.0,139388.0,-25.0
2023_HPSEB_69655_1,03-2022-23,HPSEBL||CE(OP) South||SE(OP) Solan,232354.0,174265.0,-25.0
2023_HPSEB_69653_1,02-2022-23,HPSEBL||CE(OP) South||SE(OP) Solan,482243.0,363981.0,-24.523
2023_HPSEB_69647_1,01-2022-23,HPSEBL||CE(OP) South||SE(OP) Solan,191082.0,143331.0,-24.99
2023_HPSEB_69431_1,"Estimate for providing SOP to communication tower of M/S Indus Tower Limited c/o Sh. Jagat Ram at village Kalahod under SSSD , HPSEB,Ltd. Sundernagar. T.S.-173/202-22 S/Amt-4,40,431 /- WBS-D-21-1135",HPSEBL||CE(OP) CZ Mandi||SE(OP) Bilaspur||Sr. Xen (S/Nagar),140640.0,125192.0,-10.984
2023_HPSEB_69384_1,CEON-DEP-29/2022-23,HPSEBL||CE (OP) North,7967910.0,8511322.0,6.82
2023_HPSEB_69328_1,NED/DB-Tender/NIT/Job No.-125/2022-23,HPSEBL||CE(OP) South||SE(OP) Nahan||Sr.Xen (E) Nahan,873837.0,655465.0,-24.99
2023_HPSEB_69307_1,"Supply of power to Govt.Hospital CHC Kumarsain by providing 22 KV HT Line ,22/0.4KV,400KVA sub-station in electrical section HPSEBL Kumarsain under ESD HPSEBL Kumarsain.",HPSEBL||CE(OP) South||SE(OP) Rampur,1425850.0,1169197.0,-18.0
2023_HPSEB_69306_1,Shifting of existing 22KV HT line of M/S Sai Engineering,HPSEBL||CE(OP) South||SE(OP) Rampur,1107154.0,1142903.0,3.229
2023_HPSEB_69304_1,"Est. For RR of 18 Nos rotten wooden pole with steel Toubler 8mtr and 9mtr pole in various Sstn in electrical Section Shillibagi under Electrical Sub Division HPSEBL,Janjehli 2) Est For RR of 12 Nos rotten wooden pole with S T 8mtr and 9mtr pole",HPSEBL||CE(OP) CZ Mandi||SE(OP) Mandi||Sr. Xen (E) Gohar,281567.0,225250.0,-20.001
2023_HPSEB_69301_1,Estimate for RR of 20 No Rotten wooden poles with steel tubular pole 9 mtrs and 8 Mtrs long from Various Sstn in (E) section Janjehli under Electrical Sub Division HPSEBL Janjehli,HPSEBL||CE(OP) CZ Mandi||SE(OP) Mandi||Sr. Xen (E) Gohar,208930.0,169230.0,-19.002
2023_HPSEB_69300_1,Supply of power to Aug. of WSS Tipper Pokhar at Location,HPSEBL||CE(OP) South||SE(OP) Rampur,2940043.0,3028244.0,3.0
2023_HPSEB_69298_1,Estimate for RR of 12 No Rotten wooden poles with steel tubular pole 9 mtrs and 8 Mtrs long from Various Sstn in (E ) section Bagachanogi under Electrical Sub Division HPSEBL Janjehli,HPSEBL||CE(OP) CZ Mandi||SE(OP) Mandi||Sr. Xen (E) Gohar,116500.0,95530.0,-18.0
2023_HPSEB_69293_1,Estimate for RR of 10 No Rotten wooden poles with steel tubular pole 9 mtrs and 8 Mtrs long from Various Sstn in (E ) section Thunag under Electrical Sub Division HPSEBL Janjehli,HPSEBL||CE(OP) CZ Mandi||SE(OP) Mandi||Sr. Xen (E) Gohar,105245.0,86300.0,-18.001
2023_HPSEB_69280_3,CEON-DEP-28/2022-23,HPSEBL||CE (OP) North,8072210.0,8765735.0,8.592
2023_HPSEB_69230_1,CEON-DEP-27/2022-23,HPSEBL||CE (OP) North,8785441.0,8956379.0,1.946
2023_HPSEB_69226_1,CEON-DEP-26/2022-23,HPSEBL||CE (OP) North,8282345.0,8969840.0,8.301
2023_HPSEB_69117_1,Tender No -71-2022-23,HPSEBL||CE(OP) South||SE(OP) Shimla||Sr. Xen (E)-1 Kasumpti,608764.0,474836.0,-22.0
2023_HPSEB_69110_1,Tender No -70/2022-23,HPSEBL||CE(OP) South||SE(OP) Shimla||Sr. Xen (E)-1 Kasumpti,756691.0,590219.0,-22.0
2023_HPSEB_69035_1,Tender for interim repair of Pelton Runner of Mc III of Gaj Power House HPSEBL Gharoh,HPSEBL||CE(Gen) Sundernagar||SE(Gen) Palampur,994336.0,590817.0,-40.582
2023_HPSEB_68779_1,"Tender for Replacement of HT/LT Rotten wooden poles with 8/9 Mtr. Long ST poles of various s/stns. in various section under ESD Koti, ED Chamba OCD/DB/Bid-48/2022-23",HPSEBL||CE (OP) North||SE (OP) Dalhousie,1198077.0,1066289.0,-11.0
2023_HPSEB_68778_2,RR OF 30 NOS OF POLES,HPSEBL||CE(OP) South||SE(OP) Rohru||Sr. Xen (E) Jubbal,214000.0,148730.0,-30.5
2023_HPSEB_68777_1,"Tender for Replacement of LT Rotten wooden poles with 8 Mtr. Long ST poles emanating from different s/stns. in various section under ESD Bharmour, ED Chamba OCD/DB/Bid-47/2022-23",HPSEBL||CE (OP) North||SE (OP) Dalhousie,490620.0,485715.0,-1.0
2023_HPSEB_68774_1,"Tender for Replacement of HT/LT Rotten wooden poles with 8/9 Mtr. Long ST poles emanating from different s/stns. in various section under ESD Dharwala, ED Chamba OCD/DB/Bid-46/2022-23",HPSEBL||CE (OP) North||SE (OP) Dalhousie,1806679.0,1841909.0,1.95
2023_HPSEB_68773_1,"Tender for Replacement of LT Rotten wooden poles with 8 Mtr. Long ST poles emanating from different s/stns. in section Jhajakothi, Tareila and Nakror under ESD Tissa, ED ChambaOCD/DB/Bid-45/2022-23",HPSEBL||CE (OP) North||SE (OP) Dalhousie,1151822.0,1019363.0,-11.5
2023_HPSEB_68769_1,"Tender for Replacement of LT Rotten wooden poles with 8 Mtr. Long ST poles emanating from different s/stns. in section Tissa-I and II under ESD Tissa, ED Chamba OCD/DB/Bid-44/2022-23",HPSEBL||CE (OP) North||SE (OP) Dalhousie,1297603.0,1284627.0,-1.0
2023_HPSEB_68765_1,"Tender for Replacement of LT Rotten wooden poles with 8 Mtr. Long ST poles emanating from different s/stns. in various section under ESD Chamba-II, ED Chamba OCD/DB/Bid-43/2022-23",HPSEBL||CE (OP) North||SE (OP) Dalhousie,1396671.0,1298904.0,-7.0
2023_HPSEB_68762_1,"Tender for Replacement of LT Rotten wooden poles with 8/9 Mtr. Long ST poles emanating from different s/stns. in various section under ESD Salooni, ED DalhousieOCD/DB/Bid-41/2022-23",HPSEBL||CE (OP) North||SE (OP) Dalhousie,1153506.0,1072761.0,-7.0
2023_HPSEB_68761_1,"Replacement of 320 Nos. rotten wooden poles with S/T poles 9 Mtr long in various ESD under Electrical Division, HPSEBL, Chopal.",HPSEBL||CE(OP) South||SE(OP) Shimla,3264649.0,2170992.0,-33.5
2023_HPSEB_68758_1,"Estimate for R/R of 24 No.s Rotten wooden poles with ST Poles of existing 33 KV HT line from Ratti to Sundernagar under ESD , HPSEB,Ltd. Nerchowk . T.S No.-305/2022-23 S/Amt-16, 99,595 /- only",HPSEBL||CE(OP) CZ Mandi||SE(OP) Bilaspur||Sr. Xen (S/Nagar),815104.0,615365.0,-24.505
2023_HPSEB_68757_1,"Estimate for replacement of 35 No.s Rotten wooden poles with Steel Tubular Poles of existing LT line from various existing substations Kalahod and Dharanda in ( E) section Kalahod under SSSD , HPSEB,Ltd. Sundernagar T.S-291 /2022-23 S/Amt-14,22,085 /",HPSEBL||CE(OP) CZ Mandi||SE(OP) Bilaspur||Sr. Xen (S/Nagar),366071.0,267106.0,-27.034
2023_HPSEB_68755_1,"Estimate for replacement of 28 No.s Rotten wooden poles with Steel Tubular Poles of existing LT line from various existing substations in ( E) section JAIDEVI under ESD , HPSEB,Ltd. Sundernagar T.S-294 /2022-23 S/Amt-9,23,290 /-",HPSEBL||CE(OP) CZ Mandi||SE(OP) Bilaspur||Sr. Xen (S/Nagar),228106.0,175114.0,-23.231
2023_HPSEB_68754_1,"Estimate for R/R of 15 No.s Rotten wooden poles with ST Poles of existing 22 KV HT line of Nihri Feeder (Banthal to Nihri) under ESD, HPSEB,Ltd. Nihri . T.S No.-295/2022-23 S/Amt-7, 88,975 /- only",HPSEBL||CE(OP) CZ Mandi||SE(OP) Bilaspur||Sr. Xen (S/Nagar),494882.0,346391.0,-30.005
2023_HPSEB_68753_1,"Estimate for replacement of 22 Nos Rotten wooden poles with Steel Tubular Poles of existing LT line from existing 25 KVA S/Stn Galog , 100 KVA Charkhari 25 KVA S/Stn Rohara-1st in ( E) section Charkhari under ESD , HPSEB,Ltd. Nihri T.S-287 /2022-",HPSEBL||CE(OP) CZ Mandi||SE(OP) Bilaspur||Sr. Xen (S/Nagar),220236.0,154083.0,-30.037
2023_HPSEB_68732_2,"Tender for Replacement of LT Rotten wooden poles with 8 Mtr. Long ST poles emanating from different s/stns. in various section under ESD Bhalai, ED Dalhousie",HPSEBL||CE (OP) North||SE (OP) Dalhousie,738973.0,742632.0,0.495
2023_HPSEB_68711_1,"Construction of 63kVA,11/0.4KVS/Stn.,a/w associated 11KV HT and 3Phase LT Lines to provide SOP to LWSS at Kamlota Kohala including Survey, Design, Supply of material / equipment, erection, testing and commissioning of same on turnkey basis UESD2,JMK",HPSEBL||CE(OP) CZ Mandi||SE(OP) Hamirpur,1005000.0,905559.0,-9.895
2023_HPSEB_68706_1,"Reconductoring of existing33KV line of Anu-Rangas-Nadaun feeder from tapping point Jol Sappar to132/33/11KV S/Stn.Nadaun with 30/7/2.59mm conductor on turnkey basis to provide SOP to Dr. RKGMC, Jol Sappar under ED Nadaun",HPSEBL||CE(OP) CZ Mandi||SE(OP) Hamirpur,7315000.0,7493175.0,2.436
2023_HPSEB_68699_1,replacement of pole,HPSEBL||CE(OP) South||SE(OP) Rampur||Sr.Xen (E) Anni,255611.0,171445.0,-32.927
2023_HPSEB_68661_1,Replacement of 20 Nos Rotten Wooden pole with Steel Tubular Pole 9/10 mtrs. Long of 22KV HT Line to various S/stns in (E) Section Rohru-IInd under (E) Sub-Division Rohru,HPSEBL||CE(OP) South||SE(OP) Rohru||Sr.Xen(E) Rohru,517200.0,380144.0,-26.5
2023_HPSEB_68660_1,Replacement of 72 Nos Rotten Wooden pole with Steel Tubular Pole 8/9 mtrs. Long of existing LT in (E) Section Kalgaon under (E) Sub-Division Tikkar,HPSEBL||CE(OP) South||SE(OP) Rohru||Sr.Xen(E) Rohru,997500.0,630420.0,-36.8
2023_HPSEB_68659_1,Replacement of 46Nos Rotten Wooden pole with Steel Tubular Pole Steel Tubular Pole 10/9/8 mtrs. Long of existing HT/LT line in (E) Section Pujarli-4 under (E) Sub-Division Tikkar,HPSEBL||CE(OP) South||SE(OP) Rohru||Sr.Xen(E) Rohru,740950.0,485322.0,-34.5
2023_HPSEB_68658_1,Replacement of 56 Nos Rotten Wooden pole with Steel Tubular Pole 8/9 mtrs. Long of existing LT in (E) Section Rohru-IInd under (E) Sub-Division Rohru,HPSEBL||CE(OP) South||SE(OP) Rohru||Sr.Xen(E) Rohru,656900.0,446364.0,-32.05
2023_HPSEB_68656_1,Replacement of 35 Nos Rotten Wooden pole with Steel Tubular Pole 9/8 mtrs. Long of existing LT line in (E) Section Summerkot under (E) Sub-Division Rohru,HPSEBL||CE(OP) South||SE(OP) Rohru||Sr.Xen(E) Rohru,470260.0,236306.0,-49.75
2023_HPSEB_68653_1,Replacement of 34 Nos Rotten Wooden pole with Steel Tubular Pole 8/9 mtrs. Long of existing LT in (E) Section Khadrala under (E) Sub-Division Tikkar,HPSEBL||CE(OP) South||SE(OP) Rohru||Sr.Xen(E) Rohru,438990.0,290172.0,-33.9
2023_HPSEB_68650_1,Replacement of 34 Nos Rotten Wooden pole with Steel Tubular Pole 8/9 mtrs. Long of existing LT in (E) Section Deoli under (E) Sub-Division Tikkar,HPSEBL||CE(OP) South||SE(OP) Rohru||Sr.Xen(E) Rohru,439790.0,325884.0,-25.9
2023_HPSEB_68648_1,Replacement of 35 Nos Rotten Wooden pole with Steel Tubular Pole 8/9 mtrs. Long of existing LT in (E) Section Tikkar under (E) Sub-Division Tikkar,HPSEBL||CE(OP) South||SE(OP) Rohru||Sr.Xen(E) Rohru,447095.0,283905.0,-36.5
2023_HPSEB_68646_1,Replacement of 35 Nos Rotten Wooden pole with Steel Tubular Pole 8/9/10 mtrs. Long of existing LT in (E) Section Dhamwari (Amlatoo) under (E) Sub-Division Chirgaon-II,HPSEBL||CE(OP) South||SE(OP) Rohru||Sr.Xen(E) Rohru,468535.0,304313.0,-35.05
2023_HPSEB_68644_1,RR OF 20 NOS RWP TO STP,HPSEBL||CE(OP) South||SE(OP) Rohru||Sr.Xen(E) Rohru,275530.0,162563.0,-41.0
2023_HPSEB_68641_1,Tender for Replacement of 30 Nos Rotten Wooden pole with Steel Tubular Pole 8/9 mtrs. Long of existing LT in (E) Section Chirgaon under (E) Sub-Division Chirgaon-I,HPSEBL||CE(OP) South||SE(OP) Rohru||Sr.Xen(E) Rohru,376885.0,243091.0,-35.5
2023_HPSEB_68639_1,Replacement of 31 Nos Rotten Wooden pole with Steel Tubular Pole 8/9 mtrs. Long of existing LT in (E) Section Devidhar under (E) Sub-Division Chirgaon-I,HPSEBL||CE(OP) South||SE(OP) Rohru||Sr.Xen(E) Rohru,389125.0,268885.0,-30.9
2023_HPSEB_68636_1,Replacement of 61 Nos Rotten Wooden pole with Steel Tubular Pole 8/9 mtrs. Long of existing LT in (E) Section Jangla under (E) Sub-Division Chirgaon-I,HPSEBL||CE(OP) South||SE(OP) Rohru||Sr.Xen(E) Rohru,751135.0,497251.0,-33.8
2023_HPSEB_68633_1,Replacement of 37 Nos Rotten Wooden pole with Steel Tubular Pole 8/9 mtrs. Long of existing LT in (E) Section Seema under (E) Sub-Division Chirgaon-I,HPSEBL||CE(OP) South||SE(OP) Rohru||Sr.Xen(E) Rohru,443565.0,288095.0,-35.05
2023_HPSEB_68630_1,Replacement of 51 Nos Rotten Wooden pole with Steel Tubular Pole 8/9 mtrs. Long of existing LT in (E) Section Seema under (E) Sub-Division Chirgaon-I,HPSEBL||CE(OP) South||SE(OP) Rohru||Sr.Xen(E) Rohru,627460.0,410986.0,-34.5
2023_HPSEB_68626_1,RR OF 32 NOS RWP TO STP,HPSEBL||CE(OP) South||SE(OP) Rohru||Sr.Xen(E) Rohru,419645.0,257033.0,-38.75
2023_HPSEB_68620_1,RR OF 72 NOS RWP TO STP,HPSEBL||CE(OP) South||SE(OP) Rohru||Sr.Xen(E) Rohru,888695.0,573208.0,-35.5
2023_HPSEB_68618_1,RR OF 41 NOS RWP TO STP,HPSEBL||CE(OP) South||SE(OP) Rohru||Sr.Xen(E) Rohru,519660.0,374155.0,-28.0
2023_HPSEB_68615_1,RR OF 57 NOS RWP TO STP,HPSEBL||CE(OP) South||SE(OP) Rohru||Sr.Xen(E) Rohru,724005.0,521284.0,-28.0
2023_HPSEB_68592_1,RR OF RWP 41 NOS E SECTION ROHRU 1ST UNDER ESD ROHRU,HPSEBL||CE(OP) South||SE(OP) Rohru||Sr.Xen(E) Rohru,532165.0,287369.0,-46.0
2023_HPSEB_68554_1,Tender for painting of 13 Nos Generator Transformers under Bassi Power House Division HPSEBL Jogindernagar HP,"HPSEBL||CE(Gen) Sundernagar||SE(Gen) Palampur||RE, Bassi, J/Nagar",211155.0,175072.0,-17.088
2023_HPSEB_68538_1,46-2022-23,HPSEBL||CE(OP) South||SE(OP) Solan||Sr. Xen(E) Arki,1146127.0,790827.0,-31.0
2023_HPSEB_68536_1,Tender for Repair and refilling of firefighting equipments along with allied accessories of various capacities in 66 MW Bassi Power House under Bassi Power House Division HPSEBL Jogindernagar,"HPSEBL||CE(Gen) Sundernagar||SE(Gen) Palampur||RE, Bassi, J/Nagar",285383.0,217002.0,-23.961
2023_HPSEB_68523_1,"Tender for replacement of damaged firefighting equipment with new equipment, damaged accessories refilling of existing firefighting equipment hydraulic pressure testing of firefighting equipment including test certificates installed at Baner PH JIA","HPSEBL||CE(Gen) Sundernagar||SE(Gen) Palampur||RE Baner, Jia",272049.0,209308.0,-23.062
2023_HPSEB_68497_1,"Replacement of 212 Nos. rotten wooden poles with S/T poles 8Mtr long under Electrical Sub Division HPSEBL, Nerwa",HPSEBL||CE(OP) South||SE(OP) Shimla,2090924.0,1568193.0,-25.0
2023_HPSEB_68493_1,DB-Tender/No-23(R/R pole T.S No.203/2022-23)/2022-23.,HPSEBL||CE(OP) South||SE(OP) Shimla||Sr. Xen (E) Theog,489272.0,385546.0,-21.2
2023_HPSEB_68492_1,DB-Tender/No-22(R/R pole T.S No.202/2022-23)/2022-23.,HPSEBL||CE(OP) South||SE(OP) Shimla||Sr. Xen (E) Theog,539374.0,455771.0,-15.5
2023_HPSEB_68491_1,DB-Tender/No-21(R/R pole T.S No.150/2022-23)/2022-23.,HPSEBL||CE(OP) South||SE(OP) Shimla||Sr. Xen (E) Theog,451734.0,360032.0,-20.3
2023_HPSEB_68490_1,DB-Tender/No-20(R/R pole T.S No.154/2022-23)/2022-23.,HPSEBL||CE(OP) South||SE(OP) Shimla||Sr. Xen (E) Theog,621428.0,475392.0,-23.5
2023_HPSEB_68489_1,DB-Tender/No-19(R/R pole T.S No.147/2022-23)/2022-23.,HPSEBL||CE(OP) South||SE(OP) Shimla||Sr. Xen (E) Theog,650425.0,510519.0,-21.51
2023_HPSEB_68488_1,DB-Tender/No-18(R/R pole T.S No.143/2022-23)/2022-23.,HPSEBL||CE(OP) South||SE(OP) Shimla||Sr. Xen (E) Theog,421197.0,329376.0,-21.8
2023_HPSEB_68486_1,DB-Tender/No-17(R/R pole T.S No.142/2022-23)/2022-23.,HPSEBL||CE(OP) South||SE(OP) Shimla||Sr. Xen (E) Theog,447254.0,350647.0,-21.6
2023_HPSEB_68484_1,DB-Tender/No-16(R/R pole T.S No.148/2022-23)/2022-23.,HPSEBL||CE(OP) South||SE(OP) Shimla||Sr. Xen (E) Theog,688880.0,583826.0,-15.25
2023_HPSEB_68482_1,DB-Tender/No-15(R/R pole T.S No. 146/2022-23)/2022-23.,HPSEBL||CE(OP) South||SE(OP) Shimla||Sr. Xen (E) Theog,531882.0,420187.0,-21.0
2023_HPSEB_68477_1,DB-Tender/No-14(R/R pole T.S No.144/2022-23)/2022-23.,HPSEBL||CE(OP) South||SE(OP) Shimla||Sr. Xen (E) Theog,531056.0,413693.0,-22.1
2023_HPSEB_68474_2,DB-Tender/No-13(R/R pole T.S No.153/2022-23)/2022-23.,HPSEBL||CE(OP) South||SE(OP) Shimla||Sr. Xen (E) Theog,435573.0,341054.0,-21.7
2023_HPSEB_68471_1,DB-Tender/No-12(R/R pole T.S No.139/2022-23)/2022-23.,HPSEBL||CE(OP) South||SE(OP) Shimla||Sr. Xen (E) Theog,426422.0,339005.0,-20.5
2023_HPSEB_68465_1,DB-Tender/No-11(R/R pole T. S No.138 2022-23)/2022-23.,HPSEBL||CE(OP) South||SE(OP) Shimla||Sr. Xen (E) Theog,551560.0,463310.0,-16.0
2023_HPSEB_68409_2,Erection for RR of 50 Nos Wooden Rotten Poles with Steel Tubular Poles 8/9 Mtrs long in LT line of various Sub- stations in Electrical Section Gumma under ESD Kotkhai,HPSEBL||CE(OP) South||SE(OP) Rohru||Sr. Xen (E) Jubbal,420000.0,268800.0,-36.0
2023_HPSEB_68363_1,"Estimate for R/R of 10 No. Rotten wooden poles with ST Poles of exisitng 11 KV HT line of Galma Feeder under ESD , HPSEB,Ltd. Nerchowk . T.S No.-320/2022-23 S/Amt- 4,17,170 /- only",HPSEBL||CE(OP) CZ Mandi||SE(OP) Bilaspur||Sr. Xen (S/Nagar),202920.0,155788.0,-23.227
2023_HPSEB_68362_1,"Estimate for replacement of 34 No. Rotten wooden poles with Steel Tubular Poles of exisitng LT line from various existing substations in ( E) section Gagal under ESD , HPSEB,Ltd. Nerchowk T.S-319 /2022-23 S/Amt-10,06,665 /- only WBS",HPSEBL||CE(OP) CZ Mandi||SE(OP) Bilaspur||Sr. Xen (S/Nagar),329390.0,243869.0,-25.963
2023_HPSEB_68357_1,"Estimate for replacement of 25 Nos Rotten wooden poles with Steel Tubular Poles of exisitng LT line from various existing substations in ( E) section Ratti-2nd under ESD , HPSEB,Ltd. Nerchowk T.S-318 /2022-23 S/Amt-7,81,110 /- only WBS",HPSEBL||CE(OP) CZ Mandi||SE(OP) Bilaspur||Sr. Xen (S/Nagar),268216.0,195796.0,-27.001
2023_HPSEB_68351_2,"Estimate for replacement of 8 No.s Rotten wooden poles with Steel Tubular Poles of exisitng LT line from various existing substations in ( E) section Punghroo under ESD , HPSEB,Ltd. Sundernagar T.S-316 /2022-23 S/Amt-2,38,500 /- only WBS-",HPSEBL||CE(OP) CZ Mandi||SE(OP) Bilaspur||Sr. Xen (S/Nagar),138709.0,105017.0,-24.29
2023_HPSEB_68348_1,"Estimate for replacement of 11 No.s Rotten wooden poles with Steel Tubular Poles of existing LT line from various existing substations in ( E) section Mahadev under ESD , HPSEB,Ltd. Sundernagar T.S-310 /2022-23 S/Amt-3,47,645 /- only",HPSEBL||CE(OP) CZ Mandi||SE(OP) Bilaspur||Sr. Xen (S/Nagar),125916.0,100605.0,-20.101
2023_HPSEB_68343_1,"Estimate for replacement of 11 No.s Rotten wooden poles with Steel Tubular Poles of existing LT line from various existing substations Nerchowk in ( E) section Nerchowk under ESD , HPSEB,Ltd. Nerchowk T.S-301 /2022-23 S/Amt-3,21,920 /- only",HPSEBL||CE(OP) CZ Mandi||SE(OP) Bilaspur||Sr. Xen (S/Nagar),100827.0,76045.0,-24.579
2023_HPSEB_68339_1,"Estimate for replacement of 8No.s Rotten wooden poles with Steel Tubular Poles of exisitng LT line from various existing substations in ( E) section Slapper-2nd under ESD , HPSEB,Ltd. Slapper T.S-306 /2022-23 S/Amt-2,48,450 /- only WBS- ,",HPSEBL||CE(OP) CZ Mandi||SE(OP) Bilaspur||Sr. Xen (S/Nagar),95082.0,84618.0,-11.005
2023_HPSEB_68336_1,"Estimate for replacement of 10 No.s Rotten wooden poles with Steel Tubular Poles of existing LT line from various existing substations in ( E) section Behli under ESD , HPSEB,Ltd. Nihri T.S-309 /2022-23 S/Amt-3,11,110 /- only WBS",HPSEBL||CE(OP) CZ Mandi||SE(OP) Bilaspur||Sr. Xen (S/Nagar),117778.0,89405.0,-24.09
2023_HPSEB_68330_1,"Estimate for replacement of 10 No. s Rotten wooden poles with Steel Tubular Poles of existing LT line from various existing substations in ( E) section Rohanda under ESD , HPSEB,Ltd. Nihri T.S-308 /2022-23 S/Amt-3,30,940 /- only",HPSEBL||CE(OP) CZ Mandi||SE(OP) Bilaspur||Sr. Xen (S/Nagar),123915.0,92933.0,-25.003
2023_HPSEB_68326_1,"Estimate for replacement of 11 No. Rotten wooden poles with Steel Tubular Poles of exisitng LT line from various existing substations in ( E) section Ratti-1st under ESD , HPSEB,Ltd. Nerchowk T.S-298 /2022-23 S/Amt-3,06,210 /- only",HPSEBL||CE(OP) CZ Mandi||SE(OP) Bilaspur||Sr. Xen (S/Nagar),112554.0,85265.0,-24.245
2023_HPSEB_68184_1,"Estimate for Rotten Wooden poles with Steel Tubular Pole from existing various S/Stn. in Elect Section Berthin-1st under ESD HPSEBL, Berthin.",HPSEBL||CE(OP) CZ Mandi||SE(OP) Bilaspur||Sr. Xen (E) Ghumarwin,375415.0,261701.0,-30.29
2023_HPSEB_68044_1,"Estimate for Replacement of rotten wooden poles with steel tubular poles 11 mtrs long of 11 KV HT line of Kandrour-Gherwin feeder from Palthin to Badoa in (E) section Bhager under ESD HPSEBL, Kandrour.",HPSEBL||CE(OP) CZ Mandi||SE(OP) Bilaspur||Sr. Xen (E) Ghumarwin,340647.0,258584.0,-24.09
2023_HPSEB_68010_1,NED/DB-Tender/NIT/Job No.-124/2022-23,HPSEBL||CE(OP) South||SE(OP) Nahan||Sr.Xen (E) Nahan,369694.0,277640.0,-24.9
2023_HPSEB_68009_1,NED/DB-Tender/NIT/Job No.-123/2022-23,HPSEBL||CE(OP) South||SE(OP) Nahan||Sr.Xen (E) Nahan,463815.0,348325.0,-24.9
2023_HPSEB_68006_1,NED/DB-Tender/NIT/Job No.-122/2022-23,HPSEBL||CE(OP) South||SE(OP) Nahan||Sr.Xen (E) Nahan,555655.0,417296.0,-24.9
2023_HPSEB_67979_1,"Estimate for Replacement of rotten wooden poles with Steel tubular poles from existing 11/0.4 KV, 50 KVA Tobka, 25 KVA Tasli, 100 KVA Luharwin, 63 KVA Panyala, 63 KVA Barota-1 and 63 KVA Rachhera in (E) section Kothi under ESD No-I Ghumarwin.",HPSEBL||CE(OP) CZ Mandi||SE(OP) Bilaspur||Sr. Xen (E) Ghumarwin,299432.0,241941.0,-19.2
2023_HPSEB_67921_1,HPSEBL/KED/NIT-08/2022-23,HPSEBL||CE(OP) CZ Mandi||SE(OP) Kullu||Sr. Xen (E) Kullu,627997.0,558917.0,-11.0
2023_HPSEB_67920_1,"Estimate for replacement or corroded Steel reactangular hallow pole from 63 KVA, 11/0.4 KV S/Stn. Dohak-II in (E) section Talai under ESD HPSEBL, Talai.",HPSEBL||CE(OP) CZ Mandi||SE(OP) Bilaspur||Sr. Xen (E) Ghumarwin,118911.0,104296.0,-12.291
2023_HPSEB_67916_1,"Replacement of 21 Nos Rotten wooden/PCC poles form various Electrical Sections i,e Cregneno, Dhalli, under Electrical Division No-I, Shimla-9",HPSEBL||CE(OP) South||SE(OP) Shimla||Sr. Xen (E)-1 Kasumpti,292445.0,251503.0,-14.0
2023_HPSEB_67913_2,"Replacement of 26 Nos Rotten wooden/PCC poles form various Electrical Sections i,e Cregneno, Dhalli, Banuti under Electrical Division No-I, Shimla-9",HPSEBL||CE(OP) South||SE(OP) Shimla||Sr. Xen (E)-1 Kasumpti,291482.0,250675.0,-14.0
2023_HPSEB_67911_1,Renewal and rep. of LT Rotten wooden Poles,HPSEBL||CE(OP) CZ Mandi||SE(OP) Mandi||Sr. Xen (E) J/ Nager,872518.0,714592.0,-18.1
2023_HPSEB_67832_2,RR OF POLES,HPSEBL||CE(OP) South||SE(OP) Rohru||Sr. Xen (E) Jubbal,292000.0,175200.0,-40.0
2023_HPSEB_67828_2,RR OF POLES,HPSEBL||CE(OP) South||SE(OP) Rohru||Sr. Xen (E) Jubbal,418000.0,221540.0,-47.0
2023_HPSEB_67826_3,RR OF POLES,HPSEBL||CE(OP) South||SE(OP) Rohru||Sr. Xen (E) Jubbal,372000.0,215760.0,-42.0
2023_HPSEB_67818_1,Replacement of Pole with Steel Tubular pole,HPSEBL||CE(OP) South||SE(OP) Rampur||Sr.Xen (E) Anni,588746.0,406713.0,-30.919
2023_HPSEB_67812_1,DB-Tender/No-10(R/R pole),HPSEBL||CE(OP) South||SE(OP) Shimla||Sr. Xen (E) Theog,489406.0,342584.0,-30.0
2023_HPSEB_67811_1,DB-Tender/No-09(R/R pole),HPSEBL||CE(OP) South||SE(OP) Shimla||Sr. Xen (E) Theog,405974.0,365377.0,-10.0
2023_HPSEB_67810_1,RR OF POLES,HPSEBL||CE(OP) South||SE(OP) Rohru||Sr. Xen (E) Jubbal,302000.0,190260.0,-37.0
2023_HPSEB_67809_1,DB-Tender/No-08(R/R pole),HPSEBL||CE(OP) South||SE(OP) Shimla||Sr. Xen (E) Theog,464633.0,412130.0,-11.3
2023_HPSEB_67808_1,DB-Tender/No-07(R/R pole),HPSEBL||CE(OP) South||SE(OP) Shimla||Sr. Xen (E) Theog,426234.0,375086.0,-12.0
2023_HPSEB_67807_1,DB-Tender/No-06(R/R pole),HPSEBL||CE(OP) South||SE(OP) Shimla||Sr. Xen (E) Theog,218008.0,206018.0,-5.5
2023_HPSEB_67801_1,DB-Tender/No-05(R/R pole),HPSEBL||CE(OP) South||SE(OP) Shimla||Sr. Xen (E) Theog,252879.0,213683.0,-15.5
2023_HPSEB_67634_1,BED105/2022-23,HPSEBL||CE (OP) North||SE (OP) Kangra||Sr. Xen Bajinath,253400.0,249979.0,-1.35
2023_HPSEB_67449_2,Tender for prov skilled labour alongwith Tand P during major brakdown due to hailstorm rainfall under electrical division HPSEBL Palampur,HPSEBL||CE (OP) North||SE (OP) Kangra||Sr. Xen Palampur,395930.0,414133.0,4.598
2023_HPSEB_67395_1,CEON-DEP-25/2022-23,HPSEBL||CE (OP) North,36222006.0,35823564.0,-1.1
2023_HPSEB_67166_1,SEES/SHIMLA-318/2022-23,HPSEBL||CE(ES) Hamirpur||SE(ES) Shimla,9259248.0,8818585.0,-4.759
2023_HPSEB_67165_1,SEES/SHIMLA-317/2022-23,HPSEBL||CE(ES) Hamirpur||SE(ES) Shimla,372800.0,339773.0,-8.859
2023_HPSEB_67164_1,SEES/SHIMLA-316/2022-23,HPSEBL||CE(ES) Hamirpur||SE(ES) Shimla,429128.0,411573.0,-4.091
2023_HPSEB_67163_1,SEES/SHIMLA-315/2022-23,HPSEBL||CE(ES) Hamirpur||SE(ES) Shimla,563322.0,508167.0,-9.791
2023_HPCDP_67430_1,Providing and Installing Electrical Work,Himachal Pradesh Agriculture Development Society (JICA-ODA loan)||Project Director - HPCDP Project - JICA-ODA - Hamirpur||DPM-HPCDP - JICA-ODA - Solan,1511000.0,1799935.0,19.122
2023_HIMUD_77401_1,Construction of building of Integrated Command and Control Centre for Dharamshala Smart City ltd at Dharamshala Distt Kangra,"Himachal Urban Development Authority||Supdt. Engineer (N),HIMUDA||Executive Engineer Electrical Dn,Dharamsala,HIMUDA",3695656.0,3385000.0,-8.406
2023_HIMUD_75968_1,construction of Social Housing Colony at Lohna Distt Kangra,"Himachal Urban Development Authority||Supdt. Engineer (N),HIMUDA||Executive Engineer Electrical Dn,Dharamsala,HIMUDA",6784381.0,4545385.0,-33.002
2023_HIMUD_75966_1,Construction of Civil Hospital at Bharmour District Chamba,"Himachal Urban Development Authority||Supdt. Engineer (N),HIMUDA||Executive Engineer Electrical Dn,Dharamsala,HIMUDA",3754022.0,3836046.0,2.185
2023_HIMUD_74756_1,HOUSING COLONY SANJAULI PH III SHIMLA HP,"Himachal Urban Development Authority||Supdt. Engineer (S),HIMUDA||Executive Engineer Electrical Dn,Shimla,HIMUDA||Assistant Engineer,EEE Dn Shimla,HIMUDA",1102432.0,901730.0,-18.205
2023_HIMUD_72426_1,Construction of Partially Self Financing Scheme at Hamirpur Distt. Hamirpur H.P.,"Himachal Urban Development Authority||Supdt. Engineer (N),HIMUDA||Executive Engineer Electrical Dn,Dharamsala,HIMUDA",4215478.0,2914520.0,-30.861
2023_HIMUD_71957_1,Construction of Building Integrated Command and Control for Dharamshala Distt. Kangra H.P.,"Himachal Urban Development Authority||Supdt. Engineer (N),HIMUDA||Executive Engineer Electrical Dn,Dharamsala,HIMUDA",5671042.0,4669610.0,-17.659
2023_HIMUD_71955_1,Construction of Building Integrated Command and Control Centre at Dharamshala Distt Kangra H.P.,"Himachal Urban Development Authority||Supdt. Engineer (N),HIMUDA||Executive Engineer Electrical Dn,Dharamsala,HIMUDA",3288440.0,2632260.0,-19.954
2023_HIMUD_71951_1,Construction of Integrated Command and Control Centre Building for Dharamshala Smart City Ltd. at Dharamshala Distt. kangra H.P.,"Himachal Urban Development Authority||Supdt. Engineer (N),HIMUDA||Executive Engineer Electrical Dn,Dharamsala,HIMUDA",5989384.0,4380187.0,-26.867
2023_HIMUD_71946_1,Construction of Integrated Command and Control Centre for Dharamshala Distt Kangra,"Himachal Urban Development Authority||Supdt. Engineer (N),HIMUDA||Executive Engineer Electrical Dn,Dharamsala,HIMUDA",4286692.0,4280000.0,-0.156
2023_HIMUD_71930_1,Construction of 8 Nos. 3 BHK and 8 Nos. 2 BHK Flats with Partially Self Financing Scheme at Dhaundi Distt. Mandi,"Himachal Urban Development Authority||Supdt. Engineer (N),HIMUDA||Executive Engineer Electrical Dn,Dharamsala,HIMUDA",5463406.0,3824930.0,-29.99
2023_HIMUD_71928_1,Construction of Sub-Jail Complex at Ner Chowk Distt. Mandi,"Himachal Urban Development Authority||Supdt. Engineer (N),HIMUDA||Executive Engineer Electrical Dn,Dharamsala,HIMUDA",907632.0,716860.0,-21.019
2023_HIMUD_70543_1,Construction of Police Communication and Technical Service Centre at Maandal Bhangrotu Distt. Mandi,"Himachal Urban Development Authority||Supdt. Engineer (N),HIMUDA||Executive Engineer Electrical Dn,Dharamsala,HIMUDA",1484021.0,1061075.0,-28.5
2023_HIMUD_70037_1,Construction of Mashroom Development Centre at Sidhpur Tehsil Dharampur Distt Mandi,"Himachal Urban Development Authority||Supdt. Engineer (N),HIMUDA||Executive Engineer Electrical Dn,Dharamsala,HIMUDA",648735.0,464385.0,-28.417
2023_HIMUD_70025_1,Construction Co-operative Bank Building at Luna Pani Distt mandi,"Himachal Urban Development Authority||Supdt. Engineer (N),HIMUDA||Executive Engineer Electrical Dn,Dharamsala,HIMUDA",2011851.0,1438315.0,-28.508
2023_HIMUD_70022_1,Construction of Police Communication and Technical Service Centre at Manndal Bhangrotu Distt. Mandi,"Himachal Urban Development Authority||Supdt. Engineer (N),HIMUDA||Executive Engineer Electrical Dn,Dharamsala,HIMUDA",2290247.0,1635350.0,-28.595
2023_DCUNA_80041_1,Providing and Installation of LED Bill Boards and Enhancement of Tourist/ Pilgrims Experience to Temple from Mubarikpur to Bharwain (SITC of LED Street lighting System with smart Display message.),DEPUTY COMMISSIONER UNA||DEPUTY COMMISSIONER UNA||SDM AMB||JE/SDO TEMPLE,7882132.0,5487787.0,-30.377
2023_BSMDA_80809_3,"Special repair to HRTC Workshop Jogindernager,Distt-Mandi HP",Bus Stands Management and Development Authority||BSMDA Civil Wing ||OSD DM HRTC Shimla,608530.0,607880.0,-0.107
2023_BSMDA_76777_2,Construction of HRTC Bus Stand Building at Patlikoohal Distt- Kullu HP,Bus Stands Management and Development Authority||BSMDA Civil Wing ||OSD DM HRTC Shimla,1797563.0,1727691.0,-3.887
2023_BSMDA_75187_4,"Construction of prefabrication workshop for retreading tyre plant at HRTC Workshop Rampur, Distt-Una HP",Bus Stands Management and Development Authority||BSMDA Civil Wing ||OSD DM HRTC Shimla,1647006.0,1153610.0,-29.957
2023_BSMDA_72064_8,Special repair to HRTC Workshop Barchhwar Sarkaghat Distt- Mandi HP,Bus Stands Management and Development Authority||BSMDA Civil Wing ||OSD DM HRTC Shimla,826018.0,662531.0,-19.792
2023_BSMDA_72064_5,Special repair to HRTC Regional Workshop at Mandi Distt- Mandi HP,Bus Stands Management and Development Authority||BSMDA Civil Wing ||OSD DM HRTC Shimla,1169847.0,969185.0,-17.153
2023_BSMDA_72064_4,Special repair to HRTC Workshop at Pathankot Distt- Kangra HP,Bus Stands Management and Development Authority||BSMDA Civil Wing ||OSD DM HRTC Shimla,1326624.0,1071228.0,-19.252
2023_BSMDA_72064_3,"Special repair to HRTC Staff Residence Block B, C and D at Taradevi Shimla Distt- Shimla HP",Bus Stands Management and Development Authority||BSMDA Civil Wing ||OSD DM HRTC Shimla,687249.0,686955.0,-0.043
2023_BSMDA_72064_1,Special repair to HRTC Regional Workshop at Taradevi Distt- Shimla HP,Bus Stands Management and Development Authority||BSMDA Civil Wing ||OSD DM HRTC Shimla,976464.0,970609.0,-0.6
2023_BSMDA_70299_3,Special repair to HRTC Bus Stand Sarahan Distt- Sirmour HP,Bus Stands Management and Development Authority||BSMDA Civil Wing ||OSD DM HRTC Shimla,241610.0,242125.0,0.213
2023_BBNDA_82245_1,"Providing and fixing High Mast light for Baba Nahar Singh Kushti Ground, G.P. Kirpalpur.",Baddi Barotiwala Nalagarh Development Authority||Director Industries to the Govt. of H.P.Shimla||CEO BBNDA at Baddi Distt.Solan (H.P.)||Executive Engineer (Project Division) BBNDA,469227.0,417096.0,-11.11
2022_YSPU_66994_1,Construction of PG Block (Only Ground floor) at College of Horticulture and Forestry Neri- Hamirpur (SH- Providing Electrical Installation).,Dr. Yashwant Singh Parmar University of Horticulture and Forestry,1740780.0,1354070.0,-22.215
2022_YSPU_66760_1,"Construction of New Entrance Gate in Hill Architecture at Dr YSP University of Horticulture and Forestry Nauni, Solan (SH- Providing Elect. Instt).",Dr. Yashwant Singh Parmar University of Horticulture and Forestry,649555.0,669665.0,3.096
2022_UDDHP_62984_2,Providing and fixing 1Nos High Mast 16 Mtr. Pole with 6Nos LED Flood light at Thakurdwara Chowk khalet W.o.08MC Palampur.,Directorate of Urban Development||Urban Development - UDDHP||Municipal Corporation Palampur,594000.0,424847.0,-28.477
2022_UDDHP_62982_2,Providing and fixing 1Nos High Mast 16 Mtr. Pole with 6Nos LED Flood light at SSB Chowk W.o.06 MC Palampur.,Directorate of Urban Development||Urban Development - UDDHP||Municipal Corporation Palampur,594000.0,424847.0,-28.477
2022_UDDHP_62981_2,Providing and fixing 1Nos High Mast 16 Mtr. Pole with 6Nos LED Flood light at Rajpur Chowk W.o.11 MC Palampur.,Directorate of Urban Development||Urban Development - UDDHP||Municipal Corporation Palampur,594000.0,424847.0,-28.477
2022_UDDHP_62980_2,Providing and fixing 1Nos High Mast 16 Mtr. Pole with 6Nos LED Flood light at Kalu di hatti W.o.10 MC Palampur.,Directorate of Urban Development||Urban Development - UDDHP||Municipal Corporation Palampur,594000.0,424847.0,-28.477
2022_UDDHP_60975_1,Providing and fixing 1Nos High Mast 16 Mtr. Pole with 6Nos LED Flood light at Banuri W.o.14 MC Palampur,Directorate of Urban Development||Urban Development - UDDHP||Municipal Corporation Palampur,591500.0,520177.0,-12.058
2022_SIDC_64055_1,Providing Yard/ Campus lighting in Mahasheer Hatchery Cum Carp Breeding Unit at Vill. Nagar (Dargi) Teh. Sunni Distt. Shimla (HP).,HP SIDC Limited,641150.0,602450.0,-6.036
2022_SIDC_64049_1,Construction of Medical Device Park (MDP) at Nalagarh Distt. Solan (HP) (SH- Providing 62.5 KVA DG Set).,HP SIDC Limited,1101423.0,984900.0,-10.579
2022_SIDC_63658_1,Providing Electrical Installation in Squash Court and Table Tennis Court at Naya Bazar Nahan Distt. Sirmour (HP).,HP SIDC Limited,750593.0,886515.0,18.109
2022_SIDC_59257_1,Providing cold chain room in office of Deputy Director Animal Husbandry at Bilaspur Distt Bilaspur (HP).,HP SIDC Limited,526400.0,558000.0,6.003
2022_SIDC_57507_1,"Construction of Instrument lab and providing space for modern instruments in biological, chemical and physical science lab in RFSL Dharamshala Distt. Kangra (HP). (Electrical installation thereof)",HP SIDC Limited,439442.0,494780.0,12.593
2022_SIDC_56871_1,Construction of Govt. Polytechnic college at Jandour Distt. Kangra (SH- Providing 100 KVA DG Set thereof).,HP SIDC Limited,1683358.0,1389600.0,-17.451
2022_SIDC_56869_1,Construction of Govt. Polytechnic college at Jandour Distt. Kangra (SH- Providing fire fighting system thereof).,HP SIDC Limited,1534170.0,1445300.0,-5.793
2022_SIDC_56867_1,Construction of Govt. Polytechnic at Jandour Teh. Jaswan Distt. Kangra (HP). (SH- Providing Yard/Campus lighting thereof).,HP SIDC Limited,945944.0,692200.0,-26.824
2022_SIDC_56866_1,Providing and Installation of 2 Nos. High Mast (16 Mtr. long) at Ind. Area Chanour Distt. Kangra (HP).,HP SIDC Limited,827005.0,700700.0,-15.273
2022_SIDC_56844_1,Providing Electrical Installation and allied works in model carrier centre building of labour deptt. at Reckong Peo Distt. Kinnour (HP).,HP SIDC Limited,932938.0,1072858.0,14.998
2022_SIDC_56823_1,Providing Electrical Installation in Sub-Employment Exchange building at Baijnath Distt. Kangra (HP).,HP SIDC Limited,269879.0,296850.0,9.994
2022_SIDC_56821_1,Construction of 8 Nos. type-3 residential qtr. at State of FSL HP Junga Distt. Shimla (HP). (SH- Providing Electrical Installation).,HP SIDC Limited,923251.0,1056470.0,14.429
2022_SIDC_55470_1,Providing and Installation of 1 No. High Mast (12.5 Mtr long) at Phase-III (Part-B) Ind. Area Sansarpur Terrace Distt. Kangra (HP).,HP SIDC Limited,408280.0,351500.0,-13.907
2022_SIDC_55469_1,Providing and Installation of 1 No. High Mast (12.5 Mtr long) at Phase-II Ind. Area Sansarpur Terrace Distt. Kangra (HP).,HP SIDC Limited,408280.0,353200.0,-13.491
2022_SIDC_55467_1,"Providing and Installation of 1 No. High Mast (12.5 Mtr long) at Phase-III (Part-A), Ind. Area Sansarpur Terrace Distt. Kangra (HP).",HP SIDC Limited,408280.0,353200.0,-13.491
2022_SIDC_55357_1,Construction of 4 Nos. type-2 qtr prison department Dharamshala Distt. Kangra (HP). (SH- Providing E.I. thereof).,HP SIDC Limited,340204.0,358536.0,5.389
2022_SIDC_55353_1,Construction of 4 Nos. type-2 qtr (additional) prison department Dharamshala Distt. Kangra (HP). (SH- Providing E.I. thereof).,HP SIDC Limited,340204.0,358536.0,5.389
2022_PWD_66659_1,NA,PWD,1000189.0,804890.0,-19.526
2022_PWD_66642_1,NA,PWD,979965.0,1075000.0,9.698
2022_PWD_66639_1,"Renovation of manse Block of HP University Department of Evening studies, the Mall Shimla SH Providing rewiring compound lights replacement of old damaged mains Cables therein",PWD,1748113.0,1444735.0,-17.355
2022_PWD_66638_1,Construction of HPPWD Rest House Near Rajbhawan Shimla-2 H.P SH Providing E.I therein,PWD,2998880.0,2282670.0,-23.883
2022_PWD_66637_1,CO Rajiv Gandhi Multipurpose Sports Stadium at Katasni Shimla SH Providing CCTV therein,PWD,5395630.0,4748925.0,-11.986
2022_PWD_66268_1,CO Science Lab at GSSS Moginand Tehsil Nahan Distt. Sirmour H.P. SH Providing EI therein,PWD,693891.0,595400.0,-14.194
2022_PWD_66258_1,Rewiring at Govt. CHC Building Rajpur Tehsil Poanta Sahib Distt.Sirmour H.P.,PWD,996257.0,823165.0,-17.374
2022_PWD_66254_1,"CO Government Senior Secondary school at Nagheta Tehsil Poanta Sahib, Distt. Sirmour H.P. SH Prov. E.I. therein",PWD,1431199.0,1243747.0,-13.098
2022_PWD_66250_3,"Replacement and Providing Electrical Installation of Viral Diagnostic and Research Laboratory (VRDL) at Polytechnic College Sarol Chamba in Tehsil and Distt. Chamba, HP",PWD,1682478.0,1672478.0,-0.594
2022_PWD_66250_2,"C/O Centre of Excellence in Mental Health for Dr.RPGMC Tanda in Distt. Kangra, HP (SH- Providing earthing for lifts and additional work therein)",PWD,574245.0,545990.0,-4.92
2022_PWD_66174_1,"Replacement of E.I. in Type-II, Qtr. 08 Nos. at Hill Top colony and Type-II, Qtr. 6 Nos. at Chaugan, Colony at Sainik School Sujanpur Tihra, Distt. Hamirpur (HP)",PWD,895396.0,914100.0,2.089
2022_PWD_66161_1,"Replacement of E.I. in HOD room, staff room, Academic Block at Govt. Polytechnic Hamirpur Distt. Hamirpur",PWD,878327.0,739840.0,-15.767
2022_PWD_66096_1,CO Indoor Auditorium for Cultural activities at Solan HP SH Balance work of E.I therein,PWD,808035.0,848260.0,4.978
2022_PWD_66085_1,Providing Staff for running of Electrical Enquiry in Non Residential Building at H.P Sectt. Shimla 2 for the year 2022-23 Period 1 November 2022 to 31st October 2023,PWD,506496.0,528000.0,4.246
2022_PWD_65647_2,"C/O Govt. Arya College at Nurpur in Tehsil Nurpur, Distt. Kangra, HP (SH- Providing E.I. in Ground and First Floor therein)",PWD,4893252.0,4848316.0,-0.918
2022_PWD_65567_1,CO Warehouse for storage of electronic machines EVMs VVPATs at kather solan The. Distt Solan HP.SH SITC Fire fighting system therein,PWD,2999854.0,2872302.0,-4.252
2022_PWD_65396_1,NA,PWD,825300.0,812400.0,-1.563
2022_PWD_65390_1,NA,PWD,4626332.0,4579665.0,-1.009
2022_PWD_65381_1,NA,PWD,1000046.0,977875.0,-2.217
2022_PWD_65362_1,CO Multistory Parking office Accommodation at H.P Sectt. Armsdale Phase-III Shimla SH Providing Balance work of E.I therein,PWD,1142471.0,1190130.0,4.172
2022_PWD_65359_1,CO PWD Colony type IV Qtrs. At Nabha under ESD-I SH Providing E.I therein PWD Colony 8 Nos. sets parking Lift,PWD,2282821.0,1928081.0,-15.54
2022_PWD_65355_1,CO PWD Colony Type V Qtrs. At Nabha under ESD.I SH Providing E.I there PWD colony 4 No. sets parking lift.,PWD,1661942.0,1438717.0,-13.432
2022_PWD_65351_1,C O Govt. Degree College at Dharampur Mandodhar Tehsil Kasuli Distt. Solan H.P SH Providing Security Campus Lighting therein,PWD,806019.0,843890.0,4.699
2022_PWD_65278_2,C/O School of Nursing at Dr.RPGMC Tanda in Distt. Kangra (HP) (SH- Providing E.I. in Basement floor and Additional work therein),PWD,1616578.0,1599150.0,-1.078
2022_PWD_65278_1,Rewiring and replacement of old fixtures with LEDs to the HP PWD Rest House at Shahpur in Tehsil Shahpur Distt. Kangra (HP),PWD,808669.0,787231.0,-2.651
2022_PWD_65277_1,C/O Zonal Hospital Dharamshala Distt. Kangra (HP) (SH- Providing Fire Alarm System and PA System in OPD block therein),PWD,2120908.0,2140100.0,0.905
2022_PWD_64949_1,CO Govt. Degree college complex Commerce Block at Solan Distt.Solan H.P. SH Providing E.I. there in CO Govt. Degree college complex Commerce Block at Solan Di,PWD,2945447.0,2407999.0,-18.247
2022_PWD_64941_1,RO of Fire fighting Fire Alarm System at HPPWD Headquarter at Nirman Bhawan Shimla H.P for the year 2022-23 Period 1-11-2022 to 31-10-2023.,PWD,580134.0,606096.0,4.475
2022_PWD_64825_2,"Minor rep. and maint. in Autopsy Block at Dr.RPGMC Tanda (SH- Replacement of damaged wiring, protection devices and old FTL fixtures with new LED therein)",PWD,563445.0,552230.0,-1.99
2022_PWD_64778_1,NA,PWD,527329.0,527329.0,0.0
2022_PWD_64775_1,NA,PWD,650447.0,674975.0,3.771
2022_PWD_64773_1,NA,PWD,852483.0,871978.0,2.287
2022_PWD_64771_1,NA,PWD,999802.0,999090.0,-0.071
2022_PWD_64758_1,NA,PWD,4045269.0,4205666.0,3.965
2022_PWD_64756_1,NA,PWD,9878260.0,10192450.0,3.181
2022_PWD_64746_1,NA,PWD,3862515.0,3813951.0,-1.257
2022_PWD_64713_1,"Rewiring in Beas Hostel at Ground floor and first floor in Sainik School at Sujanpur Tihra, Distt. Hmairpur (HP",PWD,608912.0,548016.0,-10.001
2022_PWD_64527_1,C/o Science Block in Gsss Lagru in Tehsil Khundian Distt. Kangra (HP) (SH- Providing E.I therein),PWD,937819.0,909271.0,-3.044
2022_PWD_64526_1,Replacement of old and damaged portable fire extinguishers installed in 500 bedded hospital Dr. RPGMC Kangra at Tanda (H.P),PWD,1120692.0,1111500.0,-0.82
2022_PWD_64351_1,NA,PWD,844170.0,829870.0,-1.694
2022_PWD_64349_1,NA,PWD,811900.0,800300.0,-1.429
2022_PWD_64348_1,NA,PWD,1000713.0,1045745.0,4.5
2022_PWD_64347_1,NA,PWD,548344.0,524667.0,-4.318
2022_PWD_64334_1,NA,PWD,728791.0,741070.0,1.685
2022_PWD_64253_4,Rewiring and replacement of old fixtures with new LED fixtures in the Administrative Block of Dr.RPGMC Kangra at Tanda,PWD,998734.0,984420.0,-1.433
2022_PWD_64253_1,"C/O 120 Nos. Girls MBBS Hostel building at Dr.RPGMC Tanda in Distt. Kangra, HP (SH- Providing E.I. to Indoor Badminton Court at First Floor and Additional Work therein)",PWD,1201797.0,1246070.0,3.684
2022_PWD_64005_1,CO Judicial Court Complex Building at Arki Tehsil Arki Distt. Solan SH Providing CCTV Surveillance System therein,PWD,1785500.0,1808395.0,1.282
2022_PWD_64002_1,RO of fire Fighting Fire Alarm in Distt. Court Complex at Chakkar Shimla for the year 2022-2023 w.ef. 01/10/2022 to 30/09/2023,PWD,580134.0,606096.0,4.475
2022_PWD_63999_1,CO I.T.I Building at Kishangarh Kuthar tehsil Kasauli Distt. Solan. SH Providing Yard lighting thereof,PWD,756049.0,787097.0,4.107
2022_PWD_63995_1,"CO Science Lab at GSSS Surla, Distt. Sirmour H.P SH Providing E.I thereof",PWD,578660.0,490079.0,-15.308
2022_PWD_63987_1,CO Government of Senior Secondary School Timbi Distt. Sirmour H.P SH Providing E.I therein,PWD,1130529.0,935632.0,-17.239
2022_PWD_63973_1,Construction of civil hospital building 50 bedded at Kumarsain Distt Shimla SH Providing copper piping and valve etc.,PWD,2525686.0,2525026.0,-0.026
2022_PWD_63929_1,"Replacement of E.I. in Type-III, Qtr. 08 Nos. at Hill Top colony at Sainik School Sujanpur, Distt. Hamirpur, (HP)",PWD,557960.0,502160.0,-10.001
2022_PWD_63922_1,"Providing and fixing energy efficient LED tube fixtures etc. at Civil Hospital Amb, Distt. Una (HP)",PWD,766544.0,593685.0,-22.55
2022_PWD_63919_1,"C/o HPPWD., Circuit House Building at Una, Distt. Una (HP) (SH- Providing Campus Lighting therein).",PWD,792133.0,616730.0,-22.143
2022_PWD_63916_1,"C/o Mini Sectt. Building at Una, Distt. Una (HP) (SH- Providing Campus Lighting therein).",PWD,698932.0,540360.0,-22.688
2022_PWD_63911_1,"C/o MCH Block in Regional Hospital Building Una, District Una (HP) (SH- Providing Campus Lighting therein).",PWD,526238.0,410990.0,-21.9
2022_PWD_63874_1,"C/O Zonal Hospital Dharamshala, Distt. Kangra, HP (SH- Providing Fire Alarm system and P.A. system in Indoor Block, Gyne and Blood Bank Block therein)",PWD,2771623.0,2744870.0,-0.965
2022_PWD_63806_1,Construction expansion of existing cancer hospital building at IGMC Shimla SH Providing vacumm system and bacterial filters therein,PWD,2934340.0,2925991.0,-0.285
2022_PWD_63597_1,NA,PWD,886172.0,859634.0,-2.995
2022_PWD_63591_1,NA,PWD,665513.0,678095.0,1.891
2022_PWD_63319_1,Construction of ware house building at Reckong Peo District Kinnaur SH Providing 1 No DG set 30KVA therein,PWD,750691.0,824000.0,9.766
2022_PWD_63303_1,Providing SOP Cable for Transformer to 380 KVA DG Set installed for CT and MRI machine at Pt.JLNGMCandH Chamba in Tehsil and Distt Chamba,PWD,533801.0,527400.0,-1.199
2022_PWD_63219_1,NA,PWD,4813133.0,4676546.0,-2.838
2022_PWD_63218_1,NA,PWD,2585579.0,2530324.0,-2.137
2022_PWD_63191_1,"C/o CHC Building at Thanakalan in Tehsil Bangana, District Una, (HP) (SH- Providing balance work of E.I. therein",PWD,578623.0,601251.0,3.911
2022_PWD_63185_1,"Providing installation testing and commissioning One No. 25 KVA DG Set for modal Rural Research Unit Haroli, Distt. Una (H.P)",PWD,694166.0,613028.0,-11.689
2022_PWD_63176_1,NA,PWD,3398032.0,2469410.0,-27.328
2022_PWD_63172_1,NA,PWD,3246901.0,3209900.0,-1.14
2022_PWD_63171_1,NA,PWD,3116901.0,3108400.0,-0.273
2022_PWD_63170_1,NA,PWD,2550000.0,2540000.0,-0.392
2022_PWD_63169_1,NA,PWD,1800000.0,1888200.0,4.9
2022_PWD_63060_1,"C/O War Museum at Dharamshala, Distt. Kangra, HP (SH- Providing Audio Conference system therein)",PWD,2361727.0,2478305.0,4.936
2022_PWD_63039_3,"C/O 16 Nos. type-III Qtrs at Govt. Polytechnic College Talwar in Tehsil Jaisinghpur, Distt. Kangra, HP (Providing E.I. therein)",PWD,1862604.0,2254432.0,21.037
2022_PWD_63039_1,"C/O Combined Office building at Dheera in Distt. Kangra, HP (SH- Providing E.I. therein)",PWD,4452318.0,5867487.0,31.785
2022_PWD_62899_1,Renovation Additional Alteration of Camp office Building at US Club Shimla H.P SH Providing E.I. therein,PWD,945745.0,760617.0,-19.575
2022_PWD_62898_1,"CO I.T.I Building at Patta Mehlog Tehsil Kasauli, Distt. Solan SH Providing Yard lighting thereof",PWD,773071.0,811570.0,4.98
2022_PWD_62894_1,Re Wiring and Providing LED Fixture at Fire Office Building at Nalagarh Tehsil Nalagarh Distt. Solan.,PWD,611831.0,507612.0,-17.034
2022_PWD_62716_1,Replacement of EI in Examination Hall Academic block at Govt. Polytechnic Hamirpur Distt Hamirpur H.P,PWD,888175.0,739630.0,-16.725
2022_PWD_62711_1,C/o MCH Block in Regional Hospital Building at Una H.P (SH- Providing and Installation of 1 No. 20 Passengers elevator therein),PWD,4873179.0,4822500.0,-1.04
2022_PWD_62706_1,C/o Mini Sectt. Building at Una Distt. Una (H.P)(SH-Providing and Installation One No. 13 Passenger Elevator therein),PWD,3314809.0,3297500.0,-0.522
2022_PWD_62523_1,NA,PWD,3398032.0,3280055.0,-3.472
2022_PWD_62515_1,NA,PWD,971500.0,989070.0,1.809
2022_PWD_62513_1,NA,PWD,664336.0,656000.0,-1.255
2022_PWD_62509_1,NA,PWD,987806.0,994000.0,0.627
2022_PWD_62494_1,NA,PWD,7488279.0,6596570.0,-11.908
2022_PWD_62487_1,C/o Up-gradation of 50 bedded Civil Hospital building to 100 bedded Civil Hospital building at Bhoranj Distt. Hamirpur (H.P) (SH- Providing E.I therein,PWD,5106983.0,4278164.0,-16.229
2022_PWD_62486_1,C/o Govt. Polytechnic institute at Kalol Tehsil Jhandutta Distt. Bilaspur H.P (SH- Providing power wiring therein),PWD,2863180.0,2649390.0,-7.467
2022_PWD_62477_1,Providing Staff for running of electrical enquiry in residential Non Residential Building at DDU Hospital Shimla for the year 2022-23 w.e.f 01-08-2022 to 31-07-2023,PWD,566040.0,500400.0,-11.596
2022_PWD_62475_1,CO C.H.C Building at Barotiwala Tehsil Baddi Distt. Solan HP SH Providing E.I therein,PWD,4366370.0,3683700.0,-15.635
2022_PWD_62197_1,C/O Centre of Excellence in Mental Health for Dr. RPGMC Kangra at Tanda (SH- Providing Installation Testing and Commissioning of 750 KVA DG Set therein),PWD,8997018.0,7488402.0,-16.768
2022_PWD_62164_1,"C/o Mini Secretariat building at Nadaun, Tehsil Nadaun, District Hamirpur (HP) (SH- SITC Wet Riser, Ring Main and Sprinkler System of Fire Fighting System therein",PWD,5100375.0,3560754.0,-30.186
2022_PWD_62161_1,"C/o MCH Block in Regional Hospital at Una, Distt. Una (HP) (SH Providing and installation of One No. 20 Passengers Elevator therein)",PWD,4873179.0,4821500.0,-1.06
2022_PWD_62160_1,C/o Mini Sectt. Buiding at Una Distt. Una (HP) (SH. Providing and Installation One No. 13 passenger Elevator therein),PWD,3314809.0,3296500.0,-0.552
2022_PWD_61995_1,NA,PWD,2420000.0,2400000.0,-0.826
2022_PWD_61993_1,NA,PWD,867575.0,903000.0,4.083
2022_PWD_61990_1,NA,PWD,918534.0,956000.0,4.079
2022_PWD_61986_1,NA,PWD,940118.0,979000.0,4.136
2022_PWD_61908_1,"CO New Smart Class room, conference Hall, Terrace Canteen in Rajiv Gandhi Govt. Degree College at Kotshera Shimla H.P SH Prov. E.I therein",PWD,624421.0,518070.0,-17.032
2022_PWD_61906_1,Providing Electrical wiring and LED fixtures in Electronics Dept. Block D at Govt. Polytechnic for women Kandaghat Distt. Soand H.P,PWD,1522950.0,1203260.0,-20.991
2022_PWD_61903_1,Providing Decorative poles fittings on the bridge near lift parking Shimla under Smart City Project.,PWD,856295.0,889002.0,3.82
2022_PWD_61833_1,"C/O Indoor Auditorium Chamba Tehsil Chamba Distt. Chamba, HP (SH- Providing CCTV Cameras and Surveillance system therein)",PWD,3107414.0,3297541.0,6.118
2022_PWD_61791_1,CO Govt. Degree College Building Basement I II at Pajhota Phati Pate Tehsil Rajgarh Distt. Sirmour H.P SH Providing E.I therein),PWD,2049389.0,2125225.0,3.7
2022_PWD_61768_1,CO Indoor Auditorium for Cultural Activities at Nahan SH Prov. Fire Fighting System thereof,PWD,3420377.0,2992700.0,-12.504
2022_PWD_61669_1,NA,PWD,997275.0,1000100.0,0.283
2022_PWD_61663_1,"Construction of Mini Sectt. Building Una, District Una (HP) (SH- PITC Air Conditioners therein)",PWD,4077520.0,4038500.0,-0.957
2022_PWD_61625_1,Construction of Auditorium building at HIPA Fairlawn Shimla SH Providing central heating system therein,PWD,2946107.0,2994165.0,1.631
2022_PWD_61485_2,C/O Centre of Excellence in Mental Health for Dr.RPGMC Kangra at Tanda (SH- Providing campus lighting therein),PWD,1250039.0,1209600.0,-3.235
2022_PWD_61393_1,NA,PWD,999735.0,998250.0,-0.149
2022_PWD_61251_1,CO Ware House for storage of Electronic Voting Machine at Nahan Distt. Sirmour HP SH PITC of Fire Fighting System therein.,PWD,979933.0,1016000.0,3.681
2022_PWD_61249_1,Providing 1 No. 20 Passenger Lift at New OPD Block at Medical College Nahan Distt. Sirmour H.P.,PWD,3350000.0,2250000.0,-32.836
2022_PWD_61246_1,CO Parking and Extension of tennis Court at site BTC Block at Nabha Estate Shimla. SH Provding. E.I. there in,PWD,890305.0,862965.0,-3.071
2022_PWD_61235_1,Special repair to central heating system in block B at IGMC Shimla Providing hot water piping and FCU at sixth floor of special ward,PWD,2930278.0,2989900.0,2.035
2022_PWD_61234_1,Providing Special Repair of Central Heating System at HP High Court Shimla. SH Repair Replacement of old hot water pumps Hot water piping valves etc. Therein,PWD,7693438.0,8029400.0,4.367
2022_PWD_61132_1,CO Indoor Auditorium for Cultural activities at Nahan H.P SH Providing 13 Passenger lift therein,PWD,1760000.0,1800000.0,2.273
2022_PWD_61126_1,Providing Gefran Drive for Passenger Elevators Machine No. E0099017 at Gate No. 3 Armsdale Sectt. HP.,PWD,736249.0,707704.0,-3.877
2022_PWD_60961_1,"C/o HPPWD., Circuit House building at Una, District Una (HP) (SH-Providing and Installation One No. 13 Passenger Elevator therein",PWD,2970900.0,2885000.0,-2.891
2022_PWD_60949_1,NA,PWD,996827.0,988680.0,-0.817
2022_PWD_60948_1,NA,PWD,999705.0,997498.0,-0.221
2022_PWD_60940_1,NA,PWD,873600.0,868400.0,-0.595
2022_PWD_60937_1,NA,PWD,950645.0,947315.0,-0.35
2022_PWD_60819_1,CO Directorate of Energy in Existing Parking Compex Tutikandi at Shimla SH Providing E.I in Second Floor Level 692.60M therein,PWD,4104316.0,3303755.0,-19.505
2022_PWD_60804_1,Co Judicial Court Complex at Arki Tehsil Arki Distt. Solan H.P SH Providing Electrical installation therein,PWD,7369573.0,6282950.0,-14.745
2022_PWD_60789_1,Re Construction of shops at Boileauganj under Shimla Smart City Project SH Prov. E.I. therein,PWD,546315.0,570750.0,4.473
2022_PWD_60690_2,Construction for Newly Up- Graded 50 Bedded Civil Hospital at Bhawarna (SH- Providing Fire Alarm System and P.A System),PWD,2893049.0,2870099.0,-0.793
2022_PWD_60688_1,C/O Circuit House at Palampur Tehsil Palampur Distt. Kangra (HP) (SH- Providing Fascade Lighting therein),PWD,1352130.0,1241520.0,-8.18
2022_PWD_60660_1,C/o Judicial Court Complex Amb Distt. Una (H.P)(SH- Providing and fixing 1 No. 05 Passenger elevator therein,PWD,2546589.0,2493500.0,-2.085
2022_PWD_60659_1,C/o Judicial Court Complex Amb Distt. Una (H.P)(SH- Providing and fixing 1 No. 13 Passenger elevator therein,PWD,3091474.0,3000700.0,-2.936
2022_PWD_60624_1,C/o Mother Child Health Care Centre in Regional Hospital at Bilaspur in Distt. Bilaspur H.P. (SH- Providing One No. 26 passenger Elevator therein,PWD,4350000.0,4325000.0,-0.575
2022_PWD_60617_1,C/o Warehouse for storage of EVM Machine and VVPATs at Bilaspur in Distt. Bilaspur H.P (SH- Providing One No. 06 Passenger Elevator therein,PWD,2050000.0,2015000.0,-1.707
2022_PWD_60616_1,NA,PWD,1384004.0,1139000.0,-17.703
2022_PWD_60501_4,"C/O 8 Nos. type-IV Qtrs. at Govt. Polytechnic College Talwar in Tehsil Jaisinghpur, Distt. Kangra, HP (SH- Providing E.I. therein)",PWD,1111222.0,1333402.0,19.994
2022_PWD_60500_1,"C/O Rajeev Gandhi Govt. Engineering College Kangra at Nagrota Bagwan in Tehsil Nagrota Bagwan Distt. Kangra (HP) (SH- Providing Passive Components including cables for data, voice and video surveillance system to Administration block) (sp. job)",PWD,2265814.0,2213263.0,-2.319
2022_PWD_60480_1,Construction of new trauma centre at IGMC Shimla SH No panel and modular accessories therein,PWD,2960796.0,2943284.0,-0.591
2022_PWD_60436_1,NA,PWD,987550.0,998560.0,1.115
2022_PWD_60435_1,NA,PWD,936696.0,936000.0,-0.074
2022_PWD_60432_1,NA,PWD,999805.0,999930.0,0.013
2022_PWD_60431_1,NA,PWD,996097.0,999670.0,0.359
2022_PWD_60430_1,NA,PWD,834007.0,851254.0,2.068
2022_PWD_60429_1,NA,PWD,928734.0,950805.0,2.376
2022_PWD_60427_1,NA,PWD,2420000.0,2395000.0,-1.033
2022_PWD_60422_1,NA,PWD,8220474.0,7686838.0,-6.492
2022_PWD_60092_1,CO Multi storey Parking office accommodation at Secretariat Armsdale Phase III Shimla SH Providing and installation of Energy recovery ventilation ERV system in command control Center,PWD,781378.0,744000.0,-4.784
2022_PWD_60088_1,Replacement of old fixture and fittings with energy saving LED fixtures at block No BCD E at judicial court complex at Nahan Distt. Sirmour HP,PWD,705783.0,537741.0,-23.809
2022_PWD_60081_1,Construction of additional 10 Nos rooms Mari Ghat Tehsil-Pachhad Distt-Sirmour H.P. SH Pro. E.I. therein,PWD,572899.0,498827.0,-12.929
2022_PWD_60070_1,Providing Re wiring and LED Fixtures in Sarojni Hostel Govt.Polytechnic Kandaghat Distt. Solan.,PWD,1644272.0,1389215.0,-15.512
2022_PWD_60062_1,CO Judicial Court complex at Arki Distt. Solan H.P SH Providing Fire Alarm therein,PWD,1032261.0,821500.0,-20.417
2022_PWD_60056_1,Providing wiring and accessories in GSSS Manpura Tehsil Nalagarh Distt. Solan HP,PWD,989461.0,817560.0,-17.373
2022_PWD_60050_1,Renovation of Belmount circuit house at Kasauli Distt. Solan HP SH Providing E.I. there in,PWD,1968295.0,1622100.0,-17.589
2022_PWD_60040_1,CO Emergency Response Support System -112 in Existing Parking Complex Tutikandi at Shimla SH Providing E.I in First Floor Level 59.00M therein,PWD,789859.0,792310.0,0.31
2022_PWD_60034_1,Providing Re wiring replacement of conventional fittings with energy saving LED fittings in off Set and Compositing Branch 4th Floor at HP Printing Press Ghora Chowki Shimla 5,PWD,1288373.0,1090890.0,-15.328
2022_PWD_59885_1,C/o Indoor Auditorium building at Bilaspur (H.P) (SH Providing Motorized Stage Curtain,PWD,2848290.0,2333275.0,-18.082
2022_PWD_59883_1,C/o Indoor Auditorium building at Bilaspur (H.P) (SH Providing Stage light system therein),PWD,5150986.0,3723291.0,-27.717
2022_PWD_59877_1,NA,PWD,800390.0,783790.0,-2.074
2022_PWD_59876_1,C/o Indoor Auditorium building at Bilaspur (H.P) (SH Providing Installation testing and commissioning of fire fighting and sprinkler system),PWD,4970376.0,3926666.0,-20.999
2022_PWD_59874_1,NA,PWD,991200.0,996000.0,0.484
2022_PWD_59749_1,"Replacement of old and damaged main control panel, sub-panels and protection devices in Main Girls Hostel at Dr.RPGMC Tanda, Distt. Kangra, HP",PWD,1145835.0,1279620.0,11.676
2022_PWD_59664_1,"C/o MCH Block in Regional Hospital Una, (HP) (SH Providing E.I. and LED Fixture therein)",PWD,4947747.0,7504350.0,51.672
2022_PWD_59637_1,C/o Indoor Auditorium building at Bilaspur (H.P) (SH Providing Yard Lighting/ Campus Lighting therein),PWD,950036.0,797500.0,-16.056
2022_PWD_59632_1,C/o Mini Sectt. Building Una Distt. Una H.P (SH Providing EI and LED Fixtures therein),PWD,7539558.0,5948882.0,-21.098
2022_PWD_59628_1,Providing 20 Meter High Mast Lighting system in the NSCBM Govt. Degree College ground complex at Anu Distt. Hamirpur H.P,PWD,588421.0,615548.0,4.61
2022_PWD_59585_1,NA,PWD,2865622.0,2694414.0,-5.975
2022_PWD_59560_1,NA,PWD,799680.0,799584.0,-0.012
2022_PWD_59557_1,NA,PWD,762000.0,761200.0,-0.105
2022_PWD_59556_1,C/o Warehouse for storage facilities EVM and VVPATs machine at Hamirpur Distt. Hamirpur H.P (SH- Providing Installation Testing and commissioning 35 KVA DG Set therein).,PWD,832105.0,705000.0,-15.275
2022_PWD_59554_1,NA,PWD,858616.0,885143.0,3.09
2022_PWD_59553_1,C/o Indoor Auditorium building at Bilaspur (H.P) (SH Providing Installation testing commissioning of UPS system therein),PWD,1995900.0,2070000.0,3.713
2022_PWD_59548_1,Providing service of Electrician for attending the complaints of E.I and running and operation of DG Sets in Dr. RKGMC Hamirpur H.P for the six months from awarded date,PWD,1113654.0,1108020.0,-0.506
2022_PWD_59542_1,NA,PWD,915751.0,859615.0,-6.13
2022_PWD_59541_1,Providing service of Electrician for attending the complaints of E.I in HPPWD Hamirpur Distt. Hamirpur (H.P)(for One year from date of award).,PWD,816140.0,844114.0,3.428
2022_PWD_59536_1,C/O HPPWD Executive Engineer Office building at Bhoranj District Hamirpur (H.P.) ( Sh Providing E.I. therein),PWD,14075888.0,2060792.0,-85.359
2022_PWD_59168_3,"Construction of Additional building at PHC Panchrukhi in Tehsil Palampur, Distt. Kangra, HP (SH- Providing EI therein)",PWD,1599312.0,2012520.0,25.837
2022_PWD_59019_8,C/O Ware house for Storage of EVMs and VVPATs at Baloo near Chamba in Tehsil and Distt. Chamba (HP) (SH- Providing Fire fighting system therein),PWD,1945294.0,2041612.0,4.951
2022_PWD_59019_7,C/O Ware house for Storage of EVMs and VVPATs at Baloo near Chamba in Tehsil and Distt. Chamba (HP) (SH- Providing Wireless Fire Alarm system therein),PWD,1056000.0,1037200.0,-1.78
2022_PWD_59019_5,Warehouse for storage of Electronic Voting Machines (EVMs) and VVPATs at Dharamshala Distt. Kangra (HP) (SH- Providing Fire Alarm and PA system therein).,PWD,1324509.0,1288600.0,-2.711
2022_PWD_59019_4,Warehouse for storage of Electronic Voting Machines (EVMs) and VVPATs at Dharamshala Distt. Kangra (HP) (SH- Providing Fire Fighting system therein),PWD,2526154.0,2565760.0,1.568
2022_PWD_58676_1,NA,PWD,807962.0,840840.0,4.069
2022_PWD_58669_1,NA,PWD,1000001.0,1003865.0,0.386
2022_PWD_58668_1,NA,PWD,999515.0,999831.0,0.032
2022_PWD_58665_1,NA,PWD,3259363.0,3186370.0,-2.239
2022_PWD_58267_1,RO of Fire Fighting fire Alarm System at Raj Bhawan Shimla-2 For the year of 2022-23 Period 1-04-2022 to 31-03-2023,PWD,524748.0,546000.0,4.05
2022_PWD_58266_1,RO of Fire Fighting Fire Alarm in HP High Court Shimla For the year of 2022-23 Period 1-04-2022 to 31-03-2023,PWD,524748.0,546000.0,4.05
2022_PWD_58263_1,CO Rajiv Gandhi Multipurpose sports Stadium at Katasani Tehsil and Distt. Shimla H.P SH Providing Fire Fighting System therein,PWD,5303259.0,3922666.0,-26.033
2022_PWD_58259_1,Providing Fire Pump House Fire Hydrants piping in New building at DDU Zonal Hospital at Shimla.,PWD,2823509.0,2119021.0,-24.951
2022_PWD_58247_1,Construction of auditorium block at HIPA Fairlawn Shimla SH Providing one No 160KVA DG set therein,PWD,1727814.0,1806750.0,4.569
2022_PWD_58242_2,C/O Indoor Auditorium Chamba in Tehsil and Distt. Chamba (HP) (SH- Providing Fire Fighting and Sprinkler System therein),PWD,3916086.0,4073057.0,4.008
2022_PWD_58240_1,C/O Administrative and Academic Block for Govt. Polytechnic Sullah at Parour in Distt. Kangra (HP) (SH- Providing E.I. therein),PWD,9172607.0,11066457.0,20.647
2022_PWD_58160_1,C/O Ware House for Storage of Electronic Voting Machine at Hamirpur(HP) SH PITC Fire Fighting system therein,PWD,2020663.0,1686666.0,-16.529
2022_PWD_58150_1,C/o Ware House for Storage of Electronic Voting Machine at Bilaspur H.P. (PITC Fire Fighting System therein),PWD,1864107.0,1566666.0,-15.956
2022_PWD_58115_1,Construction of nnew trauma centre at IGMC Shimla SH Providing balance work for fighting and sprinkler system therein,PWD,1465260.0,1711114.0,16.779
2022_PWD_58110_1,Construction of trauma centre at IGMC Shimla SH Providing additional work for fire detection system therein,PWD,1714006.0,1504700.0,-12.212
2022_PWD_57988_1,Construction of new OPD block at IGMC Shimla SH Providing EI in parking area converted into labs and additional areas,PWD,2668258.0,2787340.0,4.463
2022_PWD_57972_1,Construction of new OPD block at IGMC Shimla SH Providing fixtures and other accessories therein,PWD,1926453.0,1989595.0,3.278
2022_PWD_57866_1,NA,PWD,996852.0,995448.0,-0.141
2022_PWD_57827_5,"Providing and fixing yard lighting in Circuit House at Palampur, Tehsil Palampur in Distt. Kangra (HP)",PWD,998527.0,1027120.0,2.864
2022_PWD_57416_1,NA,PWD,992310.0,992230.0,-0.008
2022_PWD_57415_1,NA,PWD,970450.0,991000.0,2.118
2022_PWD_57403_1,Construction of new trauma wards at IGMC Shimla SH Providing work of EI in additional accommodation and newly constructed emergency stair cases,PWD,2513179.0,2595360.0,3.27
2022_PWD_57323_1,CO Type -II 8 Nos. residential Qtrs.,PWD,863154.0,897525.0,3.982
2022_PWD_57320_1,CO 10 Nos qtrs Type-I in Ellerslie Colony at Chotta Shimla-2 SH Providing E.I therein,PWD,611150.0,561080.0,-8.193
2022_PWD_57316_1,Re-construction of type-I Qtrs. On old line replacing Block No. 42 at U.S Club Shimla SH Providing E.I. in 9 Nos sets,PWD,695456.0,728035.0,4.685
2022_PWD_57311_1,AMC of 5 Nos. Passenger Lifts Johnson make in the premises of District Court Complex at Chakkar Shimla M C No. L E 1891 1892 1893 1894 1895 for the period of one year w.e.f 01.04.2022 to 31.03.2023,PWD,585419.0,590996.0,0.953
2022_PWD_57302_1,CO Warehouse for Storage of Electronic machines EVMs and VVPATs at Kather Solan Tehsil Distt. Solan HP SH SITC of 1 No. Lift therein,PWD,1282400.0,1265000.0,-1.357
2022_PWD_57202_1,NA,PWD,621887.0,651738.0,4.8
2022_PWD_56924_1,NA,PWD,2334528.0,2299501.0,-1.5
2022_PWD_56750_2,C/O Centre of Excellence for Mental Health at Dr.RPGMC Kangra at Tanda (SH- Providing and fixing of copper piping for VRV/VRF system in Block-A therein),PWD,2784634.0,2710195.0,-2.673
2022_PWD_56750_1,Providing air conditioning system in Lecture theatre examination hall and Anatomy Block Dr.RPGMC Kangra at Tanda (SH- Providing and Fixing of cassette type air conditioning units in Dissection Hall in Ground Floor of Anatomy Block therein),PWD,2375816.0,2329100.0,-1.966
2022_PWD_56707_1,Providing one number sixty two point five KVA DG set in administrative block of MG Govt Engineering college at Kotla Tehsil Rampur Bsr Distt Shimla,PWD,989700.0,994700.0,0.505
2022_PWD_56603_1,NA,PWD,999670.0,1022040.0,2.238
2022_PWD_56597_1,CO 4 No Type 4 Quarter Near RERA office at Majitha House at Chotta Shimla SH Providing E.I therein,PWD,861227.0,901000.0,4.618
2022_PWD_56592_1,CO Dialysis unit building at CHC Nalagarh Distt Solan HP SH Providing E.I. therein,PWD,651550.0,556425.0,-14.6
2022_PWD_56590_1,CO Type III 8 Nos residential Qtrs. Block 29 at Nabha Distt. Shimla SH Providing E.I therein,PWD,917033.0,822136.0,-10.348
2022_PWD_56586_1,CO Type -III 8 Nos residential Qtrs Block-21 at Nabha Distt. Shimla SH Providing E.I therein,PWD,987228.0,890978.0,-9.75
2022_PWD_56550_1,CO Warehouse for storage of Electronic Machines EVMs and VVPATs at Kather Solan Tehsil and Distt Solan HP SITC of 30KVA DG set therein,PWD,827553.0,636275.0,-23.114
2022_PWD_56481_1,Construction of car parking block A at Ram Leela ground at Reckong Peo Distt Kinnaur,PWD,2991352.0,3213168.0,7.415
2022_PWD_56445_1,"C/O Centre of Excellence in Mental Health for Dr. RPGMC Kangra at Tanda (SH- Providing conduiting and cabling for Network, CCTV, IPPBX with accessories for A, B and C Block therein)",PWD,779972.0,807570.0,3.538
2022_PWD_56440_6,C/O Boys Hostel at Govt. Pharmacy College Nagrota Bagwan Distt. Kangra (HP) (SH- Providing Internal E.I. therein),PWD,2942780.0,3841923.0,30.554
2022_PWD_56440_2,Replacement of Electrical Installation and switch gear system into new one of the First floor C.M.O. office building at Chamba in Tehsil and Distt. Chamba (HP),PWD,601027.0,758183.0,26.148
2022_PWD_56369_1,Construction of MG Govt Engineering college at Kotla Jeori Tehsil Rampur Bsr District Shimla,PWD,2288200.0,2333980.0,2.001
2022_PWD_56363_1,NA,PWD,678928.0,659861.0,-2.808
2022_PWD_55951_1,Construction of MG Govt Engineering college at Kotla Jeori Tehsil Rampur Bsr District Shimla SH Providing visual learning system in lecture Hall 1 to 4 block therein,PWD,2129200.0,2180000.0,2.386
2022_PWD_55944_1,Construction of phase one educational and amenities block of Government polytechnic at Kalpa District Kinnaur SH Providing addressable fire alarm system therein,PWD,2940725.0,2956646.0,0.541
2022_PWD_55800_1,Construction of car parking block A at Ram Leela ground at Reckong Peo District Kinnaur SH Providing EI therein,PWD,1698441.0,1780680.0,4.842
2022_PWD_55720_2,C/O 800 LPM PSA Plant at Pt. Jawaharlal Nehru Govt. Medical College Chamba in Tehsil and Distt. Chamba (SH- Providing E.I. therein),PWD,677001.0,879285.0,29.879
2022_PWD_55720_1,"C/O Centre of Excellence in Mental Health for Dr. RPGMC Kangra at Tanda. (SH- Providing wiring for VRV/VRV AC System in Block-A, Block-B, Block-C therein)",PWD,1068964.0,1322225.0,23.692
2022_PWD_55568_1,C/O War Museum at Dharamshala Distt. Kangra (HP) (SH- Providing Air Conditioner in lower ground floor and Library first floor therein),PWD,1833641.0,1571400.0,-14.302
2022_PWD_55566_2,C/O War Museum at Dharamshala Distt. Kangra (HP) (SH- Providing Fire Alarm System and Fire fighting system therein),PWD,1719898.0,1961200.0,14.03
2022_PWD_55420_1,NA,PWD,642161.0,635739.0,-1.0
2022_PWD_55360_1,Replacement of old defective hot water riser and replacement of heating unit of front portion of first floor at block B at IGMC Shimla,PWD,2899258.0,2984775.0,2.95
2022_HPSEB_66613_1,"Design, Manufacture, Supply, Erection, Testing and Commissioning in supervison of approved OEM make for different types of RMUs, SF6 insulated under City Electrical Division, HPSEBL Shimla-171001 (H.P)",HPSEBL||CE(OP) South||SE(OP) Shimla,7398600.0,6498930.0,-12.16
2022_HPSEB_66612_1,"Shifting and re-routine of HT XLPE cable and LT PVC cbale 3.5 Core 300mm2 and LT 3-Ph overhead line passing over the proposed site for stabilization of Ridge under Smart city project in ES Ridge under ESD, Ridge, Shimla-1",HPSEBL||CE(OP) South||SE(OP) Shimla,7277815.0,6113365.0,-16.0
2022_HPSEB_66611_1,"SOP to proposed 250 KVA, 11/0.4KV, S/Stn. At Nehru Sanskrit College building Phagli Shimla under Electrical Section Kennedy House under ESD, Boileauganj",HPSEBL||CE(OP) South||SE(OP) Shimla,1652456.0,1602882.0,-3.0
2022_HPSEB_66589_1,"providing Electrifica tion to LOH Baro Kanda by providing 22/0.4kV, 63kVA S/Stn. Baro Kanda along with its in Electrical Section Nichar , under Electrical Sub-Division, HPSEBL, Bahabanagar.",HPSEBL||CE(OP) South||SE(OP) Rampur,2222632.0,1889237.0,-15.0
2022_HPSEB_66565_1,CEON-DEP-23/2022-23,HPSEBL||CE (OP) North,5751319.0,6143745.0,6.823
2022_HPSEB_66497_1,SEOP46/2022-23,HPSEBL||CE (OP) North||SE (OP) Kangra,848724.0,857210.0,1.0
2022_HPSEB_66466_3,"Estimate for providing SOP to Mini Secretate in ( E) section Nerchowk under ESD , HPSEB,Ltd. Nerchowk",HPSEBL||CE(OP) CZ Mandi||SE(OP) Bilaspur||Sr. Xen (S/Nagar),790224.0,828942.0,4.9
2022_HPSEB_66462_1,"Construction 100KVA, 11/0.4KV Sub-Station a/w 11KV HT and 3Phase LT Lines to provide SOP to RTO Office at Daruhi on partial turnkey basis under ESD No.1, HPSEBL Hamirpur (ED Hamirpur) (Deposit).",HPSEBL||CE(OP) CZ Mandi||SE(OP) Hamirpur,850000.0,923032.0,8.592
2022_HPSEB_66460_1,"Estimate for SOP for improvement Extension of LWSS Chalaila Padhana in GP Dhawal Tehsil Sundernagar Distt. Mandi(HP) under ESD Slapper. T.S-236/2022-23 S/Amt-14,96,577 WBS-",HPSEBL||CE(OP) CZ Mandi||SE(OP) Bilaspur||Sr. Xen (S/Nagar),990477.0,789952.0,-20.245
2022_HPSEB_66455_1,"Estimate for SOP to Hostel of Govt. Handicap ITI Sundernagar under ESD , HPSEB,Ltd. Sundernagar. T.S No.-237/2022-23 S/Amt-11,97,077",HPSEBL||CE(OP) CZ Mandi||SE(OP) Bilaspur||Sr. Xen (S/Nagar),818101.0,638691.0,-21.93
2022_HPSEB_66335_1,Supply and Erection of Capacitor Banks,HPSEBL||CE(ES) Hamirpur||SE(Design) Hamirpur,67000000.0,4473578.0,-93.323
2022_HPSEB_66328_1,"Providing 250 KVA, 11/0.4 KV S/Stn. Near Chandel building Tara Bari Bharari for provding electricity supply to residing consumers in Electrical Section under ESD, HPSEBL, Sanjauli, Shimla-6",HPSEBL||CE(OP) South||SE(OP) Shimla,2692493.0,2557868.0,-5.0
2022_HPSEB_66075_1,"Tender for Providing additional 22/0.4KV,63KVA sub-station alongwith its associated line to cope up the low voltage problem in village Malling, under ESD HPSEBL Pooh.",HPSEBL||CE(OP) South||SE(OP) Rampur,567665.0,594022.0,4.643
2022_HPSEB_66070_1,Tender for Supply of power to LWSS Pump House at Sara Addu,HPSEBL||CE(OP) South||SE(OP) Rampur,2477740.0,2264159.0,-8.62
2022_HPSEB_66062_1,41-2022-23,HPSEBL||CE(OP) South||SE(OP) Solan,2808026.0,2287137.0,-18.55
2022_HPSEB_66028_2,"Construction 100KVA, 11/0.4KV Sub-Station a/w 11KV HT and 3Phase LT Lines to provide SOP to Sewerage treatment Plant of Bhota town on partial turnkey basis under ESD HPSEBL Bhota (ED Barsar) (Deposit).",HPSEBL||CE(OP) CZ Mandi||SE(OP) Hamirpur,1475000.0,1271569.0,-13.792
2022_HPSEB_66027_1,07-2022-23,HPSEBL||CE(OP) South||SE(OP) Solan||Sr.Xen (E) Nalagarh,717274.0,616640.0,-14.03
2022_HPSEB_66014_2,"Shifting of existing 33KV, 11KV and 3phase LT lines from the proposed Helipad site at Kohla on partial turnkey basis under ESD Nadaun (ED Nadaun).",HPSEBL||CE(OP) CZ Mandi||SE(OP) Hamirpur,1813000.0,1595281.0,-12.009
2022_HPSEB_65965_1,"Estimate for Providing 11 KV HT Line to proposed 63 KVA , 11/0.4 KV S/Stn at village Bhawana Bhangla under ESD , HPSEB,Ltd. Slapper. T.S No.-227 /2022-23 S/Amt.-4,00,261 /- WBS No.- , Estimate for Providing 63 KVA ,11/0.4 KV S/Stn at villag",HPSEBL||CE(OP) CZ Mandi||SE(OP) Bilaspur||Sr. Xen (S/Nagar),477900.0,391400.0,-18.1
2022_HPSEB_65964_1,"Estimate for Providing 11 KV HT Line to proposed 63 KVA , 11/0.4 KV S/Stn at village Mallog under ESD , HPSEB,Ltd. Slapper. T.S No.-224/2022-23 S/Amt.-3,25,449 /- WBS No.- , Estimate for Providing 63 KVA ,11/0.4 KV S/Stn at village Mahlog",HPSEBL||CE(OP) CZ Mandi||SE(OP) Bilaspur||Sr. Xen (S/Nagar),455927.0,373390.0,-18.103
2022_HPSEB_65955_1,SEOP/2022-23,HPSEBL||CE (OP) North||SE (OP) Kangra,1235033.0,1296545.0,4.981
2022_HPSEB_65944_1,SOP to LWSS Kandrora Stage-I and Stage-II,HPSEBL||CE(OP) South||SE(OP) Rohru,1740345.0,1597637.0,-8.2
2022_HPSEB_65930_1,SEOP44/2022-23,HPSEBL||CE (OP) North||SE (OP) Kangra,759916.0,623130.0,-18.0
2022_HPSEB_65890_1,SEOP43/2022-23,HPSEBL||CE (OP) North||SE (OP) Kangra,1110922.0,1116478.0,0.5
2022_HPSEB_65855_1,"Estimate for replacement of 25 No.s Rotten wooden poles with Steel Tubular Poles of exisitng LT line from various existing substations in E section Dhanotu under SSSD HPSEB,LtdSundernagar T.S-02/2022-23 S/Amt-7,33,104 /- only WBS-3210074-001",HPSEBL||CE(OP) CZ Mandi||SE(OP) Bilaspur||Sr. Xen (S/Nagar),215538.0,161697.0,-24.98
2022_HPSEB_65853_1,"Estimate for R/R of 36 No.s HT line rotten wooden poles with Steel Tubuar Pole existing 22 KV HT line Rohanda FeederPandar to Seri under ESD Nihri. T.S No.-114/2020-21 S/Amt.-17,20,625 /- only WBS-32100074-001-SNR-150.",HPSEBL||CE(OP) CZ Mandi||SE(OP) Bilaspur||Sr. Xen (S/Nagar),786996.0,605756.0,-23.029
2022_HPSEB_65850_1,"Estimate for Re-Conductoring of 22 KV HT line from Nihri to Badan in ( E) section Nihri-1st under ESD , HPSEB,Ltd. Nihri . T.S No.-184/2022-23 S/Amt.-14,99,475 /- WBS-32100235-SNR-HT-041",HPSEBL||CE(OP) CZ Mandi||SE(OP) Bilaspur||Sr. Xen (S/Nagar),497453.0,378065.0,-24.0
2022_HPSEB_65848_1,"Estimate for Re-Conductoring of 22 KV HT line (Churag Feeder) from Behli to Mahota in ( E) section Behli under ESD , HPSEB,Ltd. Nihri . T.S No.-183/2022-23 S/Amt.-13,39,075 /- WBS-32100235-SNR-HT-040",HPSEBL||CE(OP) CZ Mandi||SE(OP) Bilaspur||Sr. Xen (S/Nagar),661590.0,496207.0,-24.998
2022_HPSEB_65843_1,KED26/2022-23,HPSEBL||CE (OP) North||SE (OP) Kangra||Sr. Xen Kangra,667680.0,534144.0,-20.0
2022_HPSEB_65832_3,"Tender for providing 22 /0.4KV, 100KVA sub-station alongwith",HPSEBL||CE(OP) South||SE(OP) Rampur,1154000.0,1177091.0,2.001
2022_HPSEB_65828_1,"Shifting of utilities for construction of single pier flyover to by pass traffic at Khalini Chowk Shimla (HP) under Smart City Mission under City Electrical Sub Division, HPSEBL,Chotta Shimla",HPSEBL||CE(OP) South||SE(OP) Shimla,4954874.0,4707130.0,-5.0
2022_HPSEB_65764_2,SEOP42/2022-23,HPSEBL||CE (OP) North||SE (OP) Kangra,4283345.0,4351878.0,1.6
2022_HPSEB_65756_1,SEOP40/2022-23,HPSEBL||CE (OP) North||SE (OP) Kangra,2240441.0,2263025.0,1.008
2022_HPSEB_65752_2,SEOP39/2022-23,HPSEBL||CE (OP) North||SE (OP) Kangra,4243582.0,3331212.0,-21.5
2022_HPSEB_65749_1,SEOP38/2022-23,HPSEBL||CE (OP) North||SE (OP) Kangra,1416090.0,1149865.0,-18.8
2022_HPSEB_65738_1,OCU-18/2022-23,HPSEBL||CE (OP) North||SE (OP) Una,938361.0,703865.0,-24.99
2022_HPSEB_65640_2,Electrical Erection Work,HPSEBL||CE (OP) North||SE (OP) Kangra||Sr. Xen Shahpur,552798.0,469325.0,-15.1
2022_HPSEB_65616_1,"SoP to LWSS from Bhagaru Khad to Talosh in GP Majhiwar, Deola and Gumma Phase-Ist, 2nd Stage in Electrical Section Gumma under Electrical Sub Division HPSEBL, Mashobra",HPSEBL||CE(OP) South||SE(OP) Shimla,2519598.0,2242442.0,-11.0
2022_HPSEB_65606_1,"SoP to LWSS from Bhagaru Khad to Talosh in GP Majhiwar, Deola nd Gumma (Phase-I Booster stage and Ist stage) WTP to Sorag side vol-I Phase-II Ist Stage in ES Gumma under ESD, HPSEBL, Mashobra",HPSEBL||CE(OP) South||SE(OP) Shimla,2628379.0,2339257.0,-11.0
2022_HPSEB_65594_1,38-2022-23,HPSEBL||CE(OP) South||SE(OP) Solan,1270721.0,1027378.0,-19.15
2022_HPSEB_65546_2,"Augmentation of 33KV XLPE cable of 33KV HT Anu-Rangas feeder to provide SOP to RKGMC, Jol-Sapper under Electrical Division HPSEBL, Nadaun (Deposit).",HPSEBL||CE(OP) CZ Mandi||SE(OP) Hamirpur,1690000.0,2225847.0,31.707
2022_HPSEB_65513_1,Tender for Supply of power to HPMC Subzi Mandi at Tapri by,HPSEBL||CE(OP) South||SE(OP) Rampur,1766900.0,1589326.0,-10.05
2022_HPSEB_65505_1,HPSEBL/OCK/NIT-12/2022-23,HPSEBL||CE(OP) CZ Mandi||SE(OP) Kullu,6854095.0,6309193.0,-7.95
2022_HPSEB_65503_1,OCU-17/2022-23,HPSEBL||CE (OP) North||SE (OP) Una,1455196.0,1204902.0,-17.2
2022_HPSEB_65502_1,HPSEBL/OCK/NIT-11,HPSEBL||CE(OP) CZ Mandi||SE(OP) Kullu,5445155.0,5012263.0,-7.95
2022_HPSEB_65498_1,HPSEBL/OCK/NIT-10,HPSEBL||CE(OP) CZ Mandi||SE(OP) Kullu,2008940.0,1828132.0,-9.0
2022_HPSEB_65497_1,"Construction of HT lines to interlink the existing lines with the 33/11KV Sub-Station, Lambloo at Gasota on partial turnkey basis under under ESD Lambloo (ED Hamirpur) (SI Scheme).",HPSEBL||CE(OP) CZ Mandi||SE(OP) Hamirpur,1151000.0,1269097.0,10.26
2022_HPSEB_65492_1,"Replacement of old / obsolete switchgear equipment /defective parts ofequipment 2x3.15MVA, 33/11KV Sub-Station, Galore on partial turnkey basis under ESD Galore (ED Nadaun) (SI Scheme).",HPSEBL||CE(OP) CZ Mandi||SE(OP) Hamirpur,3393000.0,3750846.0,10.547
2022_HPSEB_65486_1,"Construction 400KVA, 11/0.4KV Sub-Station a/w 11KV 4 Pole Structure and 3Phase LT Line to provide SOP to Mini Secretariat building at Sujanpur on partial turnkey basis under ESD Sujanpur (ED Hamirpur) (Deposit).",HPSEBL||CE(OP) CZ Mandi||SE(OP) Hamirpur,2430000.0,2683134.0,10.417
2022_HPSEB_65331_1,DB-Tender/No-02(63kVA S/Stn with HT/LT Satal)/2022-23.,HPSEBL||CE(OP) South||SE(OP) Shimla||Sr. Xen (E) Theog,762898.0,754765.0,-1.066
2022_HPSEB_65330_1,DB-Tender/No-02(63kVA S/Stn with HT/LT Barau)/2022-23.,HPSEBL||CE(OP) South||SE(OP) Shimla||Sr. Xen (E) Theog,825029.0,759027.0,-8.0
2022_HPSEB_65317_4,DB-Tender/No-02(63kVA S/Stn with HT/LT Nagan)/2022-23.,HPSEBL||CE(OP) South||SE(OP) Shimla||Sr. Xen (E) Theog,742399.0,631039.0,-15.0
2022_HPSEB_65312_1,DED128/2022-23,HPSEBL||CE (OP) North||SE (OP) Kangra||Sr. Xen Dharamshala,546486.0,461180.0,-15.61
2022_HPSEB_65232_1,"Estimate for Providing 22 KV HT Line to proposed 63 KVA , 22/0.4 KV S/Stn at village Shall under ESD , HPSEB,Ltd. Nihri . T.S No.-128/2022-23 S/Amt.-11,81,305 /- WBS No.-32100136-001-SNR-HT-035 , Estimate for Providing 63 KVA ,22/0.4 KV S/St",HPSEBL||CE(OP) CZ Mandi||SE(OP) Bilaspur||Sr. Xen (S/Nagar),997236.0,796151.0,-20.164
2022_HPSEB_65228_1,Estimate for Shifting of 11 KV HT line nerchowk feeeder LT line (Bhangrotu Spur line ) for construction of Veterinary building at Bhangrotu Tehsil Balh Distt. Mandi HP O/O AE HPPWD Nerchowk Substation Chakkar in (E ) section Nerchowk under ESD Nerch,HPSEBL||CE(OP) CZ Mandi||SE(OP) Bilaspur||Sr. Xen (S/Nagar),250772.0,220679.0,-12.0
2022_HPSEB_65211_1,Replacement of lengthy services by providing overhead LT line from various DTRs in Electrical section Shat under ESD HPSEBL Bhuntar,HPSEBL||CE(OP) CZ Mandi||SE(OP) Kullu||Sr. Xen (E) Kullu,232007.0,194886.0,-16.0
2022_HPSEB_65204_1,"SOP to M/S Summit Digital Infrastructure Pvt. Ltd by augumentation of 63KVA, 11/0.4KV to 100KVA, 11/0.4KV DTR Talogi -II in (E) Section Kharahal under ESD No. II HPSEBL Kullu",HPSEBL||CE(OP) CZ Mandi||SE(OP) Kullu||Sr. Xen (E) Kullu,236280.0,207927.0,-12.0
2022_HPSEB_65197_1,Supply of Power to APMC Sub Market Yard Shat by providing 100KVA 11/0.4KV DTR at Shat in E section Shat under ESD HPSEBL Bhuntar,HPSEBL||CE(OP) CZ Mandi||SE(OP) Kullu||Sr. Xen (E) Kullu,665411.0,608851.0,-8.5
2022_HPSEB_65192_1,Supply of power to APMC Sub Market Yard Bandrol by providing 250KVA 11/0.4KV DTR at Sabji Mandi Bandrol in Electrical section Babeli under ESD No II HPSEBL Kullu,HPSEBL||CE(OP) CZ Mandi||SE(OP) Kullu||Sr. Xen (E) Kullu,994756.0,904333.0,-9.09
2022_HPSEB_65177_1,"Construction of 22 KV H.T Interlinking Feeder from Bijmal to tapping point at Aar in (E ) Section HPSEBL, Nerwa under ESD Nerwa",HPSEBL||CE(OP) South||SE(OP) Shimla,2159833.0,1879055.0,-13.0
2022_HPSEB_65173_1,"Loading, unloading and carriage of 10 MVA 3 phase power transformer and carriage of the same from MT lab Sundar Nagar to 33/11 KV S/Stn. Maliana Shimla via baddi route and installation of 10 MVA three phase power transformer at 33/11 KV S/STn. Mal",HPSEBL||CE(OP) South||SE(OP) Shimla,554600.0,543508.0,-2.0
2022_HPSEB_65121_1,OCU-16/2022-23,HPSEBL||CE (OP) North||SE (OP) Una,1760270.0,1496230.0,-15.0
2022_HPSEB_65109_1,33-2022-23,HPSEBL||CE(OP) South||SE(OP) Solan,1506413.0,1153008.0,-23.46
2022_HPSEB_65092_1,30-2022-23,HPSEBL||CE(OP) South||SE(OP) Solan,625403.0,437782.0,-30.0
2022_HPSEB_65087_1,29-2022-23,HPSEBL||CE(OP) South||SE(OP) Solan,349419.0,244593.0,-30.0
2022_HPSEB_65053_1,28-2022-23,HPSEBL||CE(OP) South||SE(OP) Solan,556637.0,400778.0,-28.0
2022_HPSEB_65005_1,HPSEBL/ESCH-03/2022-23,HPSEBL||CE(ES) Hamirpur||SE(ES) Hamirpur,2298582.0,2837198.0,23.433
2022_HPSEB_64883_1,"Construction of 22 KV HT Express feeder from Jhikanipul Nar to Ghurla tapping point under Electrical Sub Division HPSEBL, Nerwa.",HPSEBL||CE(OP) South||SE(OP) Shimla,3053526.0,2725272.0,-10.75
2022_HPSEB_64882_1,"Providing LT Extension to leftout houses from exisitng 25 KVA S/Stn Chhandog 25 KVA Seri Kothi in (E) section Slapper-2d under ESD , HPSEB,Ltd. Slapper . T.S-147/2022-23 S/Amt.-8,66,263 /- WBS-32100235-001-SNR-LT-170.",HPSEBL||CE(OP) CZ Mandi||SE(OP) Bilaspur||Sr. Xen (S/Nagar),290724.0,258728.0,-11.006
2022_HPSEB_64881_1,"Estimate for providing augmentation of exisitng 100 KVA ,11/0.4 S/Stn Nihri-1st to 250 KVA ,11/0.4 KV in (E) section Nihri-1st under ESD Nihri T.S-No.-139/2022-23 S/At-8,90,585 /- only WBS-32100235-001-SNR-S/S-085 Estimate for augmentation of",HPSEBL||CE(OP) CZ Mandi||SE(OP) Bilaspur||Sr. Xen (S/Nagar),396493.0,308953.0,-22.079
2022_HPSEB_64880_1,"Estimate for Providing 11 KV HT Line to proposed 63 KVA , 11/0.4 KV S/Stn at village Maloh under ESD , HPSEB,Ltd. Slapper. T.S No.-194 /2022-23 S/Amt.-2,09,280 /- WBS No.- , Estimate for Providing 63 KVA ,11/0.4 KV S/Stn at village Maloh",HPSEBL||CE(OP) CZ Mandi||SE(OP) Bilaspur||Sr. Xen (S/Nagar),359549.0,319949.0,-11.014
2022_HPSEB_64879_1,"Estimate for Providing 63 KVA ,22/0.4 KV S/Stn at village Kathain under ESD , HPSEB,Ltd. Nihri. T.S No.-177/2022-23 S/Amt.-5,67,056 /- WBS No.32100235-001-SNR-S/S-093 Estimate for Prov. Re-Organisation of LT Distribution System from prop",HPSEBL||CE(OP) CZ Mandi||SE(OP) Bilaspur||Sr. Xen (S/Nagar),431601.0,351323.0,-18.6
2022_HPSEB_64877_1,"Estimate for Providing 22 KV HT Line to proposed 63 KVA , 22/0.4 KV S/Stn at village Kathain under ESD , HPSEB,Ltd. Nihri . T.S No.-178/2022-23 S/Amt.-7,27,559 /- WBS No.-32100235-001-SNR-HT-038",HPSEBL||CE(OP) CZ Mandi||SE(OP) Bilaspur||Sr. Xen (S/Nagar),297225.0,234659.0,-21.05
2022_HPSEB_64876_1,"Providing 11 KV HT Line to proposed 63 KVA , 11/0.4 KV S/Stn at village Ropa under ESD , HPSEB,Ltd. Sundernagar. T.S No.-174 /2022-23 S/Amt.-1,21,596 /- WBS No.-32100235-001-SNR-HT-037 , Estimate for Providing 63 KVA ,11/0.4 KV S/Stn at vi",HPSEBL||CE(OP) CZ Mandi||SE(OP) Bilaspur||Sr. Xen (S/Nagar),262758.0,228598.0,-13.001
2022_HPSEB_64875_1,"Providing 63 KVA ,11/0.4 KV S/Stn at village Palace Colony under ESD , HPSEB,Ltd.Sundernagar . T.S No.-163/22022-23 S/Amt.-4,51,737 /- WBS No.- Estimate for Prov. Re-Organisation of LT Distribution System from proposed",HPSEBL||CE(OP) CZ Mandi||SE(OP) Bilaspur||Sr. Xen (S/Nagar),313955.0,266603.0,-15.082
2022_HPSEB_64874_1,"Estimate for Providing 11 KV HT Line to proposed 63 KVA , 11/0.4 KV S/Stn at village Palace Colony under ESD , HPSEB,Ltd. Sundernagar. T.S No.-163 /2022-23 S/Amt.-4,51,737 /- WBS No.-",HPSEBL||CE(OP) CZ Mandi||SE(OP) Bilaspur||Sr. Xen (S/Nagar),205622.0,174779.0,-15.0
2022_HPSEB_64859_1,"-Estimate for Providing 11 KV HT Line to proposed 63 KVA , 11/0.4 KV S/Stn at village Khurahal under ESD , HPSEB,Ltd. Slapper. T.S No.-109 /2022-23 S/Amt.-2,11,277 /- WBS No.-32100235-001-SNR-HT-033 Estimate for Providing 63 KVA ,11/0.4 KV",HPSEBL||CE(OP) CZ Mandi||SE(OP) Bilaspur||Sr. Xen (S/Nagar),492735.0,404043.0,-18.0
2022_HPSEB_64854_1,"Estimate for Providing 22 KV HT Line to proposed 63 KVA , 22/0.4 KV S/Stn at village Sainji Kothi under ESD , HPSEB,Ltd. Sundernagar . T.S No.-105/2022-23 S/Amt.-8,28,570 /- WBS No.-32100136-001-SNR-HT-034",HPSEBL||CE(OP) CZ Mandi||SE(OP) Bilaspur||Sr. Xen (S/Nagar),331987.0,292148.0,-12.0
2022_HPSEB_64838_1,"Estimate for Providing 63 KVA ,22/0.4 KV S/Stn at village Kuthhed under ESD , HPSEB,Ltd. Nihri. T.S No.-103/2022-23 S/Amt.-6,62,274 /- WBS No.-332100136-001-SNR-DTR-033 Estimate for Prov. Re-Organisation of LT Distribution System from prop",HPSEBL||CE(OP) CZ Mandi||SE(OP) Bilaspur||Sr. Xen (S/Nagar),361824.0,282044.0,-22.049
2022_HPSEB_64837_1,"Estimate for Providing 22 KV HT Line to proposed 63 KVA , 22/0.4 KV S/Stn at village Kuthhed under ESD , HPSEB,Ltd. Nihri . T.S No.-102/2022-23 S/Amt.-5,95,380 /- WBS No.-32100136-001-SNR-HT-033",HPSEBL||CE(OP) CZ Mandi||SE(OP) Bilaspur||Sr. Xen (S/Nagar),249137.0,194391.0,-21.974
2022_HPSEB_64833_1,"Estimate for Providing 63 KVA ,22/0.4 KV S/Stn at village Dharla under ESD , HPSEB,Ltd. SNihri. T.S No.-100/2022-23 S/Amt.-6,68,596 /- WBS No.-332100136-001-SNR-DTR-032 Estimate for Prov. Re-Organisation of LT Distribution System from propo",HPSEBL||CE(OP) CZ Mandi||SE(OP) Bilaspur||Sr. Xen (S/Nagar),439762.0,333956.0,-24.06
2022_HPSEB_64832_2,"SoP to Thali-Satlog multivillage piped water scheme of IPH Deptt. In Vill-Thalli by providing proposed 100 KVA, 22/0.4 KV S/Stn. Under ESD, Sunni",HPSEBL||CE(OP) South||SE(OP) Shimla,1802450.0,1672674.0,-7.2
2022_HPSEB_64798_2,"Tender for the work, Aug. of 33/11 KV,1x6.3 MVA S/Stn with 2x6.30 MVA S/Stn at Swarghat by prov. addl. 33/11 KV, 1x 6.3 MVA Trf. A.w allied equipments for the upcoming load for construction works of Tunnels, Bridges and Formulation works of Bhanupall",HPSEBL||CE(OP) CZ Mandi||SE(OP) Bilaspur,5855684.0,5153002.0,-12.0
2022_HPSEB_64692_1,PED-55/2022-23,HPSEBL||CE (OP) North||SE (OP) Kangra||Sr. Xen Palampur,738024.0,639866.0,-13.3
2022_HPSEB_64667_1,OCU-15/2022-23,HPSEBL||CE (OP) North||SE (OP) Una,3413771.0,2621629.0,-23.204
2022_HPSEB_64632_1,PED-54/2022-23,HPSEBL||CE (OP) North||SE (OP) Kangra||Sr. Xen Palampur,392371.0,347463.0,-11.445
2022_HPSEB_64584_2,OCU-14/2022-23,HPSEBL||CE (OP) North||SE (OP) Una,1255056.0,1009692.0,-19.55
2022_HPSEB_64580_1,"SOP to JSV, LIS Chuhan from Katal by Prov. 11/.4 KV 250 KVA S/Stn. a/w 11 KV HT and LT line section Naini Khad under ESD Bakloh ED Dalhousie",HPSEBL||CE (OP) North||SE (OP) Dalhousie,2549573.0,2549573.0,0.0
2022_HPSEB_64551_1,"Tender for the work, Providing SOP on 22 KV to LWSS Group of Panchayats Sojha , Boi, Bandli and Dhanyara , Tehsil Nihri under ESD ,HPSEB,Ltd. Nihri NIT 13 2022 23",HPSEBL||CE(OP) CZ Mandi||SE(OP) Bilaspur,7094735.0,6988314.0,-1.5
2022_HPSEB_64500_1,OCU-13/2022-23,HPSEBL||CE (OP) North||SE (OP) Una,2501648.0,2304017.0,-7.9
2022_HPSEB_64443_1,OCU-12/2022-23,HPSEBL||CE (OP) North||SE (OP) Una,1587751.0,1516308.0,-4.5
2022_HPSEB_64400_1,OCU-11/2022-23,HPSEBL||CE (OP) North||SE (OP) Una,740257.0,645505.0,-12.8
2022_HPSEB_64395_1,OCU-10/2022-23,HPSEBL||CE (OP) North||SE (OP) Una,860448.0,732241.0,-14.9
2022_HPSEB_64394_1,"Construction 63KVA, 11/0.4KV S/Stn.a/w 11KV HT and LT line to provide SOP JSV Tubewell sites at Ropari for adjoining Harijan Basties on partial turnkey basis under ESD Bhota (ED Barsar) (Deposit).",HPSEBL||CE(OP) CZ Mandi||SE(OP) Hamirpur,1452000.0,1589180.0,9.448
2022_HPSEB_64386_1,SOP to LWSS Lowerkoti Stage-II,HPSEBL||CE(OP) South||SE(OP) Rohru,1472469.0,1413570.0,-4.0
2022_HPSEB_64384_3,22/.4KV 63kVA S/Stn with HT LT line Kunch Karyali,HPSEBL||CE(OP) South||SE(OP) Shimla||Sr. Xen (E) Theog,511577.0,524366.0,2.5
2022_HPSEB_64382_1,SOP to LWSS Dharkuli Stage-I,HPSEBL||CE(OP) South||SE(OP) Rohru,1824418.0,1591257.0,-12.78
2022_HPSEB_64371_1,SOP to LWSS Jhaltu stage-II,HPSEBL||CE(OP) South||SE(OP) Rohru,1100403.0,1045383.0,-5.0
2022_HPSEB_64361_1,SEOP33/2022-23,HPSEBL||CE (OP) North||SE (OP) Kangra,924697.0,970749.0,4.98
2022_HPSEB_64360_1,SEOP32/2022-23,HPSEBL||CE (OP) North||SE (OP) Kangra,1265928.0,1272253.0,0.5
2022_HPSEB_64357_1,SEOP31/2022-23,HPSEBL||CE (OP) North||SE (OP) Kangra,944059.0,963884.0,2.1
2022_HPSEB_64354_1,SEOP30/2022-23,HPSEBL||CE (OP) North||SE (OP) Kangra,1753662.0,1736125.0,-1.0
2022_HPSEB_64353_1,SEOP29/2022-23,HPSEBL||CE (OP) North||SE (OP) Kangra,1308762.0,1231676.0,-5.89
2022_HPSEB_64276_1,OCU-08/2022-23,HPSEBL||CE (OP) North||SE (OP) Una,3199520.0,2991551.0,-6.5
2022_HPSEB_64267_1,OCU-07/2022-23,HPSEBL||CE (OP) North||SE (OP) Una,1202624.0,1107616.0,-7.9
2022_HPSEB_64054_1,26-2022-23,HPSEBL||CE(OP) South||SE(OP) Solan,646150.0,419997.0,-35.0
2022_HPSEB_64050_1,25-2022-23,HPSEBL||CE(OP) South||SE(OP) Solan,1257128.0,917703.0,-27.0
2022_HPSEB_64015_1,Relay,HPSEBL||CE(ES) Hamirpur||SE(Design) Hamirpur,8251000.0,4049990.0,-50.915
2022_HPSEB_63835_2,Tender for Supply/Erection of for Chanju-III HEP (48MW) in ES Nakror ESD Tissa for SOP to (i) 63 KVA S/Stn. a/w HT line for Adit-II (ii) 63 KVA S/Stn. a/w HT line for Adit-III,HPSEBL||CE (OP) North||SE (OP) Dalhousie,1411468.0,1256206.0,-11.0
2022_HPSEB_63826_2,SOP to Chanju-IIIHEP (48MW) 400 kVA and 100 kVA S/Stn a/w HT Lines,HPSEBL||CE (OP) North||SE (OP) Dalhousie,2618474.0,2330441.0,-11.0
2022_HPSEB_63783_1,"Shifting /re-routing of 22KV New Kinnaur feeder from 66/22KV sub-station Nathpa to Wangtoo, under ESD HPSEBL Tapri .",HPSEBL||CE(OP) South||SE(OP) Rampur,871927.0,696494.0,-20.12
2022_HPSEB_63772_1,"Supply of power to Aug. of WSS Karshaigad, Degerh in CV Karshaigad and Bishladhar in Anni Block Distt.Kullu (HP) from Lagouti khad to Karshala stage-Ist and IInd in (E) section Showad Under ESD Anni.",HPSEBL||CE(OP) South||SE(OP) Rampur,3121260.0,2931737.0,-6.072
2022_HPSEB_63637_1,SEES/SHIMLA-306/2022-23,HPSEBL||CE(ES) Hamirpur||SE(ES) Shimla,813716.0,724065.0,-11.017
2022_HPSEB_63565_1,OCU-05/2022-23,HPSEBL||CE (OP) North||SE (OP) Una,1323509.0,1382078.0,4.425
2022_HPSEB_63539_1,CEON-DEP-18/2022-23,HPSEBL||CE (OP) North,8249439.0,8495684.0,2.985
2022_HPSEB_63463_1,CEON-DEP-17/2022-23,HPSEBL||CE (OP) North,4791920.0,6102990.0,27.36
2022_HPSEB_63460_1,SOP to Newly constructed Govt. Civil Hospital Building at Bharmour by Prov. 11/.4 KV 400 KVA S/Stn. a/w 11 KV HT and LT line section Bharmour-I under ESD Bharmour ED Chamba,HPSEBL||CE (OP) North||SE (OP) Dalhousie,1714630.0,1999713.0,16.627
2022_HPSEB_63459_1,SOP to Pt. JLNGMC Hospital Chamba by Prov. 11/.4 KV 250 KVA S/Stn. a/w LT line at TB Hospital section Cityunder ESD Chamba-I ED Chamba,HPSEBL||CE (OP) North||SE (OP) Dalhousie,1031527.0,845852.0,-18.0
2022_HPSEB_63458_1,CEON-DEP-16/2022-23,HPSEBL||CE (OP) North,22532299.0,21219303.0,-5.827
2022_HPSEB_63433_1,"SOP to JSV, LWSS census Vill. Kulera Gaghar, Sadal,, Saloh and Adjoining Area in GP Raipur, Sadal Jatroon in Tehsil Bhatiyat by Prov. 11/.4 KV 250 KVA S/Stn. a/w 11 KV HT and LT line in section Chowari under ESD Chowari ED Dalhousie",HPSEBL||CE (OP) North||SE (OP) Dalhousie,1707254.0,1417021.0,-17.0
2022_HPSEB_63396_1,"Construction 1x 630KVA and 5x25KVA, 11/0.4KV Sub-Stations a/w associated 11KV HT and LT Line to provide SOP to LWSS Jawalamukhi town temple and surrounding areas on partial turnkey basis under ESD No.2 HPSEBL, Jawalamukhi (ED Jawalamukhi)(Deposit).",HPSEBL||CE(OP) CZ Mandi||SE(OP) Hamirpur,6120000.0,5147534.0,-15.89
2022_HPSEB_63201_2,CEON-SI-12/2022-23,HPSEBL||CE (OP) North,8464079.0,7496453.0,-11.432
2022_HPSEB_63135_1,OCU-04/2022-23,HPSEBL||CE (OP) North||SE (OP) Una,1485042.0,1551578.0,4.48
2022_HPSEB_63103_1,"Construction 2x250KVA,11/0.4KV S/Stn. a/w HT metering equipment to provide SOP to functional houses hold tap connections under Jal Jivan Mission of Bhoranj constituency on partial turnkey basis under ED HPSEBL, Hamirpur.(Deposit)",HPSEBL||CE(OP) CZ Mandi||SE(OP) Hamirpur,2072000.0,2279652.0,10.022
2022_HPSEB_63093_1,24-2022-23,HPSEBL||CE(OP) South||SE(OP) Solan,3994273.0,3271310.0,-18.1
2022_HPSEB_63022_1,Tender for providing 100 KVA 33 0.4 KV Station Transformer at 33 11 KV Sainj Substation under ESD Larji,HPSEBL||CE(OP) CZ Mandi||SE(OP) Kullu||Sr. Xen (E) Thalaut,703988.0,735491.0,4.475
2022_HPSEB_63021_1,"Tender for the work Providing SOP to LWSS Behna Khad to Balidhar Sanarli and Gowalpur Teban Sarahan in Tehsil Karsog Distt. Mandi H.P Phase 2nd Under ESD HPSEBL , Seri NIT 10 2022 23",HPSEBL||CE(OP) CZ Mandi||SE(OP) Bilaspur,4882213.0,5649100.0,15.708
2022_HPSEB_63018_1,"Tender for the work Providing SOP to LWSS Behna Khad to Balidhar, Sanarli and Gowalpur, Teban, Sarahan Under E Sub Division HPSEBL, Chhatri. NIT 09 2022 23",HPSEBL||CE(OP) CZ Mandi||SE(OP) Bilaspur,5103730.0,5382930.0,5.471
2022_HPSEB_63017_1,Tender for Prov 11 KV HT Line Delta formation to the proposed 11KV 400 V 63 KVA SubStation Jamala in E Section Gushaini under ESD Banjar,HPSEBL||CE(OP) CZ Mandi||SE(OP) Kullu||Sr. Xen (E) Thalaut,722017.0,620935.0,-14.0
2022_HPSEB_62993_1,"Construction of 2x630KVA,11/0.4KV S/Stn. a/w 3Phase LT lines and HT metering equipment at Bajahar on partial turnkey basic under ESD HPSEBL, Sujanpur(ED Hamirpur) (Deposit).",HPSEBL||CE(OP) CZ Mandi||SE(OP) Hamirpur,4182000.0,4918412.0,17.609
2022_HPSEB_62935_2,"Construction 1x250kVA and 3x25kVA 11/0.4KV Sub-Stations a/w 11KV HT Line Construction 1x250kVA and 3x25kVA 11/0.4KV S/Stn. a/w 11KV HT and LT Line to provide SOP to water source level improvement and augmentation of various LWSS under ED, Jawalamukhi",HPSEBL||CE(OP) CZ Mandi||SE(OP) Hamirpur,4363000.0,4786193.0,9.7
2022_HPSEB_62884_1,23-2022-23,HPSEBL||CE(OP) South||SE(OP) Solan,1252175.0,885288.0,-29.3
2022_HPSEB_62882_1,22-2022-23,HPSEBL||CE(OP) South||SE(OP) Solan,6626931.0,5450651.0,-17.75
2022_HPSEB_62847_1,CEON-DEP-11/2022-23,HPSEBL||CE (OP) North,9808019.0,9855588.0,0.485
2022_HPSEB_62704_1,OCU-03/2022-23,HPSEBL||CE (OP) North||SE (OP) Una,1077395.0,980430.0,-9.0
2022_HPSEB_62688_1,21-2022-23,HPSEBL||CE(OP) South||SE(OP) Solan,629877.0,464849.0,-26.2
2022_HPSEB_62684_1,20-2022-23,HPSEBL||CE(OP) South||SE(OP) Solan,902821.0,666282.0,-26.2
2022_HPSEB_62627_1,HPSEBL/ESCH-02/2022-23,HPSEBL||CE(ES) Hamirpur||SE(ES) Hamirpur,3383551.0,3217131.0,-4.919
2022_HPSEB_62492_1,19-2022-23,HPSEBL||CE(OP) South||SE(OP) Solan,634167.0,474991.0,-25.1
2022_HPSEB_62490_1,18-2022-23,HPSEBL||CE(OP) South||SE(OP) Solan,656791.0,491280.0,-25.2
2022_HPSEB_62446_1,Construction of 33KV D/C line to proposed 33/11KV Sub-Station Rit (Jalari) on partial turnkey basis under ESD Nadaun (ED Nadaun) (Deposit).,HPSEBL||CE(OP) CZ Mandi||SE(OP) Hamirpur,1415000.0,1343788.0,-5.033
2022_HPSEB_62421_1,17-2022-23,HPSEBL||CE(OP) South||SE(OP) Solan,3613424.0,3252082.0,-10.0
2022_HPSEB_62339_1,"Augmentation of 33/11KV Sub-Station, Rangas with 2x3.15MVA, 11/33KV Power transformers and terminal equipment on partial turnkey basis under ESD Rangas (ED Nadaun) (SI Scheme).",HPSEBL||CE(OP) CZ Mandi||SE(OP) Hamirpur,3357000.0,2492709.0,-25.746
2022_HPSEB_62321_1,Supply Erection Testing and Commissioning of DTR and 11 KV HT Line for fabrication yard at Uhl-III HEP Chullah,HPSEBL||MD BVPCL Jogindernagar||SE (E),1539475.0,1350890.0,-12.25
2022_HPSEB_62121_1,"Survey, design, erection, testing and commissioning of 33 KV Single circuit line on double pole structure in Dog/100mm2)/ACSR 6/1/4.72 conductor along with terminal equipment at Kalkhar and Khudla end in ED Sarkaghat under Op Circle HPSEBL Mandi",HPSEBL||CE(OP) CZ Mandi,20499750.0,19477652.0,-4.986
2022_HPSEB_62055_1,SOP to Sewerage Water Plant at Chowari Town by Prov. 11/.4 KV 250 KVA S/Stn. a/w 11 KV HT and LT line section Chowari-II under ESD Chowari ED Dalhousie,HPSEBL||CE (OP) North||SE (OP) Dalhousie,1288327.0,1093016.0,-15.16
2022_HPSEB_62052_1,SOP to Indian Meteorological Department by Prov. 11/.4 KV 63 KVA S/Stn. a/w 11 KV HT and LT line for Doppler Weather Raddar at Vill. Jot in section Chowari-I under ESD Chowari,HPSEBL||CE (OP) North||SE (OP) Dalhousie,771612.0,685886.0,-11.11
2022_HPSEB_62046_1,"Tender for Supply of equipment material , design, erection, testing comm. for SOP to JSV, LIS near Phina Singh Project by Prov. 250 KVA S.Stn. a.w 11 KV HT and LT line section Lahru under ESD Chowari ED Dalhousie",HPSEBL||CE (OP) North||SE (OP) Dalhousie,1255126.0,1064851.0,-15.16
2022_HPSEB_61963_1,Tender for the work Prov. 11KV HT Link line to connect existing 11 KV Jhandutta old Talai Balsheena feeder at Rapped and 11 KV link line D C from six pole structure at to Mohin from proposed 33 11 KV 2X3.15 MVA S stn Berthin under ESD Berthin,HPSEBL||CE(OP) CZ Mandi||SE(OP) Bilaspur,5117021.0,3938362.0,-23.034
2022_HPSEB_61961_1,Tender for the work Prov. 11KV D C HT Link Line Berthin to Sunhani and Berthin to Kapahra upto prop. Four pole structure and D C H.T. line Berthin local and Berthin to Chatt Karloti near HPPWD Office Berthin and 11 KV SC Link Line Berthin to Kapahra,HPSEBL||CE(OP) CZ Mandi||SE(OP) Bilaspur,2812354.0,2179574.0,-22.5
2022_HPSEB_61885_1,15-2022-23,HPSEBL||CE(OP) South||SE(OP) Solan,741631.0,526558.0,-29.0
2022_HPSEB_61884_1,14-2022-23,HPSEBL||CE(OP) South||SE(OP) Solan,1466715.0,968032.0,-34.0
2022_HPSEB_61882_1,13-2022-23,HPSEBL||CE(OP) South||SE(OP) Solan,1305972.0,1044125.0,-20.05
2022_HPSEB_61881_1,12-2022-23,HPSEBL||CE(OP) South||SE(OP) Solan,1133890.0,895773.0,-21.0
2022_HPSEB_61876_1,11-2022-23,HPSEBL||CE(OP) South||SE(OP) Solan,776190.0,573992.0,-26.05
2022_HPSEB_61788_1,"Tender for the work Providing SOP to LWSS GP Chowk , Mahadev, Chambi , Upper Bhli , Palohta , Jaidevi and Bhalana in Tehsil Sundernagar having pump house at village Dhamol GP Lower Behli , village Shilnu GP Jaidevi and near Forest rest house in GP",HPSEBL||CE(OP) CZ Mandi||SE(OP) Bilaspur,5458554.0,5044222.0,-7.591
2022_HPSEB_61782_1,Tender for the work Providing reliable supply to LWSS AIIMS at Kasol by Bifurcation of existing 11 KV HP Area No.-2 Feeder from exisitng 33/11 KV S Stn Slapper to Dhawal in E section Slapper-2nd under ESD Slapper. NIT 04 2022-23,HPSEBL||CE(OP) CZ Mandi||SE(OP) Bilaspur,3088196.0,3964552.0,28.378
2022_HPSEB_61774_1,SEOP17/2022-23,HPSEBL||CE (OP) North||SE (OP) Kangra,662340.0,576236.0,-13.0
2022_HPSEB_61770_1,SEOP16/2022-23,HPSEBL||CE (OP) North||SE (OP) Kangra,785814.0,683658.0,-13.0
2022_HPSEB_61766_1,SEOP15/2022-23,HPSEBL||CE (OP) North||SE (OP) Kangra,7405909.0,6998584.0,-5.5
2022_HPSEB_61759_1,"SOP to NEW CAMP DEEPAK PROJECT AT HARINAGAR (Near Chakkar Barrier) Shimla (2x250 kVA, 11/0.433 kV Sub Station) in Electrical Section Ghora Chowki under City Electrical Sub-Division, HPSEB Ltd., Boileauganj, Shimla-5 under City Electrical Division, HP",HPSEBL||CE(OP) South||SE(OP) Shimla,4333380.0,3983893.0,-8.065
2022_HPSEB_61710_1,Construction of 2 Nos. 132 kV Feeder Bays,HPSEBL||CE(ES) Hamirpur||SE(Design) Hamirpur,37758000.0,36579188.0,-3.122
2022_HPSEB_61704_1,"Tender for Repair Overhauling of damaged 01 No. 132_33kV, 25/31.5 MVA Three Phase Power Transformer lying at 132/33 kV Sub-Station, HPSEBL, Maliana Distt.- Shimla and Installation and Commissioning after repair at 132/33 kV Sub-Station, Maliana",HPSEBL||CE(ES) Hamirpur||SE(Design) Hamirpur,7500000.0,7328199.0,-2.291
2022_HPSEB_61691_1,10-2022-23,HPSEBL||CE(OP) South||SE(OP) Solan,4609902.0,3445902.0,-25.25
2022_HPSEB_61689_1,09-2022-23,HPSEBL||CE(OP) South||SE(OP) Solan,1448877.0,1075791.0,-25.75
2022_HPSEB_61655_1,OCU-01/2022-23,HPSEBL||CE (OP) North||SE (OP) Una,1017111.0,966256.0,-5.0
2022_HPSEB_61622_1,"Tender for Supply of equipment / material , design, erection, testing comm. for SOP to T/Well Golwan by Prov. 100 KVA S/Stn. a/w 11 KV HT section Kher under ESD Rehan ED Fatehpur",HPSEBL||CE (OP) North||SE (OP) Dalhousie,903803.0,758291.0,-16.1
2022_HPSEB_61620_1,SOP to T/Well Thathi Baroon (C/O 15 No. T/Well) by Prov. 100 KVA S/Stn. a/w 11 KV HT section Indpur under ESD Indora,HPSEBL||CE (OP) North||SE (OP) Dalhousie,1249423.0,1049391.0,-16.01
2022_HPSEB_61613_1,FIRE PROTECTION WORKS OF FIVE STOREY CAFETERIA BUILDING AT LARJI(DISTT. KULL) UNDER NRNM SCHEME OF GOHP,HPSEBL||CE(Project-cum-ARB) Shimla||SE (PLG) Mandi,3851819.0,3242037.0,-15.831
2022_HPSEB_61610_1,"Tender for Supply of equipment / material , design, erection, testing comm. for SOP to T/Well Raja Khasa Bhuri (C/O 15 No. T/Well) by Prov. 63 KVA S/Stn. a/w 11 KV HT section Indpur under ESD Indora ED Fatehpur",HPSEBL||CE (OP) North||SE (OP) Dalhousie,1347168.0,1129601.0,-16.15
2022_HPSEB_61588_1,PED-16/2022-23,HPSEBL||CE (OP) North||SE (OP) Kangra||Sr. Xen Palampur,903048.0,765332.0,-15.25
2022_HPSEB_61578_1,SOP to LWSS Bhalawag Teer and its adjoining village in GP Janedghat/Bharech in Tehsil and District Shimla Ist and 2nd Stage in Electrical Section Koti under Electrical Sub Division HPSEBL Junga,HPSEBL||CE(OP) South||SE(OP) Shimla,4689567.0,4361298.0,-7.0
2022_HPSEB_61569_1,SEOP13/2022-23,HPSEBL||CE (OP) North||SE (OP) Kangra,1154519.0,1078205.0,-6.61
2022_HPSEB_61546_1,SEOP11/2022-23,HPSEBL||CE (OP) North||SE (OP) Kangra,658279.0,639979.0,-2.78
2022_HPSEB_61508_1,SEOP 09/2022/23,HPSEBL||CE (OP) North||SE (OP) Kangra,953937.0,856636.0,-10.2
2022_HPSEB_61473_1,SOP to Jal Shakti Vibhag for T/Well at Vill. Indpur Dhantol at by Prov. 63 KVA S/Stn. a/w 11 KV HT in section Indpur ESD Indora ED Fatehpur,HPSEBL||CE (OP) North||SE (OP) Dalhousie,550613.0,456458.0,-17.1
2022_HPSEB_61468_1,SOP to Jal Shakti Vibhag for LWSS Ghamiri under drout hit area in Nurpur Constituency by Prov. 100 KVA S/Stn. a/w 11 KV HT and CT/PT etc. in section Bhadwar ESD Nurpur ED Nurpur,HPSEBL||CE (OP) North||SE (OP) Dalhousie,3211049.0,2532233.0,-21.14
2022_HPSEB_61325_1,"Construction 100KVA, 11/0.4KV Sub-Station a/w LT Line and HT Metering equipment to provide SOP to Ware House for storage of EVM Machines and VVPAT at Hamirpur on partial turnkey basis under ESD No.2 Hamirpur (ED Hamirpur).",HPSEBL||CE(OP) CZ Mandi||SE(OP) Hamirpur,834000.0,948849.0,13.771
2022_HPSEB_61311_1,"Survey, Supply, design ,Erection testing ,Commissioning of 11 KV HT lines Stage I, II, III , 11 KV strengthening work, allied DTRs with civil works for providing SOP to LIS Hurla LIS Bahmi Nallah in tehsil Bhunter Kullu",HPSEBL||CE(OP) CZ Mandi,15880261.0,15152945.0,-4.58
2022_HPSEB_61296_1,"Tender for Manufacturing and Supply of One number new Stub Shaft for Unit III of 3X1.5 MW Thirot Power House Under Resident Engineer, Larji Power House Division, HPSEBL, Thalout, (H.P.)",HPSEBL||CE(Gen) Sundernagar||SE(Gen) Sarabai (Bhunter),994150.0,748098.0,-24.75
2022_HPSEB_61287_1,"Tender for Permanent Shifting of LT line of Alert Inform and Detect (AI and D) system along the proposed two Lane National Highway Under Electrical Sub Division, HPSEBL, Thalout",HPSEBL||CE(Gen) Sundernagar||SE(Gen) Sarabai (Bhunter),3582629.0,3457235.0,-3.5
2022_HPSEB_61157_1,"Tender for Repair/ Overhauling of damaged 01 No. 132/33kV, 16 MVA Three Phase Power Transformer lying at 132/33/11 kV Sub-Station, HPSEBL, Kangra and Installation after repair at proposed 132/33 kV GIS Sub-Station, HPSEBL, Bijhar District Hamirpur",HPSEBL||CE(ES) Hamirpur||SE(Design) Hamirpur,5000000.0,5584857.0,11.697
2022_HPSEB_60822_1,06-2022-23,HPSEBL||CE(OP) South||SE(OP) Solan,684125.0,519935.0,-24.0
2022_HPSEB_60815_1,Tender for providing SOP to LWSS NC PC habitation to the Group village of Bhallan II near Rupiyali village Stage III under ESD Larji on Turnkey Basis,HPSEBL||CE(OP) CZ Mandi||SE(OP) Kullu,1955720.0,1666273.0,-14.8
2022_HPSEB_60811_1,Tender for providing SOP to Lift Irrigation Scheme Bakshal in GP Devgarh Gohi Tehsil Banjar District Kullu under ESD HPSEBL Larji on turnkey basis,HPSEBL||CE(OP) CZ Mandi||SE(OP) Kullu,1812716.0,1578875.0,-12.9
2022_HPSEB_60788_1,Tender for providing SOP to LWSS NC PC habitation to the group village of Rote II near village Flou Stage II under ESD Larji on Turnkey Basis,HPSEBL||CE(OP) CZ Mandi||SE(OP) Kullu,1875932.0,1847793.0,-1.5
2022_HPSEB_60784_1,Tender for Providing 33 KV HT Double Circuit Line to proposed 33/11 kV 2x1.6 MVA Unmanned Sub Station at Bhutti Lugvalley under ESD No II HPSEBL Kullu on Turnkey Basis,HPSEBL||CE(OP) CZ Mandi||SE(OP) Kullu,1576494.0,1608023.0,2.0
2022_HPSEB_60777_1,Tender for Providing SOP to Girls Hostel of Govt Polytechnic Kullu Seobag in E Section Seobag under ESD NoII HPSEBL Kullu on Turnkey Basis,HPSEBL||CE(OP) CZ Mandi||SE(OP) Kullu,758908.0,712994.0,-6.05
2022_HPSEB_60774_1,HPSEBL/ESCH-01/2022-23,HPSEBL||CE(ES) Hamirpur||SE(ES) Hamirpur,3373185.0,2977806.0,-11.721
2022_HPSEB_60751_1,"Construction 250KVA, 11/0.4KV Sub/Station a/w 11KV HT Line and LT Line to provide SOP to Mini secretariat building at Nadaun on partial turnkey basis under ESD Nadaun (ED Nadaun) (Deposit).",HPSEBL||CE(OP) CZ Mandi||SE(OP) Hamirpur,1843000.0,1579880.0,-14.277
2022_HPSEB_60716_1,"Construction 100KVA, 11/0.4KV Sub-Station a/w HT metering equipments to provide SOP to District Employment Exchange, Hamirpur (Model Carrier Center building) on partial turnkey basis under ESD No.2 Hamirpur (ED Hamirpur) (Deposit)..",HPSEBL||CE(OP) CZ Mandi||SE(OP) Hamirpur,1010000.0,724007.0,-28.316
2022_HPSEB_60715_1,SOP to Jal Shakti Vibhag for LWSS Tappa Chin Village Gadwal by Prov. 11/.4 KV 100 KVA S/Stn. a/w 11 KV HT ESD Gangath ED Nurpur,HPSEBL||CE (OP) North||SE (OP) Dalhousie,1546217.0,1322016.0,-14.5
2022_HPSEB_60713_1,"Construction 250KVA, 11/0.4KV Sub-Station a/w 11KV HT Line to provide SOP to SJVNL office and Colony buildings at Salasi on partial turnkey basis under ESD Rangas (ED Nadaun) (Deposit).",HPSEBL||CE(OP) CZ Mandi||SE(OP) Hamirpur,1506000.0,1318799.0,-12.43
2022_HPSEB_60710_1,"Tender for Supply of equipment / Transformer of different rating , design, testing, commissioning, erection/placing of 16 Nos (15 Nos. 63 KVA and 1 Nos 100 KVA )",HPSEBL||CE (OP) North||SE (OP) Dalhousie,1867775.0,1955841.0,4.715
2022_HPSEB_60683_1,SEOP 08/2022-23,HPSEBL||CE (OP) North||SE (OP) Kangra,6485797.0,6771821.0,4.41
2022_HPSEB_60681_1,seop 07/2023-23,HPSEBL||CE (OP) North||SE (OP) Kangra,6392205.0,6008673.0,-6.0
2022_HPSEB_60676_1,SEOP 06/2022-23,HPSEBL||CE (OP) North||SE (OP) Kangra,1258281.0,1031791.0,-18.0
2022_HPSEB_60656_1,05-2022-23,HPSEBL||CE(OP) South||SE(OP) Solan,1222961.0,1071803.0,-12.36
2022_HPSEB_60652_1,04-2022-23,HPSEBL||CE(OP) South||SE(OP) Solan,1224005.0,1070270.0,-12.56
2022_HPSEB_60628_1,"Construction 11KV line from 33/11KV Sub-Station Jakhu to Bazahar to provide SOP to LWSS Bhoranj including Survey, Design, Supply of Equipment / Material, Erection, Testing and Commissioning on partial turnkey basis under ESD Sujanpur (ED Hamirpur)",HPSEBL||CE(OP) CZ Mandi||SE(OP) Hamirpur,6969000.0,7886974.0,13.172
2022_HPSEB_60482_2,ELECTRICAL INSTALLATION WORKS OF CAFETERIA BUILDING AT LARJI (DISTT. KULLU ) UNDER NRNM SCHEME OF GOHP,HPSEBL||CE(Project-cum-ARB) Shimla||SE (PLG) Mandi,6899893.0,6625626.0,-3.975
2022_HPSEB_60450_1,ROC/01/2022-23,HPSEBL||CE(OP) South||SE(OP) Rohru,5349100.0,5589810.0,4.5
2022_HPSEB_60371_1,03-2022-23,HPSEBL||CE(OP) South||SE(OP) Solan,883395.0,830833.0,-5.95
2022_HPSEB_60328_1,6 2022 23,HPSEBL||CE(OP) CZ Mandi||SE(OP) Mandi,2225056.0,1998100.0,-10.2
2022_HPSEB_60299_2,SOP to Jal Shakti Vibhag (Addl) for Various PC Habitation in Nurpur Constituency comp. various old WSS ChakkiKhad Part of Nurpur Block by Prov. HT and LT line under ESD Suliali ED Nurpur,HPSEBL||CE (OP) North||SE (OP) Dalhousie,2403353.0,1970749.0,-18.0
2022_HPSEB_60294_1,CEON-Dep-05/2022-23,HPSEBL||CE (OP) North,13173005.0,14574876.0,10.642
2022_HPSEB_60282_1,"Special repair renovation of residential Qtrs T I Qtrs Block II,III and IV 12 Sets, T II, Block I 4 Sets and T III Qtrs. Block V 2 Sets at Parwanoo Electrical Installation Work",HPSEBL||CE(Project-cum-ARB) Shimla||SE (Works)||MTC. Div. Shimla,914308.0,1067266.0,16.729
2022_HPSEB_60225_1,02-2022-3,HPSEBL||CE(OP) South||SE(OP) Solan,678193.0,593409.0,-12.501
2022_HPSEB_60184_2,SOP to T/Well Nerna at Vill. Nerna by Prov. 11/.4 KV 100 KVA S/Stn. a/w 11 KV HT section Raja-Ka-Talab under ESD Rehan ED Fatehpur,HPSEBL||CE (OP) North||SE (OP) Dalhousie,1051743.0,922904.0,-12.25
2022_HPSEB_60183_2,SOP to T/Well Dhasoli at Vill. Kanait (Near Achhar Singh House) by Prov. 100 KVA S/Stn. a/w HT section Raja-Ka-Talab under ESD Rehan ED Fatehpur,HPSEBL||CE (OP) North||SE (OP) Dalhousie,1439948.0,1263554.0,-12.25
2022_HPSEB_60182_2,SOP to T/Well Dhasoli at Vill. Dasoli (Near Shiv Mandir) Dhasoli by Prov. 100 KVA S/Stn. a/w 11 KV HT section Raja-Ka-Talab under ESD Rehan ED Fatehpur,HPSEBL||CE (OP) North||SE (OP) Dalhousie,1215987.0,1067029.0,-12.25
2022_HPSEB_60172_2,SOP to T/Well Dhasoli at Vill. Gindran Ka Talab (Near Patwarkhana) Dhasoli by Prov. 100 KVA S/Stn. a/w HT section Raja-Ka-Talab under ESD Rehan ED Fatehpur,HPSEBL||CE (OP) North||SE (OP) Dalhousie,728437.0,639204.0,-12.25
2022_HPSEB_60149_1,"Reconductoring of existing 33KV line of Anu-Rangas-Nadaun feeder including Survey, Design, Supply of Equipment / Material, Erection, Testing and Commissioning of same on partial turnkey basis under ESD Rangas (ED Nadaun). (Deposit)",HPSEBL||CE(OP) CZ Mandi||SE(OP) Hamirpur,8093000.0,8050374.0,-0.527
2022_HPSEB_60094_1,SEOP-05/2022-23,HPSEBL||CE (OP) North||SE (OP) Kangra,1256719.0,1093220.0,-13.01
2022_HPSEB_60085_1,SEOP-04/2022-23,HPSEBL||CE (OP) North||SE (OP) Kangra,1205518.0,1127039.0,-6.51
2022_HPSEB_60060_1,SEOP-03/2022-23,HPSEBL||CE (OP) North||SE (OP) Kangra,1219890.0,1049106.0,-14.0
2022_HPSEB_60054_1,SEOP-02/2022-23,HPSEBL||CE (OP) North||SE (OP) Kangra,2237034.0,1948457.0,-12.9
2022_HPSEB_60045_1,SEOP-10/2022-23,HPSEBL||CE (OP) North||SE (OP) Kangra,1324453.0,1284719.0,-3.0
2022_HPSEB_60039_1,CEON/OM-04/2022-23,HPSEBL||CE (OP) North,22719996.0,4161776.0,-81.682
2022_HPSEB_60031_1,CEON/OM-03/2022-23,HPSEBL||CE (OP) North,14457223.0,4891445.0,-66.166
2022_HPSEB_60024_1,Tender for Providing SOP to LWSS Stage I II III from Beas River to 16 Tanki Shaladhar in Phatti Kharahal under ESD No II HPSEBL Kullu on Turnkey Basis,HPSEBL||CE(OP) CZ Mandi||SE(OP) Kullu,3828368.0,3617808.0,-5.5
2022_HPSEB_60019_1,Tender for shifting of existing 33 KV Prini Palchan feeder under construction Bridge at Nehrukund under ESD No II HPSEBL Manali on Turnkey Basis,HPSEBL||CE(OP) CZ Mandi||SE(OP) Kullu,981909.0,1250952.0,27.4
2022_HPSEB_59909_1,01-2022-23,HPSEBL||CE(OP) South||SE(OP) Solan,1289494.0,1036701.0,-19.604
2022_HPSEB_59829_1,Tender for providing SOP to source level Aug. of various water supply Scheme under IPH Section Gehrwin from Kahrwin Nalha under JJM in Tehsil Jhandutta Distt. Bilaspur.,HPSEBL||CE(OP) CZ Mandi||SE(OP) Bilaspur,5743413.0,5865393.0,2.124
2022_HPSEB_59476_1,CEON-Dep.-02/2022-23,HPSEBL||CE (OP) North,12674470.0,12960143.0,2.254
2022_HPSEB_59428_1,SOP to LWSS in Village Patta Jattian right bank of Banal Jholar Link Road near Jhular Nallah by Prov. 11/.4 KV 100 KVA S/Stn. a/w 11 KV HT section Barot under ESD Fatehpur ED Fatehpur,HPSEBL||CE (OP) North||SE (OP) Dalhousie,1180962.0,1079184.0,-8.618
2022_HPSEB_59425_1,"SOP to IPH Deptt. for FHTC in Vill. Baroona,Anoh Nigal Kohlari etc. through prop. LWSS Baroona,Anoh Nigal Kohlari by Prov. 11/.4 KV 63 KVA S/Stn. a/w 11 KV HT section Sihal under ESD Fatehpur ED Fatehpur",HPSEBL||CE (OP) North||SE (OP) Dalhousie,1665647.0,1471690.0,-11.645
2022_HPSEB_59424_1,SOP to Jal Shakti Vibhag for T/Well Khubber by Prov. 11/.4 KV 100 KVA S/Stn. a/w 11 KV HT and LT line in section Dah ESD Indora ED Fatehpur,HPSEBL||CE (OP) North||SE (OP) Dalhousie,621962.0,578138.0,-7.046
2022_HPSEB_59421_1,SOP to Jal Shakti Vibhag for T/Well Bhapoon by Prov. 11/.4 KV 100 KVA S/Stn. a/w 11 KV HT and LT line in section Dah ESD Indora ED Fatehpur,HPSEBL||CE (OP) North||SE (OP) Dalhousie,577384.0,515218.0,-10.767
2022_HPSEB_59326_1,"Prov., Supply, Erection, testing, Commissioning. of street light facility in newly merged area added to Municipal Corp. Mandi Town Distt. Mandi(HP)",HPSEBL||CE(OP) CZ Mandi,28438657.0,29811533.0,4.827
2022_HPSEB_59295_1,PED-06/2022-23,HPSEBL||CE (OP) North||SE (OP) Kangra||Sr. Xen Palampur,596648.0,446985.0,-25.084
2022_HPSEB_59084_1,. CEO/MC/DTRs-Mashobra (LWSS)/T No.01/2022-23,HPSEBL||CE(OP) South,21502971.0,22526512.0,4.76
2022_HPSEB_59012_1,SOP to Jal Shakti Vibhag for LWSS at Guwar (Tundah) by Prov. 11/.4 KV 63 KVA S/Stn. a/w 11 KV HT and LT line in section Lahal ESD Bharmour ED Chamba,HPSEBL||CE (OP) North||SE (OP) Dalhousie,1077004.0,1153403.0,7.094
2022_HPSEB_59011_1,SOP to Jal Shakti Vibhag for Aug. improvement of LWSS of Rajnager Area by Prov. 11/.4 KV 63 KVA S/Stn.At Kiani (Rajnager) a/w 11 KV HT and LT line in section Kiani ESD Koti ED Chamba,HPSEBL||CE (OP) North||SE (OP) Dalhousie,910518.0,933660.0,2.542
2022_HPSEB_59010_1,SOP to Jal Shakti Vibhag for improvement of LWSS of Kiani Area by Prov. 11/.4 KV 63 KVA S/Stn. a/w 11 KV HT and LT line in section Kiani ESD Koti ED Chamba,HPSEBL||CE (OP) North||SE (OP) Dalhousie,674664.0,697083.0,3.323
2022_HPSEB_58849_1,36-2021-2022,HPSEBL||CE(OP) South||SE(OP) Solan,1265430.0,1119906.0,-11.5
2022_HPSEB_58138_2,CEON-Dep-14/2021-22,HPSEBL||CE (OP) North,452363138.0,432006798.0,-4.5
2022_HPSEB_58126_2,CEON-Dep-13/2021-22,HPSEBL||CE (OP) North,169724119.0,192785384.0,13.588
2022_HPSEB_58086_1,35-2021-22,HPSEBL||CE(OP) South||SE(OP) Solan,1593700.0,1243985.0,-21.944
2022_HPSEB_58049_1,"System Improvement Scheme for replacement of Old/ Obsolete Switchgear Equipment at 33/11KV, Sub-Stations Bhoranj, Bijhar and Barsar on partial turnkey basis under Electrical Division, HPSEBL, Barsar (SI Scheme)",HPSEBL||CE(OP) CZ Mandi||SE(OP) Hamirpur,3126000.0,2799609.0,-10.441
2022_HPSEB_58040_1,"Constriction of 33KV HT Line to proposed 33/11KV S/Stn. at Dr. RKGMC and Hospital, Jolsapper on partial turnkey basis under ESD HPSEBL, Rangas, under Electrical Division, HPSEBL, Nadaun. (Deposit)",HPSEBL||CE(OP) CZ Mandi||SE(OP) Hamirpur,3065000.0,4684490.0,52.838
2022_HPSEB_58029_1,SEES/SHIMLA-303/2021-22,HPSEBL||CE(ES) Hamirpur||SE(ES) Shimla,2083175.0,1768299.0,-15.115
2022_HPSEB_57784_1,PED-98/2021-22,HPSEBL||CE (OP) North||SE (OP) Kangra||Sr. Xen Palampur,623487.0,516121.0,-17.22
2022_HPSEB_57671_1,34-2021-22,HPSEBL||CE(OP) South||SE(OP) Solan,614301.0,443304.0,-27.836
2022_HPSEB_57668_1,33-2021-22,HPSEBL||CE(OP) South||SE(OP) Solan,655014.0,469836.0,-28.271
2022_HPSEB_57665_1,32-2021-22,HPSEBL||CE(OP) South||SE(OP) Solan,588745.0,427364.0,-27.411
2022_HPSEB_57662_1,31-2021-22,HPSEBL||CE(OP) South||SE(OP) Solan,1303507.0,953091.0,-26.883
2022_HPSEB_57499_1,"SOP to LWSS Bharanoo khad to Koti Mundli in GP Bharanoo Stage I, II and III in Electrical Section, Tharoch under ESD Nerwa",HPSEBL||CE(OP) South||SE(OP) Shimla,3538399.0,3386481.0,-4.293
2022_HPSEB_57305_1,SEOP 38/2021-22,HPSEBL||CE (OP) North||SE (OP) Kangra,938037.0,703528.0,-25.0
2022_HPSEB_57297_1,SEOP 37/2021-22,HPSEBL||CE (OP) North||SE (OP) Kangra,7175972.0,5381991.0,-25.0
2022_HPSEB_57295_1,SEOP 36/2021-22,HPSEBL||CE (OP) North||SE (OP) Kangra,1169463.0,999984.0,-14.492
2022_HPSEB_57292_1,SEOP 35/2021-22,HPSEBL||CE (OP) North||SE (OP) Kangra,3676087.0,3275657.0,-10.893
2022_HPSEB_57287_1,SEOP 34/2021-22,HPSEBL||CE (OP) North||SE (OP) Kangra,898836.0,804578.0,-10.487
2022_HPSEB_57263_1,CONSTRUCTION OF 22KV HT LINE FROM KHARAHAN TO SHYAM NAGAR IN ELECTRICAL SECTION JAHOO ESD NANKHARI,HPSEBL||CE(OP) South||SE(OP) Rampur||Sr.Xen (E) Rampur,898800.0,777777.0,-13.465
2022_HPSEB_57199_1,Supply and Erection of 12 No. Transformers in ED Chamba,HPSEBL||CE (OP) North||SE (OP) Dalhousie,1365218.0,1426532.0,4.491
2022_HPSEB_57132_1,"Providing 11/0.4 KV, 2x400 KVA S/Stn. At STP Plant Maliana in ES Maliana under ESD, HPSEBL Maliana, Shimla-6",HPSEBL||CE(OP) South||SE(OP) Shimla,1218906.0,950312.0,-22.036
2022_HPSEB_56988_1,SEES/SHIMLA-300/2021-22,HPSEBL||CE(ES) Hamirpur||SE(ES) Shimla,6448307.0,4837381.0,-24.982
2022_HPSEB_56975_1,30-2021-22,HPSEBL||CE(OP) South||SE(OP) Solan,797026.0,773574.0,-2.942
2022_HPSEB_56904_1,28-2021-2022,HPSEBL||CE(OP) South||SE(OP) Solan,2037985.0,1858887.0,-8.788
2022_HPSEB_56902_1,27-2021-2022,HPSEBL||CE(OP) South||SE(OP) Solan,2957553.0,2480861.0,-16.118
2022_HPSEB_56900_1,26-2021-2022,HPSEBL||CE(OP) South||SE(OP) Solan,725317.0,568044.0,-21.683
2022_HPSEB_56850_1,CEON-Dep.11/ 2021 -22,HPSEBL||CE (OP) North,26365890.0,31642698.0,20.014
2022_HPSEB_56809_1,"Tender for Supply of equipment / material , design, erection, testing commissioning for Aug. of 11KV XLPE Cable 400 MM2 to 630mm2 a/w replacement of 11KV CT at 33/11KV, 2x10 MVA S/Stn. Chamba under ESD Chamba-I ED Chamba",HPSEBL||CE (OP) North||SE (OP) Dalhousie,1388719.0,1450296.0,4.434
2022_HPSEB_56727_1,Tender for Providing SOP to tapping additional source lift to improve the various WSS under Phatti Kashwari 2nd Stage under ESD HPSEBL Bhunter on Turnkey Basis,HPSEBL||CE(OP) CZ Mandi||SE(OP) Kullu,1306250.0,1249941.0,-4.311
2022_HPSEB_56710_1,Tender for Providing SOP to LIS Jari Bradha by Providing 3x400 KVA DTR at Lower Bagiyanda under ESD HPSEBL Jari on Turnkey Basis,HPSEBL||CE(OP) CZ Mandi||SE(OP) Kullu,4994400.0,4516305.0,-9.573
2022_HPSEB_56673_1,CEON-Dep-10/2021-22,HPSEBL||CE (OP) North,22023828.0,29358071.0,33.301
2022_HPSEB_56569_1,Tender for Reorgaization of 11 KV Feeders from proposed 33/11 KV Substation Bhutti under ESD NoII HPSEBL Kullu on turnkey basis,HPSEBL||CE(OP) CZ Mandi||SE(OP) Kullu,4259340.0,4396240.0,3.214
2022_HPSEB_56468_1,"Construction of 63kVA, 11/0.4KV S/Stn., a/w associated 11KV HT and 3Phase LT Lines at Kalidhar under Electrical Sub-Division No.2 HPSEBL, Jawalamukhi. (SCDP)",HPSEBL||CE(OP) CZ Mandi||SE(OP) Hamirpur,812000.0,763443.0,-5.98
2022_HPSEB_56122_1,"Providing S.O.P to Mahatma Gandhi Engineering college at Kotla in electrical section Jeori under ESD, HPSEBL, Sarahan, Electrical division HPSEBL Rampur Bushahr",HPSEBL||CE(OP) South||SE(OP) Rampur,2069800.0,1916379.0,-7.412
2022_HPSEB_56101_1,"Tender for Supply of material, Erection, Testing and Commissioning for augmentation of 11/0.4 KV, 100 KVA to 250 KVA Dehan-II a/w LT Line for tubewell near Adharashila School in (E) section Maranda under ESD Maranda. (T.S. 171/2021-22)",HPSEBL||CE (OP) North||SE (OP) Kangra||Sr. Xen Palampur,699091.0,524283.0,-25.005
2022_HPSEB_55971_1,"Survey, Supply, design ,Erection testing and Commissioning of 11 KV lines, 11 KV Panel ,LT lines and allied DTRs for SOP to multi villages rural piped water supply scheme for Baldwara, Badrota and part of Gopalpur Block UESD Dharampur",HPSEBL||CE(OP) CZ Mandi,10453543.0,11341819.0,8.497
2022_HPSEB_55876_1,"Survey, Supply, design ,Erection testing , Commissioning of 11 KV bay, allied DTRs , 11 KV HT line for SOP to Augumentation of source of water supply scheme of GP Talyana,Hawan, Bhulsawi, Harlog, sarwinkhas , Balh churadi in Tehshil Ghumarwin",HPSEBL||CE(OP) CZ Mandi,15789022.0,17152463.0,8.635
2022_HPSEB_55868_1,"Tender for the work Survey, Design, Manufacturing, Supply of Material, Erection, Testing and Commissioning of Terminal Equipment and allied material for 33 kV outgoing Jahu Bharari feeder to 33 kV Sub Station Bharari including Terminal Equipment and",HPSEBL||CE(OP) CZ Mandi||SE(OP) Bilaspur,2890541.0,2531314.0,-12.428
2022_HPSEB_55589_1,25-2021-2022,HPSEBL||CE(OP) South||SE(OP) Solan,806926.0,567067.0,-29.725
2022_HPSEB_55586_1,24-2021-2022,HPSEBL||CE(OP) South||SE(OP) Solan,927913.0,696558.0,-24.933
2022_HPSEB_55582_1,23-2021-2022,HPSEBL||CE(OP) South||SE(OP) Solan,934670.0,581072.0,-37.831
2022_HPSEB_55558_1,"Tender for Supply of material, Erection, Testing and Commissioning for Deposit Estimate for providing SOP to IPH by prov. 11 KV HT Line, 11/0.4 KV, 25 KVA S/stn. Bhattpura a/w 3 phase LT Line in Electrical Section Maniara UESD Bhawarna.",HPSEBL||CE (OP) North||SE (OP) Kangra||Sr. Xen Palampur,615496.0,474805.0,-22.858
2022_HPSEB_55359_1,SEOP 33/2021-22,HPSEBL||CE (OP) North||SE (OP) Kangra,1696715.0,1290446.0,-23.944
2022_HPSEB_55356_1,SEOP 32/2021-22,HPSEBL||CE (OP) North||SE (OP) Kangra,6412011.0,4827964.0,-24.704
2022_HPSEB_55350_1,SEOP 31/2021-22,HPSEBL||CE (OP) North||SE (OP) Kangra,3107813.0,2442115.0,-21.42
2022_HPSEB_55346_1,SEOP 30/2021-22,HPSEBL||CE (OP) North||SE (OP) Kangra,5117052.0,3984595.0,-22.131
2022_HPSEB_55236_1,22-2021-2022,HPSEBL||CE(OP) South||SE(OP) Solan,809928.0,613609.0,-24.239
2022_HPSEB_55235_1,21-2021-2022,HPSEBL||CE(OP) South||SE(OP) Solan,796301.0,598154.0,-24.883
2022_HIMUD_66576_1,Construction 2 Nos. Type-IV Quarters for Animal Husbandry Department at Hamirpur H.P.,"Himachal Urban Development Authority||Supdt. Engineer (N),HIMUDA||Executive Engineer Electrical Dn,Dharamsala,HIMUDA",761539.0,684865.0,-10.068
2022_HIMUD_66574_1,Construction of Assistant Engineer office residence at Bindraban Palampur Distt Kangra,"Himachal Urban Development Authority||Supdt. Engineer (N),HIMUDA||Executive Engineer Electrical Dn,Dharamsala,HIMUDA",577829.0,425550.0,-26.354
2022_HIMUD_66572_1,Construction of Jail Complex at Ner Chowk Mandi H.P.,"Himachal Urban Development Authority||Supdt. Engineer (N),HIMUDA||Executive Engineer Electrical Dn,Dharamsala,HIMUDA",560194.0,440595.0,-21.35
2022_HIMUD_66568_1,Construction of Primary Health Centre at Mool Mahunag Distt Mandi,"Himachal Urban Development Authority||Supdt. Engineer (N),HIMUDA||Executive Engineer Electrical Dn,Dharamsala,HIMUDA",823524.0,738780.0,-10.29
2022_HIMUD_64561_1,Construction of Civil Hospital Building at Bharmour Distt Chamba,"Himachal Urban Development Authority||Supdt. Engineer (N),HIMUDA||Executive Engineer Electrical Dn,Dharamsala,HIMUDA",6484000.0,6450000.0,-0.524
2022_HIMUD_61369_1,Construction of Civil Hospital Building at Bharmour Distt Chamba,"Himachal Urban Development Authority||Supdt. Engineer (N),HIMUDA||Executive Engineer Electrical Dn,Dharamsala,HIMUDA",13688227.0,10866054.0,-20.618
2022_HIMUD_60622_1,Providing and fixing of Networking System for E-Office at Sp building Dharamshala Distt. Kangra,"Himachal Urban Development Authority||Supdt. Engineer (N),HIMUDA||Executive Engineer Electrical Dn,Dharamsala,HIMUDA",666366.0,478899.0,-28.133
2022_HIMUD_60610_1,Construction of Civil Hospital Building at Bharmour Distt Chamba,"Himachal Urban Development Authority||Supdt. Engineer (N),HIMUDA||Executive Engineer Electrical Dn,Dharamsala,HIMUDA",2408239.0,2191800.0,-8.987
2022_HIMUD_60602_1,Construction of Civil Hospital Building at Bharmour Distt Chamba,"Himachal Urban Development Authority||Supdt. Engineer (N),HIMUDA||Executive Engineer Electrical Dn,Dharamsala,HIMUDA",3763049.0,2690750.0,-28.495
2022_HIMUD_60541_1,Construction of Civil Hospital Building at Bharmour Distt Chamba,"Himachal Urban Development Authority||Supdt. Engineer (N),HIMUDA||Executive Engineer Electrical Dn,Dharamsala,HIMUDA",1680292.0,1302550.0,-22.481
2022_HIMUD_60416_1,Construction of Sports Infrastructure for an Indoor Multipurpose Sports Hall at Sunder Nagar Distt Mandi,"Himachal Urban Development Authority||Supdt. Engineer (N),HIMUDA||Executive Engineer Electrical Dn,Dharamsala,HIMUDA",4596317.0,3904060.0,-15.061
2022_HIMUD_59849_1,Construction of 4 Nos type II Govt Quarters SubJail at Solan Distt Solan HP,"Himachal Urban Development Authority||Supdt. Engineer (S),HIMUDA||Executive Engineer Electrical Dn,Shimla,HIMUDA||Assistant Engineer,EEE Dn Shimla,HIMUDA",599056.0,542440.0,-9.451
2022_HIMUD_56937_2,Construction of Jogindra Central Cooperative Bank Limited at Patti Kaither Distt Solan HP,"Himachal Urban Development Authority||Supdt. Engineer (S),HIMUDA||Executive Engineer Electrical Dn,Shimla,HIMUDA||Assistant Engineer,EEE Dn Shimla,HIMUDA",1893439.0,1749450.0,-7.605
2022_HIMUD_56937_1,Construction of New Office Building for Division Town Planning Office Solan at Mauja Kather Tehsil and Distt Solan HP,"Himachal Urban Development Authority||Supdt. Engineer (S),HIMUDA||Executive Engineer Electrical Dn,Shimla,HIMUDA||Assistant Engineer,EEE Dn Shimla,HIMUDA",1420848.0,1305415.0,-8.124
2022_DRDPR_57667_1,Construction of Block Office Buildin Nahan Distt Srimour SH Providing Electrical installation therein,Directorate Rural Development and Panchayati Ra,1904921.0,2697785.0,41.622
2022_DRDPR_56530_1,Construction Block Development Office at Narkanda Distt Shimla H.P SH Providing Electrical Installation therein,Directorate Rural Development and Panchayati Ra,1307796.0,1589720.0,21.557
2022_BSMDA_66822_2,Special repair to HRTC Head Office Building Shimla Distt- Shimla 3 HP,Bus Stands Management and Development Authority||BSMDA Civil Wing ||OSD DM HRTC Shimla,2897966.0,2897730.0,-0.008
2022_BSMDA_66822_1,Addition Alteration to HRTC Workshop at Recong Peo Distt. Kinnour HP,Bus Stands Management and Development Authority||BSMDA Civil Wing ||OSD DM HRTC Shimla,813334.0,847260.0,4.171
2022_BSMDA_65036_5,Construction of New Bus Stand and Workshop at Baijnath Distt- Kangra HP,Bus Stands Management and Development Authority||BSMDA Civil Wing ||OSD DM HRTC Shimla,6628217.0,6029894.0,-9.027
2022_BSMDA_64237_1,"Upgradation of HRTC Work shop at Taradevi, Distt Shimla HP",Bus Stands Management and Development Authority||BSMDA Civil Wing ||OSD DM HRTC Shimla,1972912.0,1687580.0,-14.462
2022_BSMDA_62324_5,Construction of New Bus Stand at Bhanjraru Distt. Chamba HP,Bus Stands Management and Development Authority||BSMDA Civil Wing ||OSD DM HRTC Shimla,1778211.0,1819894.0,2.344
2022_BSMDA_60026_6,Upgradation of Workshop building at Parwanoo Distt Solan HP,Bus Stands Management and Development Authority||BSMDA Civil Wing ||OSD DM HRTC Shimla,975607.0,980730.0,0.525
2022_BSMDA_60026_5,"Upgradation of HRTC Work shop building at Nahan, Distt. Sirmour HP",Bus Stands Management and Development Authority||BSMDA Civil Wing ||OSD DM HRTC Shimla,975607.0,1004726.0,2.985
2022_BSMDA_60026_4,Upgradation of HRTC Work shop building at una Distt una HP,Bus Stands Management and Development Authority||BSMDA Civil Wing ||OSD DM HRTC Shimla,849039.0,673481.0,-20.677
2022_BSMDA_57958_2,Construction of New Bus Stand at Dhalli Distt Shimla HP,Bus Stands Management and Development Authority||BSMDA Civil Wing ||OSD DM HRTC Shimla,3185900.0,2493412.0,-21.736
2022_BSMDA_57723_3,"Construction of New Bus Stand at Thunag, Distt. Mandi HP",Bus Stands Management and Development Authority||BSMDA Civil Wing ||OSD DM HRTC Shimla,2000107.0,2548265.0,27.406
2022_BSMDA_56472_3,Construction of New Bus Stand at Janjhali Distt. Mandi HP,Bus Stands Management and Development Authority||BSMDA Civil Wing ||OSD DM HRTC Shimla,1462272.0,1691190.0,15.655
2022_BBNDA_58822_1,C/o 1 No. High Mast Light at Guru Nanak Dev Public School Jagat Khana in Nalagarh Area. (SH -P/F. 12.5 Mtrs H/M Lights),Baddi Barotiwala Nalagarh Development Authority||Director Industries to the Govt. of H.P.Shimla||CEO BBNDA at Baddi Distt.Solan (H.P.)||Executive Engineer (Project Division) BBNDA,313000.0,327400.0,4.601
2022_BBNDA_58821_1,C/o 2 No. High Mast Light in Nalagarh Area. (SH - P/F. 12.5 Mtrs H/M Lights,Baddi Barotiwala Nalagarh Development Authority||Director Industries to the Govt. of H.P.Shimla||CEO BBNDA at Baddi Distt.Solan (H.P.)||Executive Engineer (Project Division) BBNDA,626000.0,654800.0,4.601
2021_YSPU_51344_1,"Conversion of rooms into Central Laundry System in the basement of Gymnasium at main campus Nauni, Solan (SH- Providing internal electrical installment).",Dr. Yashwant Singh Parmar University of Horticulture and Forestry,698354.0,899270.0,28.77
2021_SIDC_54453_1,Construction of Sakhi One Stop Centre Building at Una Distt. Una (HP). (SH- Providing Electrical installation thereof).,HP SIDC Limited,252069.0,224683.0,-10.864
2021_SIDC_54436_1,C/o Morrah Buffalo farm at Barnoh Distt. Una (HP). (SH- Providing Electrical installation thereof).,HP SIDC Limited,1156160.0,1063720.0,-7.995
2021_SIDC_54187_1,Construction of wrestling court at Sports complex Lamba Nall Durpur Distt. Kangra (HP). (SH- Providing E.I. work thereof),HP SIDC Limited,292937.0,325309.0,11.051
2021_SIDC_53094_1,Construction of Veterinary Hospital at Jahu Distt. Hamirpur (HP). (SH- Providing Electrical Installation thereof),HP SIDC Limited,254190.0,284190.0,11.802
2021_SIDC_53092_1,Construction of Mini Stadium at GSS Badehra Distt. Una (HP) (SH- Providing Electrical Installation).,HP SIDC Limited,368875.0,429870.0,16.535
2021_SIDC_53089_1,Construction of 4 Nos. type-II Qtr. Prison Department Bangrah Distt. Una (HP) (SH- Providing Electrical Installation thereof),HP SIDC Limited,312120.0,285980.0,-8.375
2021_SIDC_50777_1,Providing Electrical Installation in Veterinary Hospital at Gokhra Distt. Mandi (HP).,HP SIDC Limited,458340.0,534606.0,16.64
2021_SIDC_50770_1,Construction of Zonal Veterinary Hospital at Barnoh Distt. Una (HP). (SH- Providing Electrical Installation and yard lighting thereof).,HP SIDC Limited,2618550.0,2293113.0,-12.428
2021_SIDC_48916_1,Construction of 8 Nos. Type-I residential qtr. at state FSLHP Junga Distt. Shimla (HP). (SH- Providing electrical installation thereof).,HP SIDC Limited,378201.0,503910.0,33.239
2021_SIDC_48298_1,Providing Electrical Installation in Veterinary Hospital at Gherwin Distt. Mandi (HP).,HP SIDC Limited,458340.0,418570.0,-8.677
2021_PWD_55203_1,Construction of phase one administrative block of Govt polytechnic at Kalpa District Kinnaur SH Providing addressable fire alarm system therein,PWD,1712125.0,1756516.0,2.593
2021_PWD_55173_1,Construction of Kala Kendra building at Kaza in District L and S SH Providing balance work therein,PWD,631669.0,669310.0,5.959
2021_PWD_55136_3,"C/O School of Nursing at Dr.RPGMC Tanda, Distt. Kangra, HP (SH - Providing E.I. therein)",PWD,2363238.0,2894015.0,22.46
2021_PWD_55136_2,C/O 6 Nos. Type-III Qtrs. at Bhawarna in Tehsil Palampur Distt. Kangra (HP) (SH - Providing E.I. therein),PWD,799656.0,969189.0,21.201
2021_PWD_54974_1,NA,PWD,1000493.0,996005.0,-0.449
2021_PWD_54815_5,R/O (Running and Operation) of Chiller Plant installed in 500 Bedded Hospital of Dr. RPGMC Kangra at Tanda for the year 2021-22,PWD,1023480.0,1484147.0,45.01
2021_PWD_54810_2,Construction of Govt. ITI building at Baijnath Distt. Kangra (H.P.)(SH- Providing E.I. in Admin block therein),PWD,2322775.0,2681075.0,15.426
2021_PWD_54674_1,NA,PWD,905234.0,940485.0,3.894
2021_PWD_54651_1,Co Multi Storey Parking office Accommodation at secretariat Armsdale Phase III)Shimla SH Providing Audio Video and Conferencing system in meeting Hall therein,PWD,2647286.0,2778866.0,4.97
2021_PWD_54646_1,CO Science Block at GSSS Dhundan Tehsil Arki Distt. Solan H P SH Providing E.I therein,PWD,890253.0,844400.0,-5.151
2021_PWD_54642_1,CO Science Block at GSSS Barotiwala Tehsil Baddi Distt. Solan HP SH Providing E I therein,PWD,859573.0,783078.0,-8.899
2021_PWD_54638_1,Providing 30 KVA D G set for New Ayurvedic Hospital building at Nahan Distt. Sirmour H P,PWD,844971.0,661761.0,-21.682
2021_PWD_54637_1,C O of Warehouse for the Storage of EVMs VVPATs at Nahan Distt. Sirmour H P SH SITC of 30 KVA DG set therein,PWD,827553.0,636911.0,-23.037
2021_PWD_54636_1,CO Primary Health Centre Building Level II at Kanti Mashwa Sirmour H P SH Providing E.I therein,PWD,510234.0,530480.0,3.968
2021_PWD_54635_1,R O of Fire Fighting Fire Alarm System Armsdale Yojna Bhawan Building at Hp Secretariat Shimla 2 For the year of 2022-23 Period 01-02-2022 to 31-01-2023,PWD,524748.0,546000.0,4.05
2021_PWD_54634_1,RO of Fire Fighting Fire Alarm System in Ellerslie Building at Hp Secretariat Shimla 2 For the year of 2022 23 Period 01 02 2022 to 31 012023,PWD,524748.0,546000.0,4.05
2021_PWD_54632_1,Up gradation of speed from 1 mps to 1.5 mps of 2 No passenger elevators Thyseen make at phase II of Armsdale building HP Sectt Shimla 2,PWD,1792000.0,1780000.0,-0.67
2021_PWD_54543_1,Replacement of old defective hot water pipe line and replacement of heating units of front portion if Ist 4th and fifth floor of block B at IGMC Shimla,PWD,2997159.0,2995916.0,-0.041
2021_PWD_54532_1,Construction of phase one administrative block in Govt polytechnic at Kalpa District Kinnaur SH Providing main LT panel and yard lighting therein,PWD,2397100.0,2546112.0,6.216
2021_PWD_54465_3,Providing 250 KVA DG set along with cables for generator supply to the Medical College Akhand Chandi Chamba Tehsil and District Chamba (HP),PWD,2869496.0,2625884.0,-8.49
2021_PWD_54465_2,Providing 250 KVA DG Set along with generator supply cables to the OPD Block of Pt. JLNGMC and Hospital Chamba in Tehsil and District Chamba (HP),PWD,2655641.0,2417426.0,-8.97
2021_PWD_54465_1,Providing 380 KVA DG set along with generator supply cable to the CT scan and MRI Machine OPD Block Pt.JLNGMC and Hospital Chamba in Tehsil and District Chamba (HP),PWD,3757542.0,3455387.0,-8.041
2021_PWD_54311_3,C/O School of Nursing at Dr. RPGMC Tanda in Distt. Kangra (HP) (SH- Providing internal E.I. in Block-A therein),PWD,2486552.0,2966299.0,19.294
2021_PWD_54311_1,Construction of Shikshak Sadan evam Pustak vitaran kendra for HP Board of school Education at Dharamshala in District Kangra (H.P.) (SH- Providing E.I. therein),PWD,2731867.0,3631874.0,32.945
2021_PWD_54287_1,NA,PWD,955800.0,984000.0,2.95
2021_PWD_54045_1,Running Operation of EI to various Govt. N/R buildings in Dr.RPGMC Kangra at Tanda (SH- Engagement of EI Maintenance staff i.e. T-Mates (Electrical) in Super Specialty Block of Dr. RPGMC Kangra at Tanda for eight Months thereof),PWD,645120.0,643200.0,-0.298
2021_PWD_53961_1,Providing SOP cable and power wiring for electrical installation for 250LP PSA oxygen generator plant under PM caves in Govt Regional khospital at Reckong Peo District Kinnaur,PWD,769664.0,809698.0,5.201
2021_PWD_53953_1,Providing and replacement of Main LT Panel at HP Vidhan Sabha Shimla 4,PWD,660286.0,658750.0,-0.233
2021_PWD_53949_1,Co Multi Storey Parking Office Accommodation at Sectt. (Armsdale Phase-III Shimla 2 SH Providing SOP Cables therein,PWD,2196065.0,1736500.0,-20.927
2021_PWD_53922_1,Construction of eklavya model residential school at Nichar District Kinnaur SH Providing feeder pillars and balance work therein,PWD,1032998.0,1090544.0,5.571
2021_PWD_53890_1,CO warehouse for storage facilities of EVMs VVPATs Machine at Nahan Distt Sirmour SH Providing 1 No lift Elevator therein,PWD,1170600.0,1165000.0,-0.478
2021_PWD_53886_1,Prov S R to EI and replacement of old outdated switchgear items in CID office at Kasumpti Shimla 9,PWD,1379159.0,1195337.0,-13.329
2021_PWD_53862_1,Co Police Station building at Paonta Sahib Distt Sirmour HP SH Providing Additional EI thereof,PWD,567382.0,583980.0,2.925
2021_PWD_53849_1,CO Govt ITI building at Kaffota Distt Sirmour SH Prov EI thereof,PWD,5657445.0,4897970.0,-13.424
2021_PWD_53846_1,Rewiring of existing old CHC Hospital building at Dadhau Distt Sirmour HP,PWD,2363152.0,2089183.0,-11.593
2021_PWD_53757_1,NA,PWD,1306513.0,1137663.0,-12.924
2021_PWD_53756_1,NA,PWD,912788.0,926473.0,1.499
2021_PWD_53753_1,NA,PWD,939251.0,955346.0,1.714
2021_PWD_53752_1,NA,PWD,879158.0,888329.0,1.043
2021_PWD_53745_1,NA,PWD,723096.0,741000.0,2.476
2021_PWD_53739_1,NA,PWD,856388.0,874000.0,2.057
2021_PWD_53579_1,"C/O Centre of Excellence for Mental Health in Dr.RPGMC Kangra at Tanda, HP (SH- Providing Fire Fighting system therein)",PWD,4988790.0,6485696.0,30.005
2021_PWD_53577_1,"C/O New Model Degree College building at Lylh Kothi in Tehsil and Distt. Chamba, HP (SH- Providing E.I. therein)",PWD,5700763.0,7281383.0,27.726
2021_PWD_53576_5,"C/O Science lab (additional accommodation) for Govt. Sr. Sec. School at Lambagaon Lower, Tehsil Jaisinghpur, Distt. Kangra, HP (SH- Providing E.I. therein)",PWD,556487.0,619753.0,11.369
2021_PWD_53576_3,"R/O of E.I. to various Govt. N/R bldgs in DR.RPGMC Kangra at Tanda (SH- Eng of E.I. maint staff i.e. Elect-II in Treatment Block-5, Service Block-4, Maternity Block-6 and OPD Block-1 of 500 Bedded Hospital building Dr.RPGMC Tanda for 2021-22)",PWD,943525.0,792000.0,-16.059
2021_PWD_53576_2,"R/O of E.I. to various Govt. N/R bldgs in DR.RPGMC Kangra at Tanda (SH- Eng. of E.I. maint. staff i.e. Elect-II in Gen. Ward, Sp/Pvt. Ward, Faculty Block, M.S. Office and Casualty Block of 500 Bedded Hospital building Dr.RPGMC Tanda for 2021-22)",PWD,943525.0,792000.0,-16.059
2021_PWD_53521_1,Construction of eklavya model residential school at Nichar in Distt Kinnaur SH Providing computer wiring therein,PWD,659273.0,695970.0,5.566
2021_PWD_53518_1,Providing HVAC system in model home balika ashram at Mashobra District Shimla SH Providing balance work therein,PWD,1174371.0,1204148.0,2.536
2021_PWD_53490_1,Providing SOP cable AMF with phase sequence correction LT panel power wiring and electrical installation for 250LPM PSA oxygen generation plant under PM cares in Govt Regional hospital at Reckong Peo,PWD,799218.0,829687.0,3.812
2021_PWD_53489_1,Construction of ware house at Fagu Tehsil Theog Distt Shimla SH Providing 30KVA DG set therein,PWD,750691.0,754200.0,0.467
2021_PWD_53486_1,Construction of eklavya mdoel residential school at Nichar Distt Kinnaur SH Providing feeder pillar SOP therein,PWD,1747039.0,1830562.0,4.781
2021_PWD_53101_1,"C/O Mother Child Health Care Centre in Regional Hospital at Bilaspur,Distt. Bilaspur ( H.P.)",PWD,5350467.0,5195309.0,-2.9
2021_PWD_53100_1,Providing One No. 6 Passenger Electric Elevator alongwith electrical wiring in new Court Complex Una Distt. Una (H.P),PWD,1900000.0,2059200.0,8.379
2021_PWD_53065_1,C/O School building at G.S.S.S.(Boys) Una District Una (H.P.),PWD,2462050.0,2334051.0,-5.199
2021_PWD_53064_1,C/O HPPWD Circuit House building at Una,PWD,2227466.0,2730322.0,22.575
2021_PWD_53062_1,Tehsil Office Building Ghanari,PWD,1670683.0,1592351.0,-4.689
2021_PWD_52916_2,"Construction of additional accommodation for I.T.I. building at Garnota in Tehsil Bhatiyat, Distt. Chamba, HP (SH- Providing E.I. therein)",PWD,3947836.0,4942510.0,25.195
2021_PWD_52864_1,C/O Post Graduate Block in Govt. Degree College Complex at Sultanpur in Tehsil and District Chamba (HP) (SH- Providing E.I. therein),PWD,4103925.0,4867603.0,18.608
2021_PWD_52580_1,CO Fruit Processing Unit at Dhaulakuan Tehsil Poanta Sahib District Sirmour H P SH Providing E I therein,PWD,1541529.0,1387376.0,-10.0
2021_PWD_52579_1,Providing replacement of One No 250 KVA D G set in HP High Court Shimla 1,PWD,2990373.0,2675300.0,-10.536
2021_PWD_52578_1,Providing 1 No Service Lift in Phase II of Armsdale Building HP Sectt Shimla 2,PWD,2250000.0,2360000.0,4.889
2021_PWD_52563_1,Providing service of Electrician and T/Mate for attending the complaints of E.I. and running and Operation of 125 KVA D.G. Set in Dr. RKGMC Hamirpur Distt. Hamirpur (H.P)(01-10-2021 to 31.03.2022).,PWD,600390.0,567000.0,-5.561
2021_PWD_52540_1,Construction of new Trauma at Indira Gandhi Medical College at Shimla SH Providing mortuary units therein,PWD,2271000.0,2178000.0,-4.095
2021_PWD_52505_1,Construction of eklavya model Resdl School at Nirchar in District Kinnaur SH Prov feeder panel and balance work therein,PWD,1863274.0,2568150.0,37.83
2021_PWD_52503_1,Construction of kala kendra building at Kaza in Distt Lahul and Spiti SH Providing EI therein,PWD,947009.0,1022145.0,7.934
2021_PWD_52377_1,C/O I.T.I. building Chintpurni at Nehrian Tehsil Amb District Una,PWD,4956133.0,5249677.0,5.923
2021_PWD_52366_1,"C/O 30 bedded C.H.C. building(Upgraded) at Basdehra,Distt. Una",PWD,1912380.0,1861094.0,-2.682
2021_PWD_52361_1,Providing one hnumber 250KVA DG set for newly installed pressure swing adsorption medical oxygen generation plant at Kamla Nehru state hospital for mother and child at Shimla,PWD,2950492.0,2940000.0,-0.356
2021_PWD_52358_1,C/O Science Lab at Govt S.S.SCHOOL Bangana distt una H.P.,PWD,818691.0,1060272.0,29.508
2021_PWD_52356_1,C/O Sub Treasury office building Amb Distt. Una HP,PWD,863311.0,1079319.0,25.021
2021_PWD_52284_1,NA,PWD,959400.0,958100.0,-0.136
2021_PWD_52283_1,NA,PWD,992970.0,976650.0,-1.644
2021_PWD_52280_1,NA,PWD,966191.0,950090.0,-1.666
2021_PWD_52078_1,Construction of PHC building at Delath in Tehsil Nankhari District Shimla SH Providing EI therein,PWD,945421.0,982685.0,3.942
2021_PWD_51948_1,NA,PWD,768759.0,758372.0,-1.351
2021_PWD_51932_1,NA,PWD,678928.0,696220.0,2.547
2021_PWD_51917_1,NA,PWD,842520.0,838680.0,-0.456
2021_PWD_51716_1,NA,PWD,659000.0,598500.0,-9.181
2021_PWD_51715_1,NA,PWD,2435600.0,2522574.0,3.571
2021_PWD_51662_1,Providing Oxygen manifold System and Oxygen Pipeline outlets in Regional Ayurvedic Hospital Chotta Shimla,PWD,2817010.0,2699830.0,-4.16
2021_PWD_51639_1,CO Indoor Auditorium Building at Nahan Distt Sirmour SH SITC of CCTV surveillance System therein,PWD,1707790.0,1360790.0,-20.319
2021_PWD_51636_1,Augmentation of PSA Plant in DDU Zonel Hospital Shimla Distt Shimla HP SH SITC of 250 KVA DGset thereof,PWD,2978512.0,2205100.0,-25.966
2021_PWD_51627_1,Providing oxygen and manifold system in civil hospital at Theog District Shimla,PWD,2950536.0,2949400.0,-0.039
2021_PWD_51497_1,Providing 100 KVA DG set for PSA plant (180 LPM) and manifold system in PHC building at Swarghat in District Bilaspur,PWD,1341050.0,1186500.0,-11.525
2021_PWD_51343_1,Construction of New OPD at IGMC Shimla SH Providing lighting in land scaping and approach road and covered path therein,PWD,2847071.0,2860705.0,0.479
2021_PWD_51123_1,NA,PWD,957623.0,956229.0,-0.146
2021_PWD_51120_1,NA,PWD,960590.0,955910.0,-0.487
2021_PWD_51119_1,Deveopment of parcking complex near OPD block under smart city project at IGMC Shimla SH balance work therein,PWD,2777220.0,2919442.0,5.121
2021_PWD_51089_1,NA,PWD,880852.0,878733.0,-0.241
2021_PWD_51043_1,C/o Indoor Audiotorium Building at Bilaspur in Distt. Bilaspur H.P.,PWD,2832702.0,2843577.0,0.384
2021_PWD_51042_1,Providing 250 KVA DG set for PSA Plant (1000 LPM) in Dr RKGMC HAMIRPUR,PWD,2900151.0,3017080.0,4.032
2021_PWD_51041_1,Providing 250 KVA DG set for PSA Plant (1000 LPM) in CH Bhoranj,PWD,2815991.0,2823190.0,0.256
2021_PWD_51039_1,Providing 125 KVA DG set for PSA Plant (500 LPM) in Civil Hospital at Tauni Devi,PWD,1470622.0,1464500.0,-0.416
2021_PWD_51018_1,Construction of MG Govt Engineering college at Kotla Jeori Tehsil Rampur Bsr District Shimla SH Providing fire fighting and fire alarm system in administrative block,PWD,2833157.0,2829693.0,-0.122
2021_PWD_50989_1,Providing and commissioning of 50KVA DG set for 250KVA LPM oxygen generastion plant at District Tribal Ayurvedic hospital at Reckong Peo Distt Kinnaur,PWD,1036904.0,1087400.0,4.87
2021_PWD_50849_1,Construction of 10 beded Ayurvedic Hospital at Bijhar Distt Hamirpur H.P,PWD,1680000.0,1968000.0,17.143
2021_PWD_50848_1,Construction of District Welfare office building at Hamirpur Distt Hamirpur,PWD,2034236.0,2223000.0,9.279
2021_PWD_50831_1,"Providing and fixing 20 KVA UPS in Covid 19 Centre Palkwah,Tehsil Haroli,Distt Una",PWD,563124.0,550000.0,-2.331
2021_PWD_50824_1,NA,PWD,5876990.0,5642747.0,-3.986
2021_PWD_50810_1,NA,PWD,3001191.0,2710055.0,-9.701
2021_PWD_50809_1,NA,PWD,3001191.0,2701071.0,-10.0
2021_PWD_50769_1,Providing 62.5 KVA DG set for PSA Plant in the old Ayurvedic hospital building at Nahan Distt. Sirmaur HP,PWD,1153111.0,819500.0,-28.931
2021_PWD_50754_1,Providing 125 KVA DG set for PSA Plant (500 LPM) in Civil Hospital at Barsar,PWD,1468137.0,1512465.0,3.019
2021_PWD_50749_1,Providing 100 KVA DG set in Civil Hospital at Barsar Distt Hamirpur H.P,PWD,1429354.0,1164030.0,-18.563
2021_PWD_50747_1,Providing 125 KVA DG set for PSA Plant (500 LPM) in CHC Nadaun Distt Hamirpur H.P,PWD,1499397.0,1544714.0,3.022
2021_PWD_50738_1,Providing 100 KVA DG set in Civil Hospital at Sujanpur Distt Hamirpur H.P.,PWD,1368690.0,1148735.0,-16.07
2021_PWD_50736_1,Providing 125 KVA DG set for PSA Plant (500 LPM) in Civil Hospital at Sujanpur Distt Hamirpur H.P .,PWD,1423138.0,1466330.0,3.035
2021_PWD_50717_1,Providing installation One No. 125 KVA Diesel Generator Set in Oxygen Plant in COVID 19 Center at Palkwah District Una ( H.P.),PWD,1239527.0,1111009.0,-10.368
2021_PWD_50715_1,"Providing ,installation,Testing and commissioning of one No. D.G. set 250KVA for Oxygen plant in Civil Hospital Haroli Distt. Una( H.P.)",PWD,2657586.0,2662176.0,0.173
2021_PWD_50712_1,Providing installation and Testing of One No. 125 KVA Diesel Generator Set in Dedicated COVID care Health Center at Pandoga District Una ( H.P.),PWD,1375929.0,1362500.0,-0.976
2021_PWD_50710_1,Providing 250 KVA D.G. Set for PSA Plant in Civil Hospital at Ghumarwin Distt. Bilaspur ( H.P.),PWD,2649411.0,3493031.0,31.842
2021_PWD_50706_1,Providing 250 KVA D.G. Set for PSA Plant ( 1000 LPM) in Regional Hospital at Bilaspur Distt. Bilaspur ( H.P.),PWD,2961661.0,2943880.0,-0.6
2021_PWD_50695_1,Providing one number DG set 250 KVA in HP Govt Dental College Shimla,PWD,2950492.0,2952300.0,0.061
2021_PWD_50600_1,Construction of Phase one administrative block and educational amenities block of Govt polytechnic at Kalpa District Kinnaur SH Providing fire fighting system therein,PWD,2924534.0,2921516.0,-0.103
2021_PWD_50556_1,Providing oxygen manifold system and uplex vaccum system in civil hospital at Rohru Distt Shimla,PWD,1792000.0,1766195.0,-1.44
2021_PWD_50553_1,Providing 1No DG set 250KVA in MGMSC hospital at Khaneri Rampur Bsr District Shimla,PWD,2950492.0,2963700.0,0.448
2021_PWD_50512_2,"Providing, installation, testing and commissioning of 250KVA silent D.G. set for the new PSA Plant in Civil Hospital at Kangra, Tehsil and Distt. Kangra, HP",PWD,2724978.0,2627866.0,-3.564
2021_PWD_50495_1,NA,PWD,2999441.0,2999441.0,0.0
2021_PWD_50491_1,NA,PWD,2999441.0,3015000.0,0.519
2021_PWD_50489_1,NA,PWD,2999441.0,2999441.0,0.0
2021_PWD_50484_1,NA,PWD,2999441.0,2999441.0,0.0
2021_PWD_50479_1,NA,PWD,2999441.0,2999441.0,0.0
2021_PWD_50475_1,NA,PWD,2999441.0,2999441.0,0.0
2021_PWD_50432_1,NA,PWD,2999441.0,2999441.0,0.0
2021_PWD_50422_1,Construction of Krishi Vigyan Kendra building at Taboo District Lahual and Spiti SH Providing EI therein,PWD,993346.0,1063436.0,7.056
2021_PWD_50402_1,CO Multi Storey Parking office Accommodation at secretariat Armdale Phase III Shimla SH Providing sprinkler System in Conference Hall,PWD,622189.0,621067.0,-0.18
2021_PWD_50397_1,Providing Staff for running of Electrical Services at Regional Ayurvedic Hospital at Chotta Shimla 2 for the Period 2021-22 w.e.f 15.08.2021 to 14.8.2022,PWD,504672.0,503988.0,-0.136
2021_PWD_50392_1,Providing Staff for running of Electrical enquiry in Residential Non Residential Building at DDU Hospital Shimla for the year 2021-22 w e f 15.08.2021 to 14.8.2022,PWD,657828.0,660000.0,0.33
2021_PWD_50385_1,Providing 125 KVA D G set for Isolation ward in the Old Ayurvedic Hospital Building at Nahan Distt Sirmour H P,PWD,1679703.0,1308720.0,-22.086
2021_PWD_50229_1,Providing 100KVA UPS system for ICU and triage area at Trauma Centre of new OPD block at IGMC Shimla,PWD,2696266.0,2851800.0,5.768
2021_PWD_49965_1,Installation of PSA Plant in Civil Hospital Poanta Sahib Distt. Sirmour Sh SITC of 250 KVA DG Set thereof,PWD,2997299.0,2831612.0,-5.528
2021_PWD_49926_1,CO Primary Health Center Building Level II at Burma Papri Teshil Nahan Distt. Sirmour HP SH Providing Electrical installation thereof,PWD,673219.0,672180.0,-0.154
2021_PWD_49919_1,CO Primary Health Centre Building Level II at Kohbag Tehsil and Distt Shimla SH Providing E I therein,PWD,533019.0,548670.0,2.936
2021_PWD_49915_1,Providing oxygen manifold system in District Tribal Ayurvedic hospital at Reckong Peo District Kinnaur,PWD,1074330.0,1169568.0,8.865
2021_PWD_49910_1,providing distribution system for manifold system in civil hospital at Theog,PWD,2858299.0,2874402.0,0.563
2021_PWD_49865_1,Installation of manifold system with medical oxygen gas distribution system in Regional hospital Reckong Peo Distt Kinnaur,PWD,2404840.0,2639093.0,9.741
2021_PWD_49860_1,Providing and fixing of ceiling fans exhaust fans geysers and Yard Lighting in Pre Fabricated Zonal Leprosy Hospital at Lohanzi Tehsil Kasauli Distt.Solan HP,PWD,640511.0,582640.0,-9.035
2021_PWD_49856_1,Construction of phase one educational and amenities block of Govt polytechnic at Kalpa District Kinnaur SH Providing fire fighting system therein,PWD,2936748.0,2934486.0,-0.077
2021_PWD_49812_1,Providing one number 250KVA DG set for newly installed pressure swing adsorption medical oxygen generation plant block E and prefabricated covid 19 facility at IGNMC Shimla,PWD,2950492.0,2973400.0,0.776
2021_PWD_49774_1,"Installation of additional light point in COVID Ward level-II ( Medical ward ,Pediatrics, Gynae ward in Dr. RKGMS Hamirpur Distt. Hamirpur ( H.P.)",PWD,624445.0,689780.0,10.463
2021_PWD_49643_1,Deveopment of oparking complex near OPD block at IGMC Shimla under smart city project SH Providing EI therein,PWD,2890500.0,2996423.0,3.665
2021_PWD_49412_1,NA,PWD,678928.0,617825.0,-9.0
2021_PWD_49408_1,NA,PWD,2744862.0,2744862.0,0.0
2021_PWD_49403_1,NA,PWD,1206296.0,1090100.0,-9.632
2021_PWD_47665_1,Supplying and fixing of 82.5 KVA D.G. set in the newly makeshift Covid Hospital in Dr.RPGMC Kangra at Tanda (SH- Providing D.G. set therein),PWD,999460.0,997850.0,-0.161
2021_HPSEB_55191_1,SEOP 29/2021-22,HPSEBL||CE (OP) North||SE (OP) Kangra,3328341.0,2578805.0,-22.52
2021_HPSEB_55190_1,SEOP 28/2021-22,HPSEBL||CE (OP) North||SE (OP) Kangra,502289.0,409324.0,-18.508
2021_HPSEB_55179_1,SEOP 24/2021-22,HPSEBL||CE (OP) North||SE (OP) Kangra,723849.0,598077.0,-17.375
2021_HPSEB_55171_1,20-2021-2022,HPSEBL||CE(OP) South||SE(OP) Solan,1497110.0,1205800.0,-19.458
2021_HPSEB_55120_1,"Tender for Supply of material, Erection, Testing and commissioning for SOP to IPH in village Kakrehar near Adharshila School by prov. 11 KV HT Line, 11/0.4 KV, 25 KVA S/stn. a/w 3 phase LT Line in Electrical Section Maranda .",HPSEBL||CE (OP) North||SE (OP) Kangra||Sr. Xen Palampur,738293.0,607208.0,-17.755
2021_HPSEB_55038_1,Tender for strengthening of 33KV HT line Kataula- Kandhi -Sarabai Feeder from Kandhi Top to Sarabai under ESD HPSEBL Bhuntar on Turnkey Basis,HPSEBL||CE(OP) CZ Mandi||SE(OP) Kullu,4775035.0,4295740.0,-10.038
2021_HPSEB_55035_1,Tender for providing 11KV Additional feeder from Nehru Kund to Vashisht Near City Heart under ESD No-II HPSEBL Manali on Turnkey Basis,HPSEBL||CE(OP) CZ Mandi||SE(OP) Kullu,3395300.0,3096540.0,-8.799
2021_HPSEB_55032_1,Tender for providing 11KV Independent feeder to Jawhar Navodaya Vidyalaya JNV Bandrol from Proposed 33-11KV 2X1.6MVA SStn Raison Rauginala under ESD HPSEBL Katrain on Turnkey Basis,HPSEBL||CE(OP) CZ Mandi||SE(OP) Kullu,2910210.0,2489415.0,-14.459
2021_HPSEB_54935_1,Tender for strengthening and rising height of existing 33KV Thalout Banjar feeder by providing additional structures between lengthy spans to maintain proper vertical clearance UESD HPSEBL Banjar,HPSEBL||CE(OP) CZ Mandi||SE(OP) Kullu||Sr. Xen (E) Thalaut,963140.0,814572.0,-15.425
2021_HPSEB_54929_1,Tender for Prov SOP to LIS Badeuli pacheu in E Section Hurla Under ESD Nagwain,HPSEBL||CE(OP) CZ Mandi||SE(OP) Kullu||Sr. Xen (E) Thalaut,948760.0,822907.0,-13.265
2021_HPSEB_54923_1,Tender for prov 11 kV HT Line to the proposed 114 KV 25 KVA SStn Bagiseri in E section SainjII under ESD Larji,HPSEBL||CE(OP) CZ Mandi||SE(OP) Kullu||Sr. Xen (E) Thalaut,882470.0,574353.0,-34.915
2021_HPSEB_54913_3,HPSEBL/CEOCZ/MM/NIT -23/2021,HPSEBL||CE(OP) CZ Mandi,15200000.0,16236665.0,6.82
2021_HPSEB_54821_1,HPSEBL/CEOCZ/MM/NIT-22/2021-22,HPSEBL||CE(OP) CZ Mandi,8103694.0,6555492.0,-19.105
2021_HPSEB_54819_1,"Tender for Supply of equipment / material , design, erection, testing commissioning for SOP to C/O 12 Nos. T/Well Khukhnara-3rd by Prov. 11/.4 KV 100 KVA S/Stn. a/w 11 KV HTand LT line section Rehan under ESD Rehan ED Fatehpur",HPSEBL||CE (OP) North||SE (OP) Dalhousie,617266.0,570389.0,-7.594
2021_HPSEB_54817_1,"Tender for Supply of equipment / material , design, erection, testing commissioning for SOP to IPH Deptt.for C/O T/Well at Village Indpur Jalakari by Prov. 11/.4 KV 63 KVA S/Stn. a/w 11 KV HT line section Indpur under ESD Indora ED Fatehpur",HPSEBL||CE (OP) North||SE (OP) Dalhousie,771070.0,707566.0,-8.236
2021_HPSEB_54813_1,"Tender for Supply of equipment / material , design, erection, testing commissioning for SOP to IPH Deptt.for C/O T/Well at Village Indpur Tanda by Prov. 11/.4 KV 63 KVA S/Stn. a/w 11 KV HT line section Indpur under ESD Indora ED Fatehpur",HPSEBL||CE (OP) North||SE (OP) Dalhousie,574717.0,512480.0,-10.829
2021_HPSEB_54758_1,CEON-09-SI-2021-22,HPSEBL||CE (OP) North,8552448.0,6613107.0,-22.676
2021_HPSEB_54702_1,Tender for Supply of Power to LIS Group of Gram Panchayat Bhalyani Bhumteer and Brahman in Tehsil and District Kullu under ESD No II HPSEBL Kullu Two Stages two Pump Houses on Turnkey Basis,HPSEBL||CE(OP) CZ Mandi||SE(OP) Kullu,6915920.0,5713170.0,-17.391
2021_HPSEB_54699_1,Tender for supply of power to LWSS Phatti Peej Phatti Kharahal Phatti balh Near Suma Ropa Bihal under ESD No II HPSEBL Kullu One Stage One Pump House on Turnkey Basis,HPSEBL||CE(OP) CZ Mandi||SE(OP) Kullu,4986065.0,4038260.0,-19.009
2021_HPSEB_54675_1,19-2021-2022,HPSEBL||CE(OP) South||SE(OP) Solan,2967809.0,1713561.0,-42.262
2021_HPSEB_54644_1,18-2021-22,HPSEBL||CE(OP) South||SE(OP) Solan,605647.0,383678.0,-36.65
2021_HPSEB_54601_1,"Tender for Supply of equipment / material, design, erection, testing commissioning for SOP to IPH deptt. for LWSS at Devgah by Prov. 11/.4 KV 100 KVA S/Stn. a/w 11 KV HTand LT line section Salooni under ESD Salooni (U) ED Dalhousie.",HPSEBL||CE (OP) North||SE (OP) Dalhousie,1174213.0,1116868.0,-4.884
2021_HPSEB_54597_1,"Tender for Supply of equipment / material , design, erection, testing commissioning for SOP to Jal Shakti Vibhag for LWSS at near Shalimar by Prov. 11/.4 KV 63 KVA S/Stn. a/w 11 KV HTand LT line section Sarol under ESD Chamba-II (U) ED Chamba",HPSEBL||CE (OP) North||SE (OP) Dalhousie,1327224.0,1245763.0,-6.138
2021_HPSEB_54470_1,HPSEBL/CEOCZ/MM/NIT-21/2021-22,HPSEBL||CE(OP) CZ Mandi,3328695.0,2748499.0,-17.43
2021_HPSEB_54467_1,HPSEBL/CEOCZ/MM/NIT-20/2021-22,HPSEBL||CE(OP) CZ Mandi,20168722.0,23020320.0,14.139
2021_HPSEB_54451_1,17/2021-2022,HPSEBL||CE(OP) South||SE(OP) Solan,1150272.0,761532.0,-33.795
2021_HPSEB_54185_1,SEES/SHIMLA-294/2021-22,HPSEBL||CE(ES) Hamirpur||SE(ES) Shimla,7189133.0,6605109.0,-8.124
2021_HPSEB_54049_1,16-2021-2022,HPSEBL||CE(OP) South||SE(OP) Solan,2718720.0,2346666.0,-13.685
2021_HPSEB_53916_2,sUPPLY INSTALLATION TESTING AND COMMISSIONING OF FIRE PROTECTION SYSTEM FOR ELCTRICAL STYSTEM COMPLEX MATTANSIDH HAMIRPUR HP,HPSEBL||CE(Project-cum-ARB) Shimla||SE (PLG) Mandi,1703546.0,1439566.0,-15.496
2021_HPSEB_53734_1,15-2021-22,HPSEBL||CE(OP) South||SE(OP) Solan,2221030.0,1306852.0,-41.16
2021_HPSEB_53729_1,14-2021-22,HPSEBL||CE(OP) South||SE(OP) Solan,1717631.0,1083646.0,-36.91
2021_HPSEB_53658_1,"Tender for Supply of equipment / material, design, erection, testing commissioning for SOP to Assistant Director SRU at Moti Tibba by Prov. 11/.4 KV 100 KVA S/Stn. a/w 11 KV HT and LT line section Dalhousie city-II under ESD Dalhousie ED Dalhousie.",HPSEBL||CE (OP) North||SE (OP) Dalhousie,606567.0,594778.0,-1.944
2021_HPSEB_53609_1,Supply of Power to LWSS of Jal Shakti Vibhag 1st 2nd Stage Dori Khad to Shilajan in Electrical Section Jarol under Electrical Sub Division Thanedhar.,HPSEBL||CE(OP) South||SE(OP) Rampur,1456000.0,1075386.0,-26.141
2021_HPSEB_53509_1,SEOP 23/2021-22,HPSEBL||CE (OP) North||SE (OP) Kangra,684963.0,564817.0,-17.541
2021_HPSEB_53502_1,SEOP 21/2021-22,HPSEBL||CE (OP) North||SE (OP) Kangra,5370401.0,4729479.0,-11.934
2021_HPSEB_53500_1,SEOP 20/2021-22,HPSEBL||CE (OP) North||SE (OP) Kangra,740282.0,643898.0,-13.02
2021_HPSEB_53497_1,SEOP 19/2021-22,HPSEBL||CE (OP) North||SE (OP) Kangra,705443.0,595479.0,-15.588
2021_HPSEB_53492_1,SEOP 18/2021-22,HPSEBL||CE (OP) North||SE (OP) Kangra,977271.0,1014258.0,3.785
2021_HPSEB_53392_1,CEON-DEP-05/2021-22,HPSEBL||CE (OP) North,53259755.0,56358209.0,5.818
2021_HPSEB_53385_1,SEES/SHIMLA-292/2021-22,HPSEBL||CE(ES) Hamirpur||SE(ES) Shimla,1323573.0,1098037.0,-17.04
2021_HPSEB_53360_2,CEON-SI-08/2021-22,HPSEBL||CE (OP) North,30533832.0,26235110.0,-14.079
2021_HPSEB_53358_2,CEON-SI-06/2021-22,HPSEBL||CE (OP) North,32025176.0,36013656.0,12.454
2021_HPSEB_53274_1,Supply and Erection of P.t,HPSEBL||CE(ES) Hamirpur||SE(ES) Hamirpur||Sr. Xen (ES) Una (Rakkar),584100.0,445969.0,-23.649
2021_HPSEB_53110_1,HPSEBL/CEOCZ/NIT10/2021-22,HPSEBL||CE(OP) CZ Mandi,8042201.0,7509914.0,-6.619
2021_HPSEB_53037_1,HPSEBL/CEOCZ/MM/NIT-17/2021-22,HPSEBL||CE(OP) CZ Mandi,21274908.0,19158222.0,-9.949
2021_HPSEB_52790_1,HPSEBL/CEOCZ/MM/NIT11/2021-22,HPSEBL||CE(OP) CZ Mandi,21252974.0,16043132.0,-24.513
2021_HPSEB_52756_1,13-2021-22,HPSEBL||CE(OP) South||SE(OP) Solan,7150191.0,6491357.0,-9.214
2021_HPSEB_52702_1,12-2021-22,HPSEBL||CE(OP) South||SE(OP) Solan,2595122.0,2137175.0,-17.646
2021_HPSEB_52481_1,Reconditioning of 01 No. 132/33 kV 16 MVA Transformer and repair of 01 No. 66/11 kV 10 MVA Power transformer of HPSEBL,HPSEBL||CE(ES) Hamirpur||SE(Design) Hamirpur,8500000.0,6509470.0,-23.418
2021_HPSEB_52436_1,SEES/SHIMLA-287/2021-22,HPSEBL||CE(ES) Hamirpur||SE(ES) Shimla,2688040.0,2299945.0,-14.438
2021_HPSEB_52317_1,SEOP 17/2021-22,HPSEBL||CE (OP) North||SE (OP) Kangra,1061293.0,864355.0,-18.556
2021_HPSEB_52303_1,SEES/SHIMLA-286/2021-22,HPSEBL||CE(ES) Hamirpur||SE(ES) Shimla,5887019.0,4414759.0,-25.009
2021_HPSEB_52301_1,SEES/SHIMLA-285/2021-22,HPSEBL||CE(ES) Hamirpur||SE(ES) Shimla,879525.0,702100.0,-20.173
2021_HPSEB_52225_1,HPSEBL/CEOCZ/MM/NIT-14/2021-22 S/stn work,HPSEBL||CE(OP) CZ Mandi,27114611.0,28899065.0,6.581
2021_HPSEB_52218_2,"Supply of Power to LWSS 1st and 2nd stage from Behna Khad to Shegubag (Ashnal) I Gram Panchyat Behna and Dingidhar (Anni Block) under Electrical Sub-Division, HPSEBL, Neether ED HPSEBL Anni.",HPSEBL||CE(OP) South||SE(OP) Rampur,1155000.0,1154296.0,-0.061
2021_HPSEB_52079_1,SEOP 16/2021-22,HPSEBL||CE (OP) North||SE (OP) Kangra,2411508.0,2189295.0,-9.215
2021_HPSEB_52071_1,SEOP 15/2021-22,HPSEBL||CE (OP) North||SE (OP) Kangra,1496547.0,1284696.0,-14.156
2021_HPSEB_52068_1,SEOP 14/2021-22,HPSEBL||CE (OP) North||SE (OP) Kangra,1242455.0,1097182.0,-11.692
2021_HPSEB_52065_2,SEOP 13/2021-22,HPSEBL||CE (OP) North||SE (OP) Kangra,1611161.0,1322439.0,-17.92
2021_HPSEB_52062_1,SEOP 12/2021-22,HPSEBL||CE (OP) North||SE (OP) Kangra,1680053.0,1298691.0,-22.699
2021_HPSEB_52021_1,"Supplying,Erection,Testing and commissioning of 350V battery bank and AC",HPSEBL||MD BVPCL Jogindernagar||SE (E),1915940.0,1353000.0,-29.382
2021_HPSEB_51994_1,"Tender for the work Survey, Design, Manufacturing, Supply of Material, Erection, Testing and Commissioning of 22/.4 KV 63 KVA S.Stn ,22 KV H.T. Line, 3Phase L.T. Line and 3 Phase Service Connection for prov. S.O.P to LWSS Kanda Kahano Stage Ist at",HPSEBL||CE(OP) CZ Mandi||SE(OP) Bilaspur,2120021.0,2143938.0,1.128
2021_HPSEB_51991_1,"Tender for the work Survey, Design, Manufacturing, Supply of Material, Erection, Testing and Commissioning of 22 KV CT-PT Combined Unit Out door Type, 22/.4 KV 630 KVA S.Stn ,22 KV H.T. Line and 3 Phase L.T. Line for prov. S.O.P to LWSS Sarror Khad t",HPSEBL||CE(OP) CZ Mandi||SE(OP) Bilaspur,3595310.0,3144313.0,-12.544
2021_HPSEB_51957_1,CEON-SI-05/2021-22,HPSEBL||CE (OP) North,17569129.0,21407478.0,21.847
2021_HPSEB_51828_1,"HPSEBL/CEOCZ/MM/NIT-15/2-21, 33 kv line in Dharampur",HPSEBL||CE(OP) CZ Mandi,9037521.0,8100000.0,-10.374
2021_HPSEB_51804_1,10-2021-22,HPSEBL||CE(OP) South||SE(OP) Solan,1931535.0,1540539.0,-20.243
2021_HPSEB_51789_2,NIT -13/2021-22 Tender for 33/22 KV S/STN Shillibaggi under ED Gohar,HPSEBL||CE(OP) CZ Mandi,34745213.0,37791967.0,8.769
2021_HPSEB_51689_1,"Tender for the work Survey, Design, Manufacturing, Supply of Material, Erection, Testing and Commissioning of 11 KV CT-PT Combined Unit Out door Type, 11/.4 KV 250 KVA Sub-Station and 11 KV H.T. Line for prov. S.O.P. on 11 KV for improvement and remo",HPSEBL||CE(OP) CZ Mandi||SE(OP) Bilaspur,2223578.0,1934648.0,-12.994
2021_HPSEB_51686_1,"Tender for the work Survey, Design, Manufacturing, Supply of Material, Erection, Testing and Commissioning of 11 KV HT Line by bifurcation of 11 KV HP area NO. I feeder into Slapper-Dehar-Bhantred Feeder in E section Dehar for providing S.O.P.to IPH",HPSEBL||CE(OP) CZ Mandi||SE(OP) Bilaspur,6004780.0,6495470.0,8.172
2021_HPSEB_51685_1,"Tender for the work Survey, Design, Manufacturing, Supply of Material, Erection, Testing Commissioning of 11 KV HT Line , 630 KVA , 11/0.4 KV Transformer with metering structure for 1st stage at village Dehar, Bifurcation of existing 11 KV Feede",HPSEBL||CE(OP) CZ Mandi||SE(OP) Bilaspur,6104022.0,6037844.0,-1.084
2021_HPSEB_51670_1,ROC/DB/T. NO.1/2021-22,HPSEBL||CE(OP) South||SE(OP) Rohru,2613120.0,1967390.0,-24.711
2021_HPSEB_51638_1,Tender for Prov. 11 kV HT Line to the proposed 11/0.4 kV 63 KVA Sub Stn Shanad in Electrical Section Gushaini under ESD Banjar,HPSEBL||CE(OP) CZ Mandi||SE(OP) Kullu||Sr. Xen (E) Thalaut,736000.0,600968.0,-18.347
2021_HPSEB_51630_1,Tender for shifting 11 kV HT Line panarsa Feeder from degree college complex panarsa to road side under E section panarsa ESD Nagwain,HPSEBL||CE(OP) CZ Mandi||SE(OP) Kullu||Sr. Xen (E) Thalaut,967390.0,834625.0,-13.724
2021_HPSEB_51553_2,SEES/SHIMLA-283/2021-22,HPSEBL||CE(ES) Hamirpur||SE(ES) Shimla,6591326.0,4943150.0,-25.005
2021_HPSEB_51504_1,CEON-SI-04/2021-22,HPSEBL||CE (OP) North,29246750.0,31813792.0,8.777
2021_HPSEB_51500_1,CEON-SI-03/2021-22,HPSEBL||CE (OP) North,25208943.0,26792134.0,6.28
2021_HPSEB_51445_1,"Tender for laying of 33KV 3-core 300mm2 XLPE Power Cable from Tower No. 72 of 33kV S/C Trans. Line on 66KV D/C from Sissu to Gupha upto 33kV GIS S/Stn in North Portal of Atal Tunnel Distt. L S alongwith Erection, Testing Commissioning of 33kV GI",HPSEBL||CE(ES) Hamirpur||SE(ES) Hamirpur,8859157.0,8829617.0,-0.333
2021_HPSEB_51438_1,SOP to IPH Deptt. for Funct. House Hold Tap Connection (FHTC) in Vill Fatehpur-Sunahra-Bhatian through prop. LWSS Fatehpur Sunahra by prov. 100KVA S/Stn. a/w HT line Bid No. OCD/DB/Bid-XVIII/2021-22,HPSEBL||CE (OP) North||SE (OP) Dalhousie,681244.0,653458.0,-4.079
2021_HPSEB_51436_1,SOP to IPH Deptt. for Functional House Hold Tap Connection (FHTC) in Vill. Khukhnara through proposed LWSS Khukhnara by prov. 11/.4KV 100KVA S/Stn. a/w 11 KV HT line in ESD Rehan ED Fatehpur(Bid No. OCD/DB/Bid-XVII/2021-22),HPSEBL||CE (OP) North||SE (OP) Dalhousie,1002921.0,982455.0,-2.041
2021_HPSEB_51433_1,"Tender for Supply of equip / material, design, erection, testing comm for SOP to HPSIDC Deptt. for extension of 11 KV HT line for various plots in Industrial Area Malot in section Dah under ESD Indora ED Fatehpur.",HPSEBL||CE (OP) North||SE (OP) Dalhousie,984860.0,950563.0,-3.482
2021_HPSEB_51422_1,HPSEBL/CEOCZ/MM/NIT-12/2021-22,HPSEBL||CE(OP) CZ Mandi,24939330.0,20052045.0,-19.597
2021_HPSEB_51328_1,SOP to Street Light Points from Gorpata to Sahnu Mohalla to 84 Temple from old bus stand Bharmour to 84 Gate to Baddi Helipad and from 250 KVA S/Stn Savanpur to Savanpur Bazar in ES Bharmour-I (Bid No OCD/DB/Bid-XV/2021-22,HPSEBL||CE (OP) North||SE (OP) Dalhousie,2685619.0,2898716.0,7.935
2021_HPSEB_51303_1,Tender for Providing SOP to LWSS to Village Kau in E section Thachi under ESD HPSEBL Balichowki on Turnkey Basis,HPSEBL||CE(OP) CZ Mandi||SE(OP) Kullu,2373560.0,2189174.0,-7.768
2021_HPSEB_51301_1,Tender for ProvidingSOP to LWSS Stage I to NC PC habitation in CV Salwar Chalout in GP Bhanwas in Tehsil Balichowki District Mandi HP under ESD HPSEBL Balichowki on Turnkey Basis,HPSEBL||CE(OP) CZ Mandi||SE(OP) Kullu,1689490.0,1391103.0,-17.661
2021_HPSEB_51299_1,Tender for Providing SOP to LWSS Stage III for Balichowki and Multivillages Tipper Bundha Group Piped Water supply Scheme for part of Balichowki block of District Mandi HP under ESD HPSEBL Balichowki on Turnkey Basis,HPSEBL||CE(OP) CZ Mandi||SE(OP) Kullu,2131000.0,1970552.0,-7.529
2021_HPSEB_51293_1,Tender for Providing SOP to LWSS StageII for Balichowki and Multivillages Mulhu Khamradha Group Piped Water supply Scheme for part of Balichowki block of District Mandi HP under ESD HPSEBL Balichowki on Turnkey Basis,HPSEBL||CE(OP) CZ Mandi||SE(OP) Kullu,2785360.0,2537508.0,-8.898
2021_HPSEB_51290_1,Tender for Prov SOP to LWSS Stage I for Balichowki and Multivillages Shilli Larji Group Piped Water supply Scheme for part of Balichowki block of District Mandi HP under ESD HPSEBL Balichowki on Turnkey Basis,HPSEBL||CE(OP) CZ Mandi||SE(OP) Kullu,3096130.0,2564797.0,-17.161
2021_HPSEB_51065_1,Tender for Supply of equipment material design erection testing comm for SOP to Angelique PCC consortium by prov 630KVA S/Stn a/w 11 KV HT line at Barrage Near village Kuthar in section Holi under ESD Bharmour (Bid NO. OCD/DB/Bid-XIV/2021-22),HPSEBL||CE (OP) North||SE (OP) Dalhousie,1817643.0,1679225.0,-7.615
2021_HPSEB_51063_1,Tender for Supply of equipment material design erection testing commissioning for SOP to Angelique PCC consortium by prov. 630KVA S/Stn a/w 11 KV HT line at Adit-II Near Choli Bridge in section Holi under ESD Bharmour (Bid No OCD/DB/bid-XIII/2021-22,HPSEBL||CE (OP) North||SE (OP) Dalhousie,1791717.0,1647573.0,-8.045
2021_HPSEB_51055_1,Tender for Supply of equipment / material design erection testing commissioning for SOP to Angelique PCC consortium by prov 630KVA S/Stn at Adit-I Near Barrage in section Holi under ESD Bharmour (Bid No OCD/DB/Bid-XII/2021-22),HPSEBL||CE (OP) North||SE (OP) Dalhousie,1555122.0,1347956.0,-13.322
2021_HPSEB_51033_1,"Tender for the work Survey, Design, Manufacturing, Supply of Material, Erection, Testing and Commissioning of 2X22 KV Metering Equipment Out door type 22 KV CT PT Combined unit, Augmentation of 3 x 22/.4 KV 250 KVA Distribution Sub- Stations,22 KV H.",HPSEBL||CE(OP) CZ Mandi||SE(OP) Bilaspur,3755241.0,4083295.0,8.736
2021_HPSEB_51028_2,"Supply of Power to Lift Irrigation Scheme Labrang Pooh Garden Colony in gram Panchyat Pooh (1-st phase) by providing 630KVA ,22/0.4KV S/Stn., along with its associated lines(HT/LT)and strengthening of existing 22KV HT line by replacing the off size c",HPSEBL||CE(OP) South||SE(OP) Rampur,974000.0,657362.0,-32.509
2021_HPSEB_51027_1,"Tender for the work Survey, Design, Manufacturing, Supply of Material, Erection, Testing and Commissioning of 3X22 KV Metering Equipment Out door type 22 KV CT PT Combined unit, Augmentation of 3 x 22/.4 KV 250 KVA, 1x22/0.4 KV 100 KVA Distribution S",HPSEBL||CE(OP) CZ Mandi||SE(OP) Bilaspur,6975313.0,7325826.0,5.025
2021_HPSEB_50919_1,Tender for Construction of 22KV independent feeder from 220/66/22KV Boktu sub-station to Kalpa under ESD HPSEBL Reckong-Peo,HPSEBL||CE(OP) South||SE(OP) Rampur,2299000.0,1753238.0,-23.739
2021_HPSEB_50915_3,SEES/SHIMLA-280/2021-22,HPSEBL||CE(ES) Hamirpur||SE(ES) Shimla,2731999.0,2245620.0,-17.803
2021_HPSEB_50903_1,Tender for providing Supply of power to LWSS of Jal Shakti Vibhag to augmentation of various WSS under Gram Panchyat Chail Sarahan Nore and Rahanu in NIrmand Block under ESD HPSEBL Nirmand,HPSEBL||CE(OP) South||SE(OP) Rampur,898900.0,939455.0,4.512
2021_HPSEB_50757_1,"Tender for Supply of equipment / material, design, erection, testing, commissioning for providing SOP to the Guest house of Sh. Surinder Kumar Sharma, at Jatehar Sakoh in Local Section under Electrical Sub-Division-II, Dharamshala.",HPSEBL||CE (OP) North||SE (OP) Kangra||Sr. Xen Dharamshala,917000.0,690637.0,-24.685
2021_HPSEB_50694_1,SEOP 11/2021-22,HPSEBL||CE (OP) North||SE (OP) Kangra,1065781.0,1038419.0,-2.567
2021_HPSEB_50692_1,SEOP 10/2021-22,HPSEBL||CE (OP) North||SE (OP) Kangra,1023317.0,974898.0,-4.732
2021_HPSEB_50688_1,SEOP 09/2021-22,HPSEBL||CE (OP) North||SE (OP) Kangra,797557.0,682972.0,-14.367
2021_HPSEB_50685_1,SEOP 08/2021-22,HPSEBL||CE (OP) North||SE (OP) Kangra,735528.0,711756.0,-3.232
2021_HPSEB_50684_1,SEOP 07/2021-22,HPSEBL||CE (OP) North||SE (OP) Kangra,1035567.0,789595.0,-23.752
2021_HPSEB_50651_1,"Tender for Erection Part of Providing 33kV Isolators with earth switch, LA for 33kV outgoing feeders at Kargha Sissu Sub Station Thirot and Koksar yard under ECSD HPSEBL Kargha",HPSEBL||CE(OP) CZ Mandi||SE(OP) Kullu,2425780.0,2695417.0,11.115
2021_HPSEB_50650_2,Tender for strengthening of 33KV HT line from Karga to Rohtang Top by providing additional poles MSCI channel under ECSD HPSEBL Kargha on Turnkey Basis,HPSEBL||CE(OP) CZ Mandi||SE(OP) Kullu,1787920.0,2088440.0,16.808
2021_HPSEB_50633_2,Tender for Supply Erection Testing and Commissioning of 5 nos Umbrella High Mast Illumination LED lights at different locations at Keylong Udaipur Triloknath Sissu and Gupha Hotel under ED HPSEBL keylong,HPSEBL||CE(OP) CZ Mandi||SE(OP) Kullu,3931330.0,3624220.0,-7.812
2021_HPSEB_50570_1,Prov and Laying OFC and level sensor,"HPSEBL||CE(Gen) Sundernagar||SE(Gen) Palampur||Re Khauli, Shahpur",858550.0,960668.0,11.894
2021_HPSEB_50353_1,"Tender for providing 2 Nos. 63kVA Sub-Station stage 1st at Kashpadi at Jujer Khad and 2nd stage at Paboo (Kaluatha) with its 22kV HT line and LT Line in Electrical Section Mahun Nag under Electrical Sub- Division , HPSEBL , Churag. ( NIT- 20/2021-2",HPSEBL||CE(OP) CZ Mandi||SE(OP) Bilaspur||Sr. Xen (E) Karsog,989672.0,989672.0,0.0
2021_HPSEB_50271_1,"Tender for Supply of equipment / material, design, erection, testing, commissioning of 11/0.4kV , 100kVA S/Stn. a/w HT Line for STP at Gamru near Mela Ground under Electrical Sub Division No. 1 Dharamshala.",HPSEBL||CE (OP) North||SE (OP) Kangra||Sr. Xen Dharamshala,945900.0,895267.0,-5.353
2021_HPSEB_50270_2,"Tender for Supply of equipment / material, design, erection, testing, commissioning, Shifting of 11kV Line from Land of Sh. Vishal Kalia Village Sukkar ES Dari UESD No. II Dharamshala",HPSEBL||CE (OP) North||SE (OP) Kangra||Sr. Xen Dharamshala,754350.0,689029.0,-8.659
2021_HPSEB_50259_2,"Tender for Supply of equipment / material, design, erection, testing, commissioning, of LT AB Cable for replacing of over head conductor of Gurudwara Road from main Bazar to Mathura Dass Gali at Kotwali Bazar under Electrical Sub Division No. I Dhar",HPSEBL||CE (OP) North||SE (OP) Kangra||Sr. Xen Dharamshala,882000.0,804076.0,-8.835
2021_HPSEB_50248_2,"Tender for Supply of equipment / material, design, erection, testing, commissioning, of LT AB Cable for replacing of over head conductor of Gurudwara Road Mathura Dass Galli to DAV School at Kotwali Bazar under Electrical Sub Division No. I Dharamsh",HPSEBL||CE (OP) North||SE (OP) Kangra||Sr. Xen Dharamshala,932200.0,850449.0,-8.77
2021_HPSEB_50240_1,"Tender for the work Survey, Design, Manufacturing, Supply of material, Erection, Testing and Commissioning of new 33 KV Feeder bay at 33/11 KV, 2x6.3 MVA SubStation Jabli for erection of New 33 KV Double Circuit Line from 33/11 KV, 2x6.3 MVA Sub-S",HPSEBL||CE(OP) CZ Mandi||SE(OP) Bilaspur,4780405.0,4569675.0,-4.408
2021_HPSEB_50040_1,SOP to LWSS Kudera at Kakira in GP Kakira by Prov. 11/.4 KV 100 KVA S/Stn. a/w 11 KV HTand LT line section Kakira under ESD Bakloh,HPSEBL||CE (OP) North||SE (OP) Dalhousie,762405.0,819942.0,7.547
2021_HPSEB_50027_1,SOP to LWSS Near Shukla Petrol Pump by Prov. 11/.4 KV 63 KVA S/Stn. a/w 11 KV HT line in section Chowari-I,HPSEBL||CE (OP) North||SE (OP) Dalhousie,928830.0,1017165.0,9.51
2021_HPSEB_50026_1,NIT-09/2021-22,HPSEBL||CE(OP) CZ Mandi,11268057.0,10599485.0,-5.933
2021_HPSEB_50009_1,SEES/SHIMLA-278/2021-22,HPSEBL||CE(ES) Hamirpur||SE(ES) Shimla,2104346.0,1599490.0,-23.991
2021_HPSEB_49980_1,SEES/SHIMLA-277/2021-22,HPSEBL||CE(ES) Hamirpur||SE(ES) Shimla,3662900.0,2995468.0,-18.221
2021_HPSEB_49972_1,08-2021-22,HPSEBL||CE(OP) South||SE(OP) Solan,3722500.0,3518233.0,-5.487
2021_HPSEB_49950_1,SOP to LWSS Jal Jeevan Mission Feeder IPH deptt in Various PC Habitation in Nurpur,HPSEBL||CE (OP) North||SE (OP) Dalhousie,5532280.0,5004227.0,-9.545
2021_HPSEB_49875_1,07-2021-22,HPSEBL||CE(OP) South||SE(OP) Solan,770119.0,584314.0,-24.127
2021_HPSEB_47743_1,"SOP to PLWSS by providing 11/0.4KV, 63 KVA S/stn. a/w 11 Kv HT line at Jol",HPSEBL||CE (OP) North||SE (OP) Dalhousie,1530060.0,1663323.0,8.71
2021_HPSEB_47271_1,05-2021-22,HPSEBL||CE(OP) South||SE(OP) Solan,1964299.0,1195387.0,-39.144
2021_HPSEB_47268_1,04-2021-22,HPSEBL||CE(OP) South||SE(OP) Solan,6151343.0,5328114.0,-13.383
2021_HPSEB_47230_1,Tender for design engineering testing and commissioning of 33 KV and 11 KV outdoor switchgears and associated auxiliaries etc at 2x1 MVA 33/11 KV Sub Station Karga under ECSD HSEBL Karga on Turnkey Basis,HPSEBL||CE(OP) CZ Mandi||SE(OP) Kullu,1906770.0,2197815.0,15.264
2021_HPSEB_47181_1,Tender for SOP to Karma Drubgyu Thargay Ling at Tirlokpur by Replacing of 11 Kv Bare Conductor with 11 Kv AB Cable,HPSEBL||CE (OP) North||SE (OP) Dalhousie,1177600.0,1608208.0,36.567
2021_HPSEB_47180_2,Supply of Power to LWSS to Group of Villages Bandrol Jindor Nalhach banogi Babeli Bashing and Sari by providing 2 x 800 KVA DTRs near Subzi Mandi Bandrol in Tehsil and Distt Kullu under ESD No II HPSEBL Kullu on Turnkey Basis,HPSEBL||CE(OP) CZ Mandi||SE(OP) Kullu,5604260.0,5367860.0,-4.218
2021_HPSEB_47107_1,"Tender for providing 22kV HT line to proposed 63kVA, 22/0.4kV Sub- station Trimbli under Electrical Sub- Division , HPSEBL , Seri ( NIT- 01/2021-22).",HPSEBL||CE(OP) CZ Mandi||SE(OP) Bilaspur||Sr. Xen (E) Karsog,670273.0,685431.0,2.261
2021_HPSEB_47041_1,"Tender for SOP to LIS Phalian, Rajol, Upper Anuhi and Salan by providing 250 KVA Sub Station and 11 Kv HT line",HPSEBL||CE (OP) North||SE (OP) Dalhousie,1109950.0,1156080.0,4.156
2021_HPSEB_46986_1,03-2021-22,HPSEBL||CE(OP) South||SE(OP) Solan,555344.0,552789.0,-0.46
2021_HPSEB_46857_2,01-2021-22,HPSEBL||CE(OP) South||SE(OP) Solan,815290.0,627983.0,-22.974
2021_HPSEB_46501_1,"Tender for Supply of equipment / material, design, erection, testing, commissioning shifting of 11kV HT Line 3 Phase LT Line of 100kVA S/stn Banni-I EME-KLP near Tikka Lehsar Yol Cantt under ESD HPSEBL Sidhpur",HPSEBL||CE (OP) North||SE (OP) Kangra||Sr. Xen Dharamshala,947500.0,871340.0,-8.038
2021_HPSEB_46494_1,"Tender for Supply of equipment / material, design, erection, testing, commissioning, for Providing SOP to the Hotel of Smt Nisha Kasyap by reconductoring of 11kV Education Board Feeder UESD No. I Dharamshala.",HPSEBL||CE (OP) North||SE (OP) Kangra||Sr. Xen Dharamshala,893800.0,936392.0,4.765
2021_HPSEB_46492_1,"Tender for Supply of equipment / material, design, erection, testing, commissioning, for Providing SOP to Dy. Inspector General of Police, Northern Range, Dharamshala UESD No. I Dharamshala.",HPSEBL||CE (OP) North||SE (OP) Kangra||Sr. Xen Dharamshala,783000.0,798200.0,1.941
2021_HPSEB_45406_1,"Tender for the Work Survey, Design, Manufacturing, Supply of Material, Erection, Testing and Commissioning of 33/11 KV, 1x3.15 MVA addl. Power Transformer alongwith 33 KV bay and allied Equipments at 33/11 KV, 1x3.15 MVA Sub-Station Jukhala (Under C",HPSEBL||CE(OP) CZ Mandi||SE(OP) Bilaspur,2067348.0,1342363.0,-35.068
2021_HPSEB_45404_1,"Tender for the Work Survey, Design, Manufacturing, Supply of Material, Erection, Testing and Commissioning of 11 KV Metering Equipment Outdoor type (11 KV CT-PT Combined unit), 3 x 11/.4 KV 630 KVA Distribution Sub- Stations and 11 KV H.T. line for",HPSEBL||CE(OP) CZ Mandi||SE(OP) Bilaspur,7258967.0,6371240.0,-12.229
2021_HPSEB_45399_1,"Supply of Power to LWSS to NC/PC Habitations of Kotla-Gopalpur in Tehsil Banjar District Kullu Stage-III (Jarala, Ritudhar) in (E) Section Balichowki under Electrical Sub-Division HPSEBL, Balichowki on Turnkey Basis.",HPSEBL||CE(OP) CZ Mandi||SE(OP) Kullu,2742758.0,2637158.0,-3.85
2021_HPSEB_45048_1,SEES/SHIMLA-272/2020-21,HPSEBL||CE(ES) Hamirpur||SE(ES) Shimla,4623710.0,3898708.0,-15.68
2021_HPSEB_44986_1,OCN/DB-NIT No.-105/2020-21,HPSEBL||CE(OP) South||SE(OP) Nahan,659308.0,652775.0,-0.991
2021_HPSEB_44783_4,20/2020-21,HPSEBL||CE(OP) CZ Mandi||SE(OP) Mandi,2649460.0,2904000.0,9.607
2021_HPSEB_44759_1,HPSEBL/SEGB/DB-07/2020-21-09,HPSEBL||CE(Gen) Sundernagar||SE(Gen) Bhaba Nagar,2072681.0,1770000.0,-14.603
2021_HPSEB_44427_1,HPSEBL/SEGB/DB-07/2020-21-07,HPSEBL||CE(Gen) Sundernagar||SE(Gen) Bhaba Nagar,821865.0,704460.0,-14.285
2021_HPSEB_44102_1,"Erection, Testing , commissioning of 33/11KV, 1x3.15 MVA Power Transformer at 33/132 KV Sub-Station Kurthala under 220 kV Sub-Station ES Division HPSEBL, Jassure.",HPSEBL||CE(ES) Hamirpur||SE(ES) Hamirpur,5892090.0,6814541.0,15.656
2021_HPSEB_43794_1,16-2020-21,HPSEBL||CE(OP) South||SE(OP) Solan,702079.0,663046.0,-5.56
2021_HPIPH_53234_1,A/R and M/O Sewerage Scheme Nagrota Bagwan Distt.Kangra,"HP Irrigation and Public Health||Dharamshala Circle,Irrigation and Public Health,HP||Nagrota Bagwan",941889.0,1134950.0,20.497
2021_HIMUD_54960_2,Construction of Office Building of Child Development Project Officer Pachhad and Tehsil Welfare Officer at Sarahan Distt Sirmaur HP,"Himachal Urban Development Authority||Supdt. Engineer (S),HIMUDA||Executive Engineer Electrical Dn,Shimla,HIMUDA||Assistant Engineer,EEE Dn Shimla,HIMUDA",985269.0,1390140.0,41.092
2021_HIMUD_54960_1,Repair and Renovation of AIIMS Guest House Rani Amrit Kaur Bhawan at Summer Hill Shimla HP,"Himachal Urban Development Authority||Supdt. Engineer (S),HIMUDA||Executive Engineer Electrical Dn,Shimla,HIMUDA||Assistant Engineer,EEE Dn Shimla,HIMUDA",1974925.0,1881479.0,-4.732
2021_HIMUD_54366_1,Construction of Mortuary at Civil Hospital Salooni Distt. Chamba H.P.,"Himachal Urban Development Authority||Supdt. Engineer (N),HIMUDA||Executive Engineer Electrical Dn,Dharamsala,HIMUDA",1083430.0,917980.0,-15.271
2021_HIMUD_53585_1,Construction of State Sports Hostel at Luhnu Distt Bilaspur HP,"Himachal Urban Development Authority||Supdt. Engineer (N),HIMUDA||Executive Engineer Electrical Dn,Dharamsala,HIMUDA",547525.0,666347.0,21.702
2021_HIMUD_52067_1,Construction of Communication and Technical Service Centre at Maandal Bhangrotu Distt Mandi HP,"Himachal Urban Development Authority||Supdt. Engineer (N),HIMUDA||Executive Engineer Electrical Dn,Dharamsala,HIMUDA",4547496.0,4948605.0,8.82
2021_HIMUD_51632_1,Construction of Model School at Hillour Pangi Distt Chamba H.P.,"Himachal Urban Development Authority||Supdt. Engineer (N),HIMUDA||Executive Engineer Electrical Dn,Dharamsala,HIMUDA",1282460.0,1470015.0,14.625
2021_HIMUD_51629_1,construction of Ayurvedic Hospital at Katrain Distt. Kullu H.P.,"Himachal Urban Development Authority||Supdt. Engineer (N),HIMUDA||Executive Engineer Electrical Dn,Dharamsala,HIMUDA",2445607.0,3179702.0,30.017
2021_DRDPR_50861_1,Construction Block Development Office Bangana Distt Una HP Providing Electrical Fittings Main SOP cable and Earthing etc PartII,Directorate Rural Development and Panchayati Ra,894680.0,1187825.0,32.765
2021_BBNDA_45862_1,"Providing and Installation of 2 Nos. High Mast. Lights at CETP Kenduwal, Baddi",Baddi Barotiwala Nalagarh Development Authority||Director Industries to the Govt. of H.P.Shimla||CEO BBNDA at Baddi Distt.Solan (H.P.)||Executive Engineer (Project Division) BBNDA,554000.0,724883.0,30.845
2020_UDDHP_41710_1,NA,Directorate of Urban Development||Urban Development - UDDHP||Municipal Council Kullu - UDDHP,1901202.0,1538240.0,-19.091
2020_UDDHP_41680_1,NA,Directorate of Urban Development||Urban Development - UDDHP||Municipal Council Kullu - UDDHP,988751.0,782725.0,-20.837
2020_UDDHP_41678_1,NA,Directorate of Urban Development||Urban Development - UDDHP||Municipal Council Kullu - UDDHP,801934.0,587445.0,-26.746
2020_UDDHP_38121_18,P/l High Mast Light at Hanuman Chowk and Bus Stand Dehra,Directorate of Urban Development||Urban Development - UDDHP||Nagar Panchayat Dehra - UDDHP,800000.0,587371.0,-26.579
2020_SIDC_41394_1,Construction of inspection Hut cum - HPSIDC Division Office at Ind. Area Mehatpur Distt. Una (HP). (SH- Providing Electrical Installation),HP SIDC Limited,401055.0,338614.0,-15.569
2020_SIDC_41354_1,"Construction of Govt. Polytechnic College at Jandour, Tehsil Jaswan, Distt. Kangra (HP).(SH- Providing Electrical Installation thereof).",HP SIDC Limited,9161014.0,7235890.0,-21.014
2020_SIDC_37631_1,"Providing street lighting in HPSIDC Industrial Area Baddi, Distt. Solan (HP).",HP SIDC Limited,2331856.0,1347840.0,-42.199
2020_SIDC_37618_1,"Providing E.I in Veterinary Hospital at Swarghat, Distt. Bilaspur (HP)",HP SIDC Limited,283228.0,220670.0,-22.088
2020_SIDC_37610_1,"Providing street lighting in HPSIDC Industrial Estate Davni, Tehsil Baddi, Distt. Solan (HP).",HP SIDC Limited,2466617.0,1811110.0,-26.575
2020_SIDC_34555_1,Providing Electrical Installation in Service Building at Gagret Distt. Una (HP).,HP SIDC Limited,596304.0,493770.0,-17.195
2020_SIDC_34551_1,Providing Electrical Installation in ITI Building at Dharampur Distt. Solan (HP).,HP SIDC Limited,4680972.0,3815030.0,-18.499
2020_SIDC_34550_1,Providing Electrical Installation in New Workshop Block at Govt. ITI Building Solan Distt. Solan (HP),HP SIDC Limited,2321562.0,2032714.0,-12.442
2020_SIDC_34548_1,Providing Electrical Installation in Govt. ITI Building at Dalash Teh. Anni Distt. Kullu (HP),HP SIDC Limited,3034130.0,3173973.0,4.609
2020_SIDC_34070_1,Providing Electrical Installation in Squash court and Table Tennis Court at Naya Bazar Nahan Distt. Sirmour H.P.,HP SIDC Limited,750593.0,702938.0,-6.349
2020_SIDC_34067_1,Providing E.I. of Godown of Civil Supplies Corporation at Thunag Distt. Mandi (HP).,HP SIDC Limited,296411.0,229785.0,-22.478
2020_SIDC_34064_1,Providing E.I. of Godown of Civil Supplies Corporation at Sandhole Distt. Mandi (HP).,HP SIDC Limited,296411.0,229485.0,-22.579
2020_PWD_42220_1,Construction of additional floors of news trauma centre at IGMC Shimla SH Balance work of fire detection and PA system therein,PWD,1406780.0,1385700.0,-1.498
2020_PWD_42217_1,Extension of central heating of auditorium to medical college Shimla Anatomy block in Dis section museum hall,PWD,2150000.0,2359864.0,9.761
2020_PWD_41984_1,NA,PWD,1969536.0,2281305.0,15.83
2020_PWD_41968_1,Construction of MG Govt Engineering college at Kotla Jeori in Tehsil Rampur Bsr Distt Shimla SH Providing power wiring in civil Engineering block,PWD,816085.0,1044472.0,27.986
2020_PWD_41966_1,Construction of Govt M G Engineering college at Kotla Jeori Tehsil Rampur Bsr District Shimla SH Providing balance work in admin and feeder panel,PWD,1233940.0,1280000.0,3.733
2020_PWD_41965_1,Construction of additional floor of new trauma centre at IGMC Shimla SH Providing fire alarm system therein,PWD,980784.0,985968.0,0.529
2020_PWD_41893_1,NA,PWD,681005.0,776694.0,14.051
2020_PWD_41580_1,Providing facade lighting to Indira Gandhi Indoor Sports complex Shimla,PWD,2740284.0,2699650.0,-1.483
2020_PWD_41558_1,Extension of additional floors in trauma centre at IGMC Shimla SH Providing fire fighting and sprinkler system therein,PWD,2242036.0,2234448.0,-0.338
2020_PWD_41530_1,NA,PWD,2861179.0,2753600.0,-3.76
2020_PWD_41495_1,NA,PWD,1882210.0,1744100.0,-7.338
2020_PWD_41451_1,NA,PWD,1474088.0,1736320.0,17.789
2020_PWD_41449_1,Providing one no elevator in civil and mechanical engieering block of MG Govt Engineering college at Kotla in tehsil Rampur District Shimla,PWD,2245000.0,2244250.0,-0.033
2020_PWD_41448_1,NA,PWD,871376.0,1023925.0,17.507
2020_PWD_41439_1,NA,PWD,871835.0,1036070.0,18.838
2020_PWD_41422_1,Providing Installation of suitable Heating System setup in Multipurpose Hall Old Gothic Hall and Conference Hall in Gaiety Theater Complex Shimla,PWD,1831390.0,1962004.0,7.132
2020_PWD_41416_1,CO National Law University at Ghandal Distt Shimla SH Providing 1 No 13 passenger Elevator in Girls Hostel thereof,PWD,1890000.0,1635000.0,-13.492
2020_PWD_41400_1,Repair of central heating system in basement ground and Ist floor of block B at IGMC Shimla SH Providing hot water piping and heating units in wards roos,PWD,799782.0,813682.0,1.738
2020_PWD_41270_1,Repair of old defective central heating units and pipe in CCU pulumnary medicine medicine office and renal unit of block D at IGMC Shimla,PWD,1198202.0,1233232.0,2.924
2020_PWD_41267_1,Construction of MG Govt Engineering college at Kotla in Tehsil Rampur Bsr Distt Shimla SH Providing power wiring in mechanical Engineering block,PWD,1495602.0,1914177.0,27.987
2020_PWD_41258_1,NA,PWD,571906.0,681445.0,19.153
2020_PWD_40884_1,NA,PWD,1810484.0,2244590.0,23.977
2020_PWD_40878_1,NA,PWD,2775066.0,2769500.0,-0.201
2020_PWD_40873_1,NA,PWD,1519039.0,1512500.0,-0.43
2020_PWD_40849_1,CO Indoor Auditorium for Cultural activities at Solan SH Prov Yard lighting therein,PWD,1442309.0,1480599.0,2.655
2020_PWD_40845_1,Augmentation of Electrical control panel system in Armsdale Phase II Building at H P Sectt Shimla 2,PWD,1727613.0,1879586.0,8.797
2020_PWD_40840_1,CO Judicial Academy at Ghandal Distt Shimla SH Providing EI in Type 5 and Type6 quarter therein,PWD,658653.0,805429.0,22.284
2020_PWD_40831_1,CO 50 Bedded Hospital at Baddi Tehsil Baddi Distt Solan HP SH Providing Fire Fighting System therein,PWD,2780459.0,2147621.0,-22.76
2020_PWD_40809_1,CO Operation theater in Trauma Center of Nalagarh Govt Hospital Distt Solan HP SH Prov EI therein,PWD,865097.0,1060028.0,22.533
2020_PWD_40808_1,CO Science Block at GSSS Bhumti Tehsil Arki Distt Solan HP SH Providing EI therein,PWD,556401.0,638794.0,14.808
2020_PWD_40805_1,CO Science learning and Creativity Centre at Village Bhog Anandpur Shoghi Tehsil and Distt Shimla Initutional Building Hostel Building SH Providing Compound light earthing for Lift main Panel lightning Arrester,PWD,763124.0,885089.0,15.982
2020_PWD_40799_1,Providing Electrical installation in Second Third and Fourth Floor of Science Block PG College Nahan to be handed over to District Ayurvedic Dept Nahan Distt Sirmour HP,PWD,1984544.0,2209584.0,11.34
2020_PWD_40579_1,NA,PWD,935275.0,1148285.0,22.775
2020_PWD_40255_1,Replacement of one number elevator in nurses and girls hostel in block C at IGMC Shimla,PWD,2098000.0,2147000.0,2.336
2020_PWD_40213_1,Modernization Up gradation of four 4 Nos OTIS Elevators at HP High court Building Shimla HP,PWD,5040000.0,4120560.0,-18.243
2020_PWD_40210_1,Providing special repair to Central Heating system in Police Headquarters at Nigam Vihar Shimla H.P,PWD,957089.0,950410.0,-0.698
2020_PWD_39968_1,Construction of phase I of Govt polytechnic building at Kalpa in Distt Kinnaur SH Prov power wiring therein,PWD,2255647.0,2905134.0,28.794
2020_PWD_39912_1,Construction of new OPD block at IGMC Shimla SH Providing minotor for COU D links switch and wireless ink tank printer for LED smart display signage at level 2178 2181 2201 and 2205,PWD,990871.0,985680.0,-0.524
2020_PWD_39909_1,Construction of OPFD block at IGMC Shimla SH Providing secured wi fi system mat level 2178 2181 2201 and 2205 in new OPD block,PWD,989900.0,982940.0,-0.703
2020_PWD_39908_1,Construction of new OPD block at IGMC Shimla SH Providing UPS distribution panel insultation mats for main and control pannel in attic floor and petty items required for IT section,PWD,931787.0,928550.0,-0.347
2020_PWD_39588_1,Construction of new OPD block at IGMC Shimla SH Providing campus lighting phase I therein,PWD,770248.0,779095.0,1.149
2020_PWD_39585_1,Construction of ware house at Fagu Tehsil Theog Distt Shimla SH Providing EI and high mast light therein,PWD,1500340.0,1657400.0,10.468
2020_PWD_39582_1,Construction of combined office building at Theog Distt Shimla SH Providing EI therein,PWD,1824878.0,2560740.0,40.324
2020_PWD_39579_1,Construction of CHC building at Kupvi in Tehsil Chopal Distt Shimla SH Providing EI therein,PWD,1949149.0,2503888.0,28.461
2020_PWD_39577_1,Providing 1 Number 16 mtr. high mast lighting system in MC unit at Rahighat in Tehsil Theog Distt Shimla,PWD,677871.0,713079.0,5.194
2020_PWD_39571_1,Providing 1No 16 mtr high mast lighting system with MC limit unit at Theog Distt Shimla,PWD,677871.0,678746.0,0.129
2020_PWD_39442_1,CO Indoor Auditorium for Cultural Activities at Solan SH Prov P4 LED Video Wall therein,PWD,2496240.0,1774822.0,-28.9
2020_PWD_39441_1,NA,PWD,772603.0,750300.0,-2.887
2020_PWD_39440_1,NA,PWD,823500.0,537500.0,-34.73
2020_PWD_39396_1,NA,PWD,5628525.0,6742851.0,19.798
2020_PWD_39195_1,Construction of youth hostel at Kalpa in District Kinnaur SH Providing balance work of electrical installaltion and heating system therein,PWD,2469381.0,2996899.0,21.362
2020_PWD_39159_1,Construction of new OPD block at IGMC Shimla Const of trauma centre therein SH Providing IP phones for existing Avaya IP excxhange Cat6 wiring etc,PWD,814056.0,890812.0,9.429
2020_PWD_39149_1,Providing special repair to EI in terminal Sabzi Mandi at Solan SH Replacement of damaged wires accessories switchgear and CFL Fittings with LED Fittings therein,PWD,1985438.0,2200129.0,10.813
2020_PWD_39146_1,SITC of 62.5 KVA DG set with AMF Panel at IRL Lab TB Hospital Dharampur Tehsil Kasauli Distt Solan HP,PWD,960792.0,1006416.0,4.749
2020_PWD_39145_1,CO Indoor Auditorium for Cultural activities at Solan Distt Solan HP SH SITC of 125 KVA DG Set thereof,PWD,1556904.0,1591029.0,2.192
2020_PWD_39136_1,NA,PWD,2700000.0,2205000.0,-18.333
2020_PWD_39103_1,CO Multistorey Parking and Office Accommodation at Secretariat Armsdale Phase III Shimla Sh Providing Central Heating System therein,PWD,9465660.0,9786067.0,3.385
2020_PWD_39102_1,CO Indoor Auditorium at Nahan Distt Sirmour HP SH Providing EI therein,PWD,6752176.0,8105660.0,20.045
2020_PWD_39099_1,CO Multi Storey Parking and Office Accommodation at HP Secretariat Armsdale Phase III Shimla Sh Prov Wet riser and ring main of fire fighting system therein,PWD,2665226.0,2076676.0,-22.083
2020_PWD_39098_1,CO Block No 30 type II Qtr 8 Nos at Nabha SH Providing EI therein Block 30 8 set,PWD,552054.0,660376.0,19.622
2020_PWD_39097_1,CO Indoor Auditorium for Cultural activities at Solan Distt Solan HP SH Providing fire fighting and sprinkler system therein,PWD,3429013.0,2826600.0,-17.568
2020_PWD_39096_1,CO Jawahar Lal Govt College of Fine Arts at Mohal Luharab Distt Shimla SH Providing EI therein,PWD,3463299.0,4505283.0,30.086
2020_PWD_39095_1,Prov Electrical installation in Ground floor and First Floor of Science Block PG College Nahan to be handed over to District Ayurvedic Deptt at Nahan Distt Sirmour HP,PWD,689099.0,855205.0,24.105
2020_PWD_39094_1,CO Advocate General Office Building Near HP High Court Shimla SH Providing additional work of EI thereof,PWD,868943.0,880443.0,1.323
2020_PWD_38929_1,NA,PWD,1243701.0,1465145.0,17.805
2020_PWD_38924_1,NA,PWD,2999768.0,3459805.0,15.336
2020_PWD_38833_1,"Construction of Degree College at Bharmour in Tehsil Bharmour, Distt. Chamba, HP (SH- Providing E.I. therein).",PWD,3130691.0,3819442.0,22.0
2020_PWD_38765_1,NA,PWD,19982113.0,15112703.0,-24.369
2020_PWD_38430_1,Construction of new OPD block at IGMC Shimla SH Providing IP phones Rack etc for existing Avaya IP exhange Cat 6 wiring etc therein,PWD,1160050.0,1258485.0,8.485
2020_PWD_38310_2,Construction of Govt polytechnic college at Kalpa Distt Kinnaur SH Providing EI in phase I therein,PWD,2326200.0,2996118.0,28.799
2020_PWD_38100_1,Construction of MG Govt Engineering college at Kotla Jeori in Tehsil Rampur District Shimla SH Providing road side lighting in Admn and lecture hall phase I therein,PWD,2065659.0,2129502.0,3.091
2020_PWD_38095_1,Construction of Tribal Bhawan at Rampur Bsr District Shimla SH Providing Electrical installaltion therein,PWD,1902599.0,2411710.0,26.759
2020_PWD_38091_1,Construction of combined office building at Kumarsain District Shimla SH Providing electrical installaltion therein,PWD,1550440.0,1990969.0,28.413
2020_PWD_38083_1,C O 30 Beded C.H.C Building at Nohradhar Tehsil Sangrah Distt. Sirmour HP SH Providing and installation of 1 Nos. 26 Passenger Elevator therein,PWD,2950000.0,2300000.0,-22.034
2020_PWD_38082_1,Prov. 1 No. 15 Passenger elevator at Ayurvedic Hospital Nahan Distt. Sirmour H.P.,PWD,2725000.0,1528000.0,-43.927
2020_PWD_38081_1,C O National Law Univesity at Ghandal Dhami Distt. Shimla HP SH Providing 1 No. 13 passenger elevator in Block.C,PWD,1911000.0,1357000.0,-28.99
2020_PWD_38080_1,C O 50 Beded Civil Hospital at Baddi Distt. Solan SH Providing E.I therein,PWD,7695748.0,9234840.0,19.999
2020_PWD_38079_1,C O Covid Lab at Nahan District Sirmour H.P. SH Prov. E.I therein,PWD,618009.0,688753.0,11.447
2020_PWD_38077_1,CO National law University at Ghandal Dhami Distt. Shimla HP SH Providing E.I in Girls Hostel Block A Block C Block D and Mess Block B,PWD,4750305.0,5946620.0,25.184
2020_PWD_38076_1,CO State MDR T.B Drug Store at T.B.S Hospital Dharampur Tehsil Kasauli Distt. Solan HP SH Prov. E.I therein,PWD,1692159.0,1852986.0,9.504
2020_PWD_38075_1,CO Indoor Stadium at Thodo Ground Solan Tehsil and Distt. Solan. SH Prov. E.I. therein.,PWD,3355167.0,3818760.0,13.817
2020_PWD_38026_1,NA,PWD,2744865.0,2735000.0,-0.359
2020_PWD_37949_1,Providing and fixing of hot air blowers and air conditioning system in newly constructed school block building of Jawahar Navodaya Vidyalaya at Reckong Peo District Kinnaur,PWD,938118.0,1033708.0,10.19
2020_PWD_37936_1,Construction of ekalavya model residential school in District Kinnaur SH Providing EI in Admn block therein,PWD,653638.0,847023.0,29.586
2020_PWD_37934_1,Construction of youth hostel at Kalpa District Kinnaur SH Providing electrical installation therein,PWD,2318039.0,2995750.0,29.236
2020_PWD_37851_1,NA,PWD,2973640.0,2898500.0,-2.527
2020_PWD_37850_1,NA,PWD,1242799.0,1287000.0,3.557
2020_PWD_37849_1,NA,PWD,2995000.0,2980000.0,-0.501
2020_PWD_37847_1,NA,PWD,1636268.0,1860200.0,13.686
2020_PWD_37406_1,NA,PWD,2916906.0,2776700.0,-4.807
2020_PWD_37392_1,NA,PWD,2950517.0,2989950.0,1.336
2020_PWD_37307_1,Construction expansion of existing cancer hospital building at IGMC Shimla SH Providing Central heating system therein,PWD,6996773.0,7346855.0,5.003
2020_PWD_37057_1,Construction of civil hospital at Rohru District Shimla SH Additional work of walls and fittings in pump house of fire fighting system therein,PWD,931735.0,1004694.0,7.83
2020_PWD_36727_1,Providing 2 No. passenger elevators in Ellersile building at H.P. Secretariat Shimla-2,PWD,3650000.0,3220000.0,-11.781
2020_PWD_36726_1,CO Warehouse for Storage of Electronic Machines EVMs and VVPATs at Kather Solan Tehsil and Distt. Solan HP. SH Providing E.I. there in,PWD,1462388.0,1685896.0,15.284
2020_PWD_36724_1,1. CO Indoor Auditorium for Cultural programmes at Solan Distt Solan Prov. Addressable Fire Alarm system and PA system therein.,PWD,2051224.0,1336414.0,-34.848
2020_PWD_36622_1,NA,PWD,2925667.0,2745520.0,-6.157
2020_PWD_36569_1,NA,PWD,2250000.0,2240000.0,-0.444
2020_PWD_36559_1,NA,PWD,787060.0,770000.0,-2.168
2020_PWD_36558_1,NA,PWD,1153988.0,1134810.0,-1.662
2020_PWD_36557_1,NA,PWD,1350357.0,1513767.0,12.101
2020_PWD_36542_1,NA,PWD,2887663.0,2747155.0,-4.866
2020_PWD_36358_1,NA,PWD,914500.0,912000.0,-0.273
2020_PWD_35866_1,NA,PWD,772104.0,770500.0,-0.208
2020_PWD_35711_1,Construction of Trauma Centre at IGMC Shimla SH Providing VRV HVAC system therein,PWD,8032251.0,7965390.0,-0.832
2020_PWD_35685_1,Providing rewiring to EI in type IV quarters 18 Numbers block A B and C of medical department of MGMSC at Khaneri Rampur Bsr,PWD,958536.0,1217992.0,27.068
2020_PWD_35684_1,Construction of bus stand building at Nirmand in District Kullu SH Providing high mast light therein,PWD,677871.0,701265.0,3.451
2020_PWD_35448_1,Construction of new arts block Block C at RKMV Shimla SH Providing electrical installation,PWD,2414450.0,2888466.0,19.632
2020_PWD_35374_1,CO 30 Beded CHC Building at Nohradhar Tehsil Sangrah Distt Sirmour HP SH Providing E I therein,PWD,4270026.0,5105685.0,19.57
2020_PWD_35367_1,CO Indoor Auditorium for Cultural activities at Solan SH Prov Installation of 13 persons passenger Elevator,PWD,1690000.0,1730000.0,2.367
2020_PWD_35366_1,CO Home for Mentally retired Children at Hira Nagar Shimla SH Providing E I in Hostel Block,PWD,801052.0,956171.0,19.364
2020_PWD_34771_1,Construction of Govt Sr Secy School at Sapni in Distt Kinnaur SH Providing EI therein,PWD,586234.0,766001.0,30.665
2020_PWD_34547_1,NA,PWD,3350000.0,3350000.0,0.0
2020_PWD_34507_1,Construction of new OPD block at IGMC Shimla SH Extension of fire alarm system in trauma block,PWD,2496114.0,2484349.0,-0.471
2020_PWD_34337_1,Construction of new OPD blocb at IGMC Shimla SH Providing high mast light therein,PWD,1660695.0,1658797.0,-0.114
2020_PWD_34204_1,Providing 1 No. Passenger Elevator under Accessible India Compaign in Public Service Commission at Nigam Vihar Shimla H.P,PWD,1650000.0,1310000.0,-20.606
2020_PWD_34203_1,Providing Modernization of Goods Elevator 1000Kg in O/O the Controller Printing and Stationary department Ghora Chowki Shima 5,PWD,1565000.0,1360000.0,-13.099
2020_PWD_34202_1,CO Admn. and Teaching Block at National Law University at Shimla,PWD,2556053.0,1545926.0,-39.519
2020_PWD_34184_1,CO District Ayurvedic Office and Ayurvedic Health Centre Building alongwith District Store at Tutikandi Shimla SH Providing E I therein,PWD,544192.0,660811.0,21.43
2020_PWD_34170_1,CO Multi Storey Parking and office Accomodation at Secretariat Shimla Armsdale Phase III,PWD,937906.0,100101.0,-89.327
2020_PWD_34144_1,Providing AUDIO VEDIO System at SRI CHAMUNDA NANDIKESHWER TEMPLE CHAMUNDA under the scheme of financial assistance for creation of culture infrastructure Distt. KANGRA HP.,PWD,9981159.0,8999885.0,-9.831
2020_PWD_34141_1,Providing AUDIO VEDIO System at SRI JAWALAMUKHI TEMPLE under the scheme of financial assistance for creation of culture infrastructure Distt. KANGRA HP.,PWD,9964585.0,8802200.0,-11.665
2020_PWD_34140_1,Construction of ekalavya model residential school at Nichar in Distt Kinnaur SH Providing EI i hostel block 2Nos therein,PWD,1888722.0,2496139.0,32.16
2020_PWD_34107_1,Providing PA AUDIO System at SRI CHAMUNDA NANDIKESHWER TEMPLE CHAMUNDA under the scheme of financial assistance for creation of culture infrastructure Distt. KANGRA HP.,PWD,2961519.0,2559236.0,-13.584
2020_PWD_34105_1,Providing PA AUDIO System at SRI JAWALAMUKHI TEMPLE under the scheme of financial assistance for creation of culture infrastructure Distt. KANGRA HP.,PWD,2921777.0,2493126.0,-14.671
2020_PWD_34073_1,Construction of new OPD block at IGMC Shimla SH Providing lighting arrangement in connection passenger from new block to existing block-D and ceiling mounted exhaust fan etc in the attic floor and toilets,PWD,880936.0,917074.0,4.102
2020_PWD_34066_1,Construction expansion of existing cancer hospital building at IGMC Shimla SH Providing fire alarm system therein,PWD,1821348.0,1855125.0,1.855
2020_PWD_33904_1,Construction expansion of cancer hospital building at IGMC Shimla SH Providing fire fighting system,PWD,2510803.0,2473149.0,-1.5
2020_HPTDC_41205_1,"Supplying Installation Testing and Commissioning of Solar Water Heating System with Heat Pump, Re Circulation Pump and Pressure Booster Pump at Hotel Ros Common Dak Bunglow at Kasauli Distt Solan HP",Himachal Pradesh Tourism Development Corporation||Head Office - Shimla - HPTDC||Project Branch - HPTDC,1653470.0,1312811.0,-20.603
2020_HPIPH_37263_1,Providing CAD work to LIS Uttri GP Naya in Tehsil Shillai Distt Sirmour HP,"HP Irrigation and Public Health||Nahan Circle,Irrigation and Public Health,HP",960986.0,916258.0,-4.654
2020_HPIPH_37262_1,Restoration of Rain damages to LWSS Suidhar in GP Jarwa Tehsil Shillai,"HP Irrigation and Public Health||Nahan Circle,Irrigation and Public Health,HP",701400.0,1216200.0,73.396
2020_HIMUD_38988_1,Construction of CID Office Building at Bilaspur HP,Himachal Urban Development Authority,846666.0,651800.0,-23.016
2020_HIMUD_38682_1,Construction of Office Building alongwith Parking of HP State Pollution Control Board at Una Distt Una HP,"Himachal Urban Development Authority||Supdt. Engineer (S),HIMUDA",544225.0,464629.0,-14.626
2020_HIMUD_37056_1,Electrical works,"Himachal Urban Development Authority||Supdt. Engineer (S),HIMUDA",643259.0,761815.0,18.431
2020_HIMUD_37053_1,Electrical works,"Himachal Urban Development Authority||Supdt. Engineer (S),HIMUDA",1866067.0,1646600.0,-11.761
2020_HIMUD_33912_2,Construction of Fire Station Office Building at Baddi Distt Solan HP SH Providing internal Electrical Installation Balance work,"Himachal Urban Development Authority||Supdt. Engineer (S),HIMUDA",1078361.0,1442771.0,33.793
2020_HIMUD_33912_1,Construction of PSFS Baddi Phase III Distric Solan HP 24 Nos Cat II flats with Parking floor SH Providing internal electrical installation work therein Balance work,"Himachal Urban Development Authority||Supdt. Engineer (S),HIMUDA",1608031.0,2437707.0,51.596
2020_DRDPR_41211_1,Construction of Block Development Office Bangana Distt Una HP,Directorate Rural Development and Panchayati Ra,1074615.0,1493715.0,39.0
2019_YSPU_33540_1,"Construction of Lab-cum-Store at COHF Neri, Distt. Hamirpur (SH- Providing Electrical Installation).",Dr. Yashwant Singh Parmar University of Horticulture and Forestry,544735.0,511430.0,-6.114
2019_YSPU_33069_1,"Providing inverter in the Vice Chancellor office and Auditorium at main campus Nauni, Solan.",Dr. Yashwant Singh Parmar University of Horticulture and Forestry,0.0,570000.0,NA
2019_SIDC_32494_1,Providing Electrical Installation in service building converted to Business Promotion Centre at Ind. Area Shoghi Distt. Shimla (HP).,HP SIDC Limited,387340.0,336200.0,-13.203
2019_SIDC_30552_1,"Providing Electrical installation in Sainik Rest House Solan, Distt. Solan (HP).",HP SIDC Limited,1495718.0,1314980.0,-12.084
2019_SIDC_29737_1,"Providing and Installation of 1 No. High Mast (12.5 mtr long) at Ind. Area Amb, Distt. Una (HP).",HP SIDC Limited,408280.0,285000.0,-30.195
2019_SIDC_29734_1,Providing Electrical Installation in DNA Lab at Dharamshala Distt. Kangra (HP).,HP SIDC Limited,265797.0,243337.0,-8.45
2019_SIDC_29733_1,"Providing Electrical Installation in Godown of Civil Supply Corporation at Chamba, Distt. Chamba (HP).",HP SIDC Limited,584900.0,457717.0,-21.744
2019_SIDC_29732_1,"Providing Electrical Installation in 4 Nos. Type-4 residences of RFSL at Dharamshala, Distt. Kangra (HP).",HP SIDC Limited,648670.0,572893.0,-11.682
2019_SIDC_29731_1,"Providing and Installation of 2 No. High Mast (12.5 mtr long) at Ind. Area Mehatpur, Distt. Una (HP).",HP SIDC Limited,816560.0,570000.0,-30.195
2019_SIDC_29730_1,"Providing and Installation of 1 No. High Mast (12.5 mtr long) at Ind. Area Basal, Distt. Una (HP).",HP SIDC Limited,408280.0,285000.0,-30.195
2019_SIDC_29712_1,"Providing and Installation of 1 No. High Mast (12.5 mtr long) at Ind. Area Gagret, Distt. Una (HP).",HP SIDC Limited,816560.0,570000.0,-30.195
2019_SIDC_28455_1,"Providing E.I. in school building under RMSA at Govt. S.S. School Mashran, Chopal Distt. Shimla (HP).",HP SIDC Limited,250440.0,293268.0,17.101
2019_SIDC_28452_1,"Providing E.I. in school building under RMSA at Govt. S.S.School Bharan , Chopal Distt. Shimla (HP).",HP SIDC Limited,250440.0,293268.0,17.101
2019_SIDC_28252_1,Providing E.I. in Sheep Farm of Veterinary Department at Nagwain Distt. Mandi (HP).,HP SIDC Limited,380503.0,318868.0,-16.198
2019_SIDC_27033_1,Development of State of Art Ind. Area Kandrori Distt. Kangra (HP). (SH- Providing street light for Ind. Area Campus).,HP SIDC Limited,17041280.0,13652686.0,-19.885
2019_SIDC_27016_1,"Providing E.I. Work in ITI Building at Junga, Distt. Shimla (HP).",HP SIDC Limited,1923425.0,1755480.0,-8.732
2019_SIDC_27010_1,Construction of Veterinary Hospital at Chururu Distt. Una (HP). ( SH-Providing and fixing of electrical installation thereof).,HP SIDC Limited,278784.0,267057.0,-4.206
2019_SIDC_26354_1,Providing E.I. in ITI building at Shimla (Boileauganj) Dist. Shimla (HP).,HP SIDC Limited,1134887.0,1001170.0,-11.782
2019_PWD_33787_1,Construction of Ekalavya model residential school at Nichar in Distt Kinnaur sH Providing EI in school building therein,PWD,1829062.0,2375700.0,29.886
2019_PWD_33669_1,Construction of ITI building at Dargi in Tehsil Sunni Distt Shimla SH Providing electrical installation therein,PWD,1877994.0,2367483.0,26.064
2019_PWD_33635_1,Construction of MG Engineering college at Kotla Jeori Tehsil Rampur Bsr Distt Shimla SH Providing fire fighting system in civill and mechnical block therein,PWD,1517782.0,1669875.0,10.021
2019_PWD_33632_1,Construction of ITI building at Chirgaon in Tehsil Rohru Distt Shimla SH Providing EI therein,PWD,1783396.0,2284210.0,28.082
2019_PWD_33183_1,Construction of new OPD block at IGMC Shimla SH Providing fire fighting in trauma block therein,PWD,2181004.0,2085547.0,-4.377
2019_PWD_32871_1,CO Circuit House at Willys Park Shimla SH Providing LED chandelier in various levels,PWD,1699870.0,1681268.0,-1.094
2019_PWD_32843_1,Construction of civil hospital building at Kumarsain 50 bedded in District Shimla SH Providing 1Number 24 passenger lift therein,PWD,3300000.0,3295000.0,-0.152
2019_PWD_32801_1,Providing 1 No Passenger elevator in Block A of Nirman Bhawan at Shimla H P,PWD,1486000.0,1035000.0,-30.35
2019_PWD_32798_1,Providing 1 No passenger elevator in the residence of Honble Chief minister at Oak over Shimla H P,PWD,1118488.0,950000.0,-15.064
2019_PWD_32664_1,Construction expansion of existing cancer hospital building at IGMC Shimla SH Providing electrical installation therein,PWD,3780294.0,4496536.0,18.947
2019_PWD_32663_1,Construction expansion of existing cancer hospital building at IGMC Shimla SH Providing one No.500KVA DG set therein,PWD,4540142.0,5687560.0,25.273
2019_PWD_32459_1,NA,PWD,580000.0,580000.0,0.0
2019_PWD_32380_1,Providing and installation Hot Cold AIR conditioner in conference Hall at Armsdale Bldg HP Sectt Shimla 2,PWD,650489.0,649150.0,-0.206
2019_PWD_32379_1,Providing 100 KVA D G set in the Govt Degree College Poanta Sahib In Distt Sirmour H P,PWD,1329629.0,1484129.0,11.62
2019_PWD_32349_1,NA,PWD,655348.0,654000.0,-0.206
2019_PWD_32348_1,NA,PWD,743843.0,742800.0,-0.14
2019_PWD_32309_1,NA,PWD,2145000.0,1740000.0,-18.881
2019_PWD_32288_1,CO Home for Mentally Retired Childten at Heera Nagar Shimla SH Providing E I in School Block,PWD,635267.0,772233.0,21.56
2019_PWD_32285_1,Providing Special Repair to EI in TB Sanatorium Hospital at Dhrampur Distt. Solan HP SH Providing Re Wiring therein,PWD,955356.0,1129192.0,18.196
2019_PWD_32283_1,CO Indoor Auditorium for cultural activities at Solan SH Prov Stage Lighting thereof,PWD,2469225.0,1762060.0,-28.639
2019_PWD_32270_1,CO Indoor Auditorium for cultural activities at Solan SH ProvAudio System therein,PWD,2591304.0,1729680.0,-33.251
2019_PWD_32258_1,Construction of new OPD block at IGMC Shimla SH Providing fire detection in additional floor,PWD,1492212.0,1430640.0,-4.126
2019_PWD_32232_1,Construction of new OPD at IGMC Shimla SH Providing Diesel Engine and ring main,PWD,1489540.0,1424090.0,-4.394
2019_PWD_32231_1,Construction of Govt Sr Secy School at Rarang in Distt Kinnaur SH Providing EI therein,PWD,959646.0,1208753.0,25.958
2019_PWD_32126_1,Providing 1No.elevator in administrative block at Kotla Jeori Tehsil Rampur Bsr Distt Shimla,PWD,2176298.0,2347000.0,7.844
2019_PWD_32125_1,Providing 1 No elevator in lecture hall block of MG Govt Engineering college at Kotla Jeori Tehsil Rampur Distt Shimla,PWD,2286298.0,2447000.0,7.029
2019_PWD_32109_1,Providing 100KVA DG set for TB containment Lab in the medical college at IGMC Shimla,PWD,1611304.0,1890000.0,17.296
2019_PWD_31981_1,NA,PWD,1993456.0,2332870.0,17.026
2019_PWD_31623_1,NA,PWD,664658.0,636190.0,-4.283
2019_PWD_31621_1,NA,PWD,1324635.0,1052025.0,-20.58
2019_PWD_31615_1,NA,PWD,2420667.0,1749365.0,-27.732
2019_PWD_31461_1,Providing Modernization to 1 No 8 Passenger OTIS Elevator in OO the Controller Printing Stationary Department Ghora Chowki Shimla 5,PWD,1385000.0,1322050.0,-4.545
2019_PWD_31460_1,CO Admin and Teaching Block at National Law University at Ghandal Shimla SH Prov 1 No 10 passenger elevators therein,PWD,1750000.0,1590000.0,-9.143
2019_PWD_31459_1,CO Circuit House at Willys Park Shimla SH Providing wiring for additional Lights in ceiling cove light down lighter etc in various floor of blocks LT panel with phase corrector in lift machine room thereof,PWD,976017.0,1117495.0,14.495
2019_PWD_31457_1,CO Admin and Teaching Block at National Law University at Shimla SH Providing SOP cables for Teaching Block and Girls Hostel,PWD,958386.0,1058960.0,10.494
2019_PWD_31370_1,NA,PWD,997337.0,897725.0,-9.988
2019_PWD_31356_1,Construction of vikas bhawan at Kotkhai Distt Shimla SH Providing 2No. 8 passenger elevator between level 108 to 127.75,PWD,2999996.0,2880000.0,-4.0
2019_PWD_31354_1,Construction of new hospital block at Theog SH Providing 1No. 20 passenger elevator between level 89 to 113,PWD,2760000.0,2690000.0,-2.536
2019_PWD_31352_2,Construction of civil hospital at Kumarsain Distt Shimla SH Providing fire fighting system therein,PWD,2823751.0,2874374.0,1.793
2019_PWD_31340_1,Construction of ITI building at Jalog in Tehsil Sunni District Shimla SH Providing electrical installation therein,PWD,2256407.0,2846884.0,26.169
2019_PWD_31339_2,Construction of Jawahar Navodya vidyaloya at R Peo Distt Kinnaur SH Providing EI in school block building,PWD,1909604.0,1238576.0,-35.14
2019_PWD_31338_2,Construction of sub-jail building at Reckong Peo District Kinnaur SH Providing electrical installation therein,PWD,2353154.0,2798237.0,18.914
2019_PWD_31336_2,Construction of Govt Sr Secy School at Matiana Distt Shimla SH Providing electrical installaltion therein,PWD,998701.0,1238576.0,24.019
2019_PWD_31240_1,"Construction of vikas bhawan at Kotkhai in District Shimla SH Providing hot air blower at level 108.11,75 and 114.3",PWD,910514.0,1056063.0,15.985
2019_PWD_31148_1,Providing Air-conditioning system in Lecture theater Examination Hall and anatomy block Dr. RPGMC Kangra at Tanda (SH- Providing Cassette type Air-conditioning system in remaining area of Examination Hall therein),PWD,986625.0,974912.0,-1.187
2019_PWD_31082_1,Construction of 10 bedded geriatric ward in District hospital at Reckong Peo District Kinnaur SH Providing 1No passenger elevator therein,PWD,2035000.0,2375000.0,16.708
2019_PWD_30794_1,Construction of MG Govt Engineering college at Kotla Jeori in Tehsil Rampur Bsr Distt Shimla SH Providing fire alarm system in civil and mechanical block therein,PWD,1725301.0,1697320.0,-1.622
2019_PWD_30780_1,CO Admin and Teaching Block at National Law University at Ghandal Shimla SH Providing High Sensitivity lightning arrestor thereof,PWD,898000.0,898000.0,0.0
2019_PWD_30778_1,Replacement damaged Armoured Cable 630 sq mm for Central heating plant from HPSEB Sub station at Admin block of Vidhan Sabha Shimla 4,PWD,1244800.0,1440925.0,15.756
2019_PWD_30296_1,Construction of Centre of Excellence in Mental Health for Dr. RPGMC at Tanda (SH- Providing E.I. therein),PWD,17919073.0,22745529.0,26.935
2019_PWD_30260_2,Annual repair and comprehensive maintenance of 4 Nos. 26 passenger cum bed lift KONE make installed in 500 bedded Hospital Dr. RPGMC Kangra at Tanda for the year 2019-20,PWD,622564.0,610113.0,-2.0
2019_PWD_30260_1,"Annual repair and comprehensive maintenance of 1 No. 20 passenger staff lift, 1 No. Freight lift and 2 Nos. Dumb waiters KONE make installed in 500 bedded Hospital Dr. RPGMC Kangra at Tanda for the year 2019-20",PWD,525430.0,502150.0,-4.431
2019_PWD_30223_1,CO Police Barrack for 40 NGOs GD II at Bn Head quarter Junga Distt Shimla,PWD,599035.0,725962.0,21.189
2019_PWD_30222_1,CO Circuit House at Willys Park Chaura Maidan Shimla,PWD,705300.0,705300.0,0.0
2019_PWD_30212_1,CO Parking Block CUM NH and QC office Block D at Nirman Bhawan Shimla 2,PWD,1850000.0,1433025.0,-22.539
2019_PWD_30200_1,Construction of civill hospital at Rohru District Shimla SH Providing 160KVA DG set therein,PWD,2072052.0,2324300.0,12.174
2019_PWD_30198_1,NA,PWD,2128502.0,2140430.0,0.56
2019_PWD_30179_1,Providing 62.5 KVA DG set in newly constructed CHC building at Nirmand Distt Kullu,PWD,858422.0,961613.0,12.021
2019_PWD_30177_1,Construction of new OPD block at IGMC Shimla SH Providing 1 Number 250KVA DG set,PWD,3751666.0,3812775.0,1.629
2019_PWD_30166_1,NA,PWD,990000.0,990000.0,0.0
2019_PWD_30163_1,NA,PWD,990000.0,990000.0,0.0
2019_PWD_30162_1,Construction of OPD block at IGMC Shimla SH Providing 1 No 500KVA DG set therein,PWD,4554985.0,4960810.0,8.909
2019_PWD_30154_1,Construction of vikas bhawan at Kotkhai in Distt Shimla SH Providing hot air blowers,PWD,888056.0,1030183.0,16.004
2019_PWD_30148_1,Modernization of passenger cum bed lifts 15 passengers at Block-B at IGMC Shimla,PWD,1498220.0,1484100.0,-0.942
2019_PWD_30120_1,NA,PWD,506714.0,506400.0,-0.062
2019_PWD_30109_1,NA,PWD,638040.0,637500.0,-0.085
2019_PWD_30105_1,NA,PWD,765648.0,765000.0,-0.085
2019_PWD_30067_1,NA,PWD,998245.0,638190.0,-36.069
2019_PWD_30066_1,NA,PWD,949700.0,656600.0,-30.862
2019_PWD_30063_1,NA,PWD,623732.0,687382.0,10.205
2019_PWD_30060_1,NA,PWD,804682.0,831589.0,3.344
2019_PWD_29871_1,Running and operation of HVAC system installed in Super Specialty block of Dr. RPGMC Kangra at Tanda for the year 2019-20,PWD,1454480.0,1424016.0,-2.094
2019_PWD_29856_7,"Construction of 6 Nos. type-II Qtrs. For PWD Department at Palampur, Distt. Kangra, HP (SH- Providing E.I. therein)",PWD,609916.0,692537.0,13.546
2019_PWD_29856_6,Replacement of EI and safety devices in First floor at Old Court Complex Dharamshala Distt. Kangra (HP),PWD,701000.0,635276.0,-9.376
2019_PWD_29856_5,"Replacement of EI and safety devices in District Treasury office at Dharamshala, Distt. Kangra (HP)",PWD,613600.0,601003.0,-2.053
2019_PWD_29856_4,Construction of Science lab (Additional accommodation) for Govt. Sr. Sec. School building at Ghar in Tehsil Palampur Distt. Kangra (HP) (SH- Providing EI therein),PWD,567677.0,657073.0,15.748
2019_PWD_29856_3,Additional accommodation of Govt. Senior Secondary School building at Dehan in Tehsil Palampur Distt. Kangra (SH- Providing EI therein),PWD,616349.0,705816.0,14.516
2019_PWD_29856_2,Additional accommodation of Govt. Senior Secondary School building at Gharana in Tehsil Palampur Distt. Kangra (SH- Providing EI therein),PWD,616349.0,705816.0,14.516
2019_PWD_29825_1,CO Multi Storey Parking office Accommodations at Secretariat Shimla Armsdale Phase III SH Providing Addressable Fire Alarm Public Address System therein,PWD,2992810.0,2004164.0,-33.034
2019_PWD_29824_1,CO Admin and Teaching Block at National law University at Shimla SH Providing 100 KVA DG set thereof,PWD,1361821.0,1474290.0,8.259
2019_PWD_29822_1,CO Admin and teaching Block at National Law University at Shimla SH Providing LAN cabling therein,PWD,805595.0,804002.0,-0.198
2019_PWD_29815_1,CO Circuit House at Willy Park Chaura Maidan Shimla 4 SH Providing CCTV System therein,PWD,790720.0,532000.0,-32.72
2019_PWD_29814_1,"Replacement of existing FTL, CFL conventional fixtures with energy efficient LED Luminaries in HP High Court at Shimla SH Replacement in 2th , 3th 4th floors",PWD,796703.0,790035.0,-0.837
2019_PWD_29519_1,NA,PWD,764625.0,722880.0,-5.46
2019_PWD_29515_1,NA,PWD,731725.0,803725.0,9.84
2019_PWD_29395_1,NA,PWD,975473.0,929000.0,-4.764
2019_PWD_29392_1,NA,PWD,958133.0,912000.0,-4.815
2019_PWD_29315_1,NA,PWD,689257.0,792505.0,14.98
2019_PWD_29309_1,NA,PWD,556636.0,524062.0,-5.852
2019_PWD_29283_2,"Supplying, Installation, Testing and Commissioning of 1 (One) No. Electric Traction thirteen Passengers with machine room Elevator to Combined office building Kangra in Tehsil and Distt. Kangra (HP)",PWD,2420000.0,2182500.0,-9.814
2019_PWD_29283_1,Providing 1 No. 20 Passengers Electric Traction Elevator (Staff Lift) in Administration block 2A 500 bedded Hospital Dr. RPGMC Kangra at Tanda.,PWD,3651713.0,3297780.0,-9.692
2019_PWD_29154_1,CO Indoor Auditorium for cultural activities at Solan HP SH Providing E I there in,PWD,5776273.0,6899700.0,19.449
2019_PWD_29149_1,CO Learning and creativity center at village Bhog Anandpur Shoghi Tehsil Distt Shimla SH Prov E I in Hostel Block therein,PWD,1740466.0,2092857.0,20.247
2019_PWD_29141_1,CO Admin and Teaching Block at National Law University At Shimla SH Providing Audio Visual Conferencing System at Conference Hall,PWD,2997910.0,2184468.0,-27.134
2019_PWD_29110_1,Replacement of existing FTL CFL conventional fixtures with energy efficient LED Luminaries in HP High Court at Shimla SH Replacement in 5th 6th 7th floors,PWD,1234551.0,1223910.0,-0.862
2019_PWD_29109_1,CO Admin and Teaching Block at National Law University at Ghandal Shimla Sh Providing UPS System therein,PWD,946400.0,946400.0,0.0
2019_PWD_29108_1,Supplying installation Testing Commissioning of CCTV System in Nirman Bhawan at Nigham Vihar Shimla.,PWD,749520.0,498930.0,-33.433
2019_PWD_29106_1,"Upgradition of LAN Networking system in Architect wing at Nirman Bhawan, Shimla SH Providing 20 KVA 5 KVA UPS system therein",PWD,658420.0,658300.0,-0.018
2019_PWD_29104_1,CO New Advocate General office Near HP High Court Shimla SH Providing UPS System therein,PWD,576790.0,576000.0,-0.137
2019_PWD_29102_1,CO Admn Teaching Block at National Law University at Ghandal Shimla SH Providing Security campus lighting therein,PWD,2563335.0,2597700.0,1.341
2019_PWD_29101_1,CO Govt Degree College at Diggal Tehsil Nalagarh Distt Solan SH providing Security campus lighting therein,PWD,806019.0,821960.0,1.978
2019_PWD_29095_1,CO Govt Degree College Dhami at 16 Mil Sub Tehsil Dhami Distt Shimla SH Providing security campus lighting therein,PWD,802867.0,813054.0,1.269
2019_PWD_28556_1,Construction of new OPD block at IGMC Shimla SH Providing LAN networking and associate components for IT section and HMIS counter therein,PWD,5313756.0,5385110.0,1.343
2019_PWD_28553_1,Construction of New OPD block at IGMC Shimla SH Construction of trauma ward SH Providing electrical installaltion therein,PWD,2002217.0,21623914.0,979.999
2019_PWD_28551_1,Construction of police station at Sangla in Distt Kinnaur SH Providing EI therein,PWD,831840.0,999343.0,20.136
2019_PWD_28546_1,CO Admin and Teaching Block at National Law University At Shimla SH Providing Wet Riser and Ring main system of Fire Fighting System therein,PWD,2961591.0,1956606.0,-33.934
2019_PWD_28545_1,CO New Advocate General Office near HP High Court at Shimla SH Providing 100 KVA DG set thereof,PWD,1355256.0,1433808.0,5.796
2019_PWD_28543_1,CO Admin and Teaching Block at National Law University at Shimla SH Providing EPABX System therein,PWD,630145.0,452715.0,-28.157
2019_PWD_28542_1,CO Office of Advocate General Near HP High Court Shimla SH Providing LAN cabling and other accessories thereof,PWD,901201.0,979350.0,8.672
2019_PWD_28410_2,"Construction of Govt. Sr. Sec. School building at Kihar in Tehsil Salooni, Distt. Chamba (HP) (SH- Providing E.I. therein)",PWD,714794.0,912685.0,27.685
2019_PWD_28410_1,Construction of Office cum residence for C.I.D. wing of Police Department at Chamba (HP) (SH- Providing E.I. therein),PWD,1089352.0,1319678.0,21.143
2019_PWD_28316_1,Providing FCU in Doctor duty room spoecial wards of corridor of block D at IGMC Shimla,PWD,999705.0,998375.0,-0.133
2019_PWD_28286_1,Construction of new OPD block at IGMC Shimla SH Providing CCTV system therein,PWD,7930057.0,5754541.0,-27.434
2019_PWD_28253_1,NA,PWD,2050000.0,2015000.0,-1.707
2019_PWD_28237_2,"Providing Video Projection with Audio addressing to Art Gallery of Kangra Museum at Dharamshala, Distt. Kangra (HP)",PWD,918030.0,689779.0,-24.863
2019_PWD_28237_1,"Providing Air-conditioning system in Lecture Theatre, Examination Hall and Anatomy block Dr. RPGMC Kangra at Tanda (SH- Providing Cassette type Air-conditioning system in Examination Hall therein)",PWD,986625.0,981545.0,-0.515
2019_PWD_28236_2,Rewiring and providing safety devices and replacement of old FTL fixtures with new LED fitting and fixture in HPPWD Rest House at Kangra in Distt. Kangra (HP),PWD,691364.0,734410.0,6.226
2019_PWD_28236_1,"Replacement of E.I. and safety devices to Chief Medical officer office Kangra at Dharamshala (2nd floor of Zonal Hospital L.H.S. side) in Tehsil Dharamshala, Distt. Kangra (HP)",PWD,571820.0,666921.0,16.631
2019_PWD_27993_1,NA,PWD,11720635.0,12843985.0,9.584
2019_PWD_27989_1,NA,PWD,7314080.0,5292589.0,-27.638
2019_PWD_27988_3,"Construction of Degree College at Thural (Arts block) Tehsil Palampur, Distt. Kangra (HP) (SH- Providing E.I. therein)",PWD,3024512.0,2843431.0,-5.987
2019_PWD_27988_2,"Construction of Teaching block (BBA and BCA) Vikram Batra College at Palampur in Tehsil Palampu, Distt. Kangra (HP) (SH- Providing E.I. therein)",PWD,1761350.0,1783733.0,1.271
2019_PWD_27987_1,NA,PWD,17351545.0,13055423.0,-24.759
2019_PWD_27648_1,CO State Vigilance and Anti Corruption Beuro building at Solan Teh Distt Solan H P SH Providing EI therein,PWD,895289.0,1083647.0,21.039
2019_PWD_27647_1,Providing 100 KVA D G set in the Civil hospital building at Sarahan in Distt SirmourHP,PWD,1319068.0,1441258.0,9.263
2019_PWD_27645_1,CO ITI building at Pata Mahlog Teh Kasuali Distt Solan HP SH Providing EI therein,PWD,2638843.0,3260351.0,23.552
2019_PWD_27642_1,CO Indoor stadium at Baddi Distt Solan HP by BBNDA SH SITC of split type AC s 2 Ton air circulators and providing Yard lighting therein,PWD,1415353.0,1488591.0,5.175
2019_PWD_27638_1,CO Multipurpose hall Library Class rooms at Govt Degree college Nalagarh Distt Solan HPSH Providing EI thereof,PWD,2380935.0,2608855.0,9.573
2019_PWD_27547_1,NA,PWD,1809529.0,1959929.0,8.312
2019_PWD_27535_1,NA,PWD,1842091.0,2246873.0,21.974
2019_PWD_27284_1,Construction of Multipurpose Hall at Samoor Kalan Tehsil and Distt. Una H.P (SH. Providing installation testing and commissioning fire detuction and alarm system therein.,PWD,1882251.0,1394400.0,-25.918
2019_PWD_27282_1,Construction of Multipurpose Cultural Centre at Samoor Kalan Phase I and II) Distt. Una H.P. SH. Providing Installation Testing and Commissioning of sound system therein.,PWD,2992690.0,2766000.0,-7.575
2019_PWD_27279_1,"Construction of Multipurpose Cultural Centre at Samoor Kalan Phase I and II Distt. Una H.P. SH. Providing, Installation Testing and Commissioning of Video Projection system therein.",PWD,1993673.0,1903750.0,-4.51
2019_PWD_27275_1,Construction of Multipurpose Cultural Centre at Samoor Kalan Phase I and II Distt. Una H.P. SH Providing Installation Testing and Commissioning of Stage light and Motorized Stage Curtain therein.,PWD,2770016.0,2656380.0,-4.102
2019_PWD_27239_1,Construction of treasury office building at Theog District Shimla SH Providing EI therein,PWD,757223.0,923705.0,21.986
2019_PWD_27236_1,Construction of multipurpose hall of Degree college at Sunni in District Shimla SH Providing EI therein,PWD,792665.0,923400.0,16.493
2019_PWD_27228_4,Replacement of old damaged/condemn split air-conditioning units with new window type hot and cold air-conditioning units in Children Ward-II and Gynae Ward Ist floor block 3-B of 500 bedded Hospital Dr. RPGMC Kangra at Tanda,PWD,905472.0,922320.0,1.861
2019_PWD_27228_3,"Replacement of old damaged/condemn split air-conditioning units with new window type hot and cold air-conditioning units in Male Surgical Ward II, 3rd floor and Female Ortho Ward 2nd floor Block 3-B of 500 bedded Hospital Dr. RPGMC Kangra at Tanda",PWD,905472.0,934392.0,3.194
2019_PWD_27228_2,"Replacement of old damaged/condemn split air-conditioning units with new window type hot and cold air-conditioning units in Male Ortho Ward 2nd floor and OBG Ward Ist floor, Block 3-A of 500 bedded Hospital Dr. RPGMC Kangra at Tanda",PWD,905472.0,466980.0,-48.427
2019_PWD_27228_1,Replacement of old damaged/condemn split AC units with new window type hot and cold AC units in Male and Female Eye/ENT/Phy. Ward in G.F. and FF of Ward block-2 B of 500 bedded Hospital Dr. RPGMC Kangra at Tanda,PWD,905472.0,934800.0,3.239
2019_PWD_27225_1,"Replacement of E.I. and safety devices in 2nd floor at Old court complex Dharamshala, Distt. Kaangra (HP).",PWD,500200.0,582359.0,16.425
2019_PWD_27015_1,-Providing water Mist CAF 9 Ltrs Capacity Back Pack Low Pressure Type Fire Extinguishers in Old DDU Hospital Building District Shimla.,PWD,880895.0,660000.0,-25.076
2019_PWD_26835_1,Construction of New Modern Police Station building of state Vigilance and anti corruption Bureau at Una Distt Una HP.,PWD,706612.0,808376.0,14.402
2019_PWD_26830_1,Providing additional heating and computer point in CMO Office Hamirpur Distt Hamirpur H.P.,PWD,613019.0,608540.0,-0.731
2019_PWD_26821_1,Replacement of Yard Lighting in Circuit House Hamirpur Distt Hamirpur H.P.,PWD,1461808.0,1106290.0,-24.32
2019_PWD_26173_2,"Construction of Police Station building at Dehra in Tehsil Dehra, Distt. Kangra (HP) (SH- Providing E.I. therein)",PWD,1732942.0,1497170.0,-13.605
2019_PWD_25965_2,"Replacement of old damaged flood lights with New LED flood lights and Lightening arrestor in Indoor Stadium District Youth Services and Sports Department at Dharamshala, Distt. Kangra (HP)",PWD,1009052.0,698018.0,-30.824
2019_PWD_25906_1,Providing new Air Conditioner and shifting of old Air conditioner in various Rest Houses under Electrical Sub Division HPPWD Una Distt. Una HP.,PWD,2963179.0,2365900.0,-20.157
2019_PWD_25905_1,Replacement of bulk head fittings in place of damaged street lights LED post top lantern and Bollard in HPPWD rest house Bharwain Tehsil Amb Distt. UNA H.P.,PWD,545259.0,483666.0,-11.296
2019_PWD_25904_1,Construction of Govt. Degree College building at Khad Tehsil Haroli Distt. Una HP SH Providing E.I. there in.,PWD,2454951.0,2135513.0,-13.012
2019_PWD_25903_1,"Construction of Mini Secretariat Building at Sujanpur ,Distt. Hamirpur HP SH Providing E.I. there in front portion.",PWD,1478128.0,1671375.0,13.074
2019_PWD_25899_1,Providing rewiring in Circuit House Class III Rest House Hamirpur Distt Hamirpur H.P,PWD,685012.0,533638.0,-22.098
2019_PWD_25896_1,Construction of Multipurpose Hall for Indian Reserve Battalion Complex at Bangarh Tehsil Una Distt. Una H.P. SH Providing E.I. there in,PWD,849754.0,756444.0,-10.981
2019_PWD_25856_1,CO Multi Storey Parking office accommodations at Secretariat Shimla Armsdale Phase III SH Providing EI therein,PWD,7099085.0,8984415.0,26.557
2019_PWD_25851_1,CO of Government Degree College at Kaffota District Sirmour HP CO Academic block I II and Admin block SH Providing EI therein,PWD,4196337.0,5265105.0,25.469
2019_PWD_25779_1,NA,PWD,975411.0,1182330.0,21.214
2019_PWD_25768_1,NA,PWD,3215000.0,3590000.0,11.664
2019_PWD_25752_1,Supply of the Articles fixtures for maintaining Electric Store of Gaiety Theatre Complex Shimla 1,PWD,1428475.0,1353425.0,-5.254
2019_MPP0_33659_1,Supply Installation and Commissioning Of IEMs AMR and CDCS,Department of MPP and Power Govt of Himachal Pradesh,45312000.0,32400000.0,-28.496
2019_HPIPH_26967_1,Annual Repair maintenance of Sew.Scheme to Dr.RPMC Tanda(SH-Supply and Errection of DG set 82.50 KVA for STP at Tanda,"HP Irrigation and Public Health||Dharamshala Circle,Irrigation and Public Health,HP||Nagrota Bagwan",947555.0,1081950.0,14.183
2019_HPIPH_26959_1,Prov. Sewerage Scheme to Nagrota Town(SH- Supply and Errection of DG Set 82.50 KVA for Sewerage Treatment Plant at Nagrota B,"HP Irrigation and Public Health||Dharamshala Circle,Irrigation and Public Health,HP||Nagrota Bagwan",947555.0,1081950.0,14.183
2019_HPIPH_26818_1,Annual Repair and Maintenance of various Water Supply Schemes under IPH Section Patta under T/Well Sub - Division Baddi in Tehsil Baddi District Solan HP for 2 years,"HP Irrigation and Public Health||Hamirpur Circle,Irrigation and Public Health,HP||Barsar,Irrigation and Public Health,HP",1068073.0,1406020.0,31.641
2019_HPIPH_26815_1,Annual Repair and Maintenance of various Water Supply Schemes under IPH Section Manpura under T/Well Sub - Division Baddi in Tehsil Baddi District Solan HP for 2 years,"HP Irrigation and Public Health||Hamirpur Circle,Irrigation and Public Health,HP||Barsar,Irrigation and Public Health,HP",1297284.0,1547700.0,19.303
2019_HPIPH_26812_1,Annual Repair and Maintenance of various Water Supply Schemes under IPH Section Barotiwala under T/Well Sub - Division Baddi in Tehsil Baddi District Solan HP for 2 years,"HP Irrigation and Public Health||Hamirpur Circle,Irrigation and Public Health,HP||Barsar,Irrigation and Public Health,HP",1468831.0,1806420.0,22.984
2019_HPIPH_26807_1,Annual Repair and Maintenance of various Water Supply Schemes under IPH Section Ramshehar under IPH Sub - Division Ramshehar in Tehsil Nalagarh District Solan HP for 2 years,"HP Irrigation and Public Health||Hamirpur Circle,Irrigation and Public Health,HP||Barsar,Irrigation and Public Health,HP",2603221.0,3665000.0,40.787
2019_HPIPH_26804_1,Annual Repair and Maintenance of various Water Supply Schemes under IPH Section Nand under IPH Sub - Division Ramshehar in Tehsil Nalagarh District Solan HP for 2 years,"HP Irrigation and Public Health||Hamirpur Circle,Irrigation and Public Health,HP||Barsar,Irrigation and Public Health,HP",1433539.0,2167550.0,51.203
2019_HPIPH_26798_1,Annual Repair and Maintenance of various Water Supply Schemes under IPH Section Nalagarh under IPH Sub - Division Nalagarh in Tehsil Nalagarh District Solan HP for 2 years,"HP Irrigation and Public Health||Hamirpur Circle,Irrigation and Public Health,HP||Barsar,Irrigation and Public Health,HP",1108893.0,1422190.0,28.253
2019_HPIPH_26776_1,Annual Repair and Maintenance of various Water Supply Schemes and Irrigation schemes under IPH Section Manjholi under IPH Sub -Division Nalagarh District Solan HP for 2 years,"HP Irrigation and Public Health||Hamirpur Circle,Irrigation and Public Health,HP||Barsar,Irrigation and Public Health,HP",571347.0,775390.0,35.713
2019_HPIPH_26773_1,Annual Repair and Maintenance of various Water Supply Schemes under IPH Section Diggal under IPH Sub - Division Ramshehar in Tehsil Nalagarh District Solan HP for 2 years,"HP Irrigation and Public Health||Hamirpur Circle,Irrigation and Public Health,HP||Barsar,Irrigation and Public Health,HP",1146155.0,1499960.0,30.869
2019_HPIPH_26767_1,Annual Repair and Maintenance of various Water Supply Schemes under IPH Section Bheonkheri under IPH Sub - Division Ramshehar in Tehsil Nalagarh District Solan HP for 2 years,"HP Irrigation and Public Health||Hamirpur Circle,Irrigation and Public Health,HP||Barsar,Irrigation and Public Health,HP",916688.0,1199660.0,30.869
2019_HIMUD_33773_2,Construction Commercial Complex Building near HIMUDA Office in Sector I at Parwanoo District Solan HP SH Supplying Installation Testing and Commissioning of 1 No Orbis or its equivalent make 08 passenger Elevator including cost of maintenance for,"Himachal Urban Development Authority||Supdt. Engineer (S),HIMUDA",2282000.0,1445000.0,-36.678
2019_HIMUD_33773_1,Construction of Commercial Complex Building Near PNB Sector 1 at Parwanoo Disrict Solan HP SH Supplying Installation Testing and Commissioning of 1 No ORBIS NEXUS 175 Gearless 10 Passenger elevator or its equivalent make including 5 year maintenanc,"Himachal Urban Development Authority||Supdt. Engineer (S),HIMUDA",3013500.0,1540000.0,-48.897
2019_HIMUD_33324_2,Housing Colony at Jarja Nahan District Sirmour HP SH Providing internal electrical installation to 8 Nos Cat II Flats Block No 12 with parking floor,"Himachal Urban Development Authority||Supdt. Engineer (S),HIMUDA",786375.0,1280230.0,62.801
2019_HIMUD_33324_1,Construction of Government Senior Secondary School at Kotbeja Tehsil Kasuli District Solan HP SH Providing Internal EI balance work,"Himachal Urban Development Authority||Supdt. Engineer (S),HIMUDA",792649.0,1089058.0,37.395
2019_HIMUD_33233_1,Construction of 56 Nos Cat II Flats with Parking floor in Housing Colony at Nalagarh District Solan HP SH Providing internal electrical installation therein Balance work for 44 Nos Flats,"Himachal Urban Development Authority||Supdt. Engineer (S),HIMUDA",3565206.0,5896508.0,65.39
2019_HIMUD_31977_1,Self Financing Scheme in Sector V at Parwanoo Distt Solan HP ie Construction of 16 Nos Cat I Flats with parking Floor SH Providing internal electrical installation therein,"Himachal Urban Development Authority||Supdt. Engineer (S),HIMUDA",1373300.0,2203082.0,60.422
2019_HIMUD_31602_1,Construction of B.D.O. (Block Development Office) Building at Lambagaon Distt. Kangra (H.P.),"Himachal Urban Development Authority||Supdt. Engineer (S),HIMUDA",1529569.0,1230799.0,-19.533
2019_HIMUD_31036_1,Construction of Sub Jail Complex at Kishanpura Baddi Distt Solan HP SH Providing internal electrical installation to 1 No Admn Block,"Himachal Urban Development Authority||Supdt. Engineer (S),HIMUDA",985502.0,1331914.0,35.151
2019_HIMUD_31031_2,Construction of 8 Nos T II Police Quarters in Police Line at Kishanpura Baddi Distt Solan HP,"Himachal Urban Development Authority||Supdt. Engineer (S),HIMUDA",783792.0,1258420.0,60.555
2019_HIMUD_31031_1,Construction of Sub Jail Complex at Kishanpura Baddi Distt Solan HP,"Himachal Urban Development Authority||Supdt. Engineer (S),HIMUDA",601726.0,926411.0,53.959
2019_HIMUD_30963_1,Construction of Administrative Block for District Jail Complex at Kullu,"Himachal Urban Development Authority||Supdt. Engineer (S),HIMUDA",1164676.0,1035320.0,-11.107
2019_HIMUD_29418_1,Construction of Science Block for Govt. Sr. Sec. School at Gadagusain Distt. Mandi H.P.,"Himachal Urban Development Authority||Supdt. Engineer (S),HIMUDA",587610.0,795074.0,35.306
2019_HIMUD_29411_1,Construction of BSC Nursing College/Ayurvedic Training Centre of Excellence in Generic Health Care at Paprola Tehsil Palampur Distt. Kangra,"Himachal Urban Development Authority||Supdt. Engineer (S),HIMUDA",2421250.0,2470000.0,2.013
2019_HIMUD_29005_1,PSFS at Rakkar Una Phase IV Distt Una HP,"Himachal Urban Development Authority||Supdt. Engineer (S),HIMUDA",610626.0,731950.0,19.869
2019_HIMUD_28994_3,Construction of 12 Nos Type II Police quarters in Police line at Kishanpura Baddi Distt Solan HP,"Himachal Urban Development Authority||Supdt. Engineer (S),HIMUDA",1113607.0,1633460.0,46.682
2019_HIMUD_28994_2,Partially Self Financing Scheme at Kamli road Parwanoo Distt Solan HP Construction of 8 Nos Cat II 2 BHK Flats with parking floor and 32 Nos Single Room Flats,"Himachal Urban Development Authority||Supdt. Engineer (S),HIMUDA",2067265.0,3035027.0,46.814
2019_HIMUD_28296_1,Partially Self Financing Scheme at Bindraban Palampur Distt. Kangra,"Himachal Urban Development Authority||Supdt. Engineer (S),HIMUDA",1360401.0,1593975.0,17.169
2019_HIMUD_28276_1,Construction of 4 Nos. Type-III Qtrs. Near IG Office for Police Deptt. Dharamshala Distt. Kangra,"Himachal Urban Development Authority||Supdt. Engineer (S),HIMUDA",696987.0,586915.0,-15.793
2019_HIMUD_28270_1,Construction of 6 Nos. Type-II Qtrs. Near I.G. office for Police Deptt. Dharamshala Distt. Kangra,"Himachal Urban Development Authority||Supdt. Engineer (S),HIMUDA",778749.0,664675.0,-14.648
2019_HIMUD_27111_1,Construction of HP State Co operative Bank Building at Nahan District Sirmour H P,"Himachal Urban Development Authority||Supdt. Engineer (S),HIMUDA",2702500.0,2088160.0,-22.732
2019_HIMUD_26565_1,Partially Self Financing Scheme at Hamirpur,"Himachal Urban Development Authority||Supdt. Engineer (S),HIMUDA",1932434.0,1519172.0,-21.386
2019_HIMUD_26558_1,Partially Self Financing SCheme at Hamirpur,"Himachal Urban Development Authority||Supdt. Engineer (S),HIMUDA",2224508.0,1703992.0,-23.399
2019_HIMUD_26550_1,Construction of Barrack for 50 Bedded Person at PTC Daroh Distt Kangra,"Himachal Urban Development Authority||Supdt. Engineer (S),HIMUDA",1065682.0,920540.0,-13.62
2019_DRDPR_29766_1,CONSTRUCTION BDO OFFICE GOHAR ELECTRIC INSTALATION WORK THERE IN,Directorate Rural Development and Panchayati Ra,1375889.0,1165475.0,-15.293
2019_BBNDA_31683_1,Providing 8 Nos. 16m High Mast Lights with LED lights in BBN Area.,Baddi Barotiwala Nalagarh Development Authority||Director Industries to the Govt. of H.P.Shimla,3294215.0,3008990.0,-8.658
2018_YSPU_24439_1,"Providing external electrical connection to control room in farm area at COH and F Neri, Distt. Hamirpur (HP).",Dr. Yashwant Singh Parmar University of Horticulture and Forestry,633707.0,500365.0,-21.042
2018_YSPU_22623_1,"Renovation of electrical installation in Boys Hostel from COF sub-station at main campus Nauni, Solan.",Dr. Yashwant Singh Parmar University of Horticulture and Forestry||Estate Organisation - YSPU||Construction Division - YSPU,582909.0,499000.0,-14.395
2018_YSPU_21373_1,Rewiring of New UG Hostel and other minor repairs of Hostels at main campus Nauni Solan,Dr. Yashwant Singh Parmar University of Horticulture and Forestry,906024.0,812541.0,-10.318
2018_YSPU_20034_1,Setting up of Electrical substation to Girls Hostels at main campus Nauni Solan,Dr. Yashwant Singh Parmar University of Horticulture and Forestry,2432135.0,2238250.0,-7.972
2018_PWD_25614_1,NA,PWD,744666.0,743000.0,-0.224
2018_PWD_25612_1,NA,PWD,777005.0,770616.0,-0.822
2018_PWD_25451_1,Construction of MG Engineering college at Kotla Jeori Tehsil Rampur Distt Shimla SH Providing fire alarm system in lecture hall,PWD,1566698.0,1538902.0,-1.774
2018_PWD_25449_1,Construction of MG Engineering college at Kotla Jeori Tehsil Rampur Bsr Distt Shimla SH Providing fire fighting system in lecture hall,PWD,3654691.0,3639220.0,-0.423
2018_PWD_25397_1,Construction of civil hospital at Rohru in Distt Shimla SH Providing fire fighting system therein,PWD,3147240.0,3115880.0,-0.996
2018_PWD_25393_1,Construction of moedl home balika asram at Mashobra in District Shimla SH Providing central heating therein,PWD,4897809.0,4867475.0,-0.619
2018_PWD_25382_2,"Construction of Add. Accommodation to Govt. Sr. Sec. School at Pahara in Tehsil Palampur, Distt. Kangra (HP) (SH- Construction of Admn. Block (i.e. Principal room, office. 5 No. class rooms)",PWD,615904.0,703730.0,14.26
2018_PWD_25346_1,NA,PWD,2308449.0,2148855.0,-6.913
2018_PWD_25098_1,Providing and installation of AC in new circuit house at Hamirpur Distt Hamirpur HP,PWD,2347275.0,2090542.0,-10.937
2018_PWD_25097_1,Construction of Type2 Qtrs.12 Nos. IRB Complex at Bangarh District Una H.P. SH Providing E.I. therein,PWD,751909.0,795406.0,5.785
2018_PWD_25094_1,Providing LED Street Lighting on Ali Khad Bridge in Distt. Bilaspur H.P.,PWD,560015.0,402174.0,-28.185
2018_PWD_25092_1,Construction of Indoor Stadium in govt Degree College at Hamirpur HP. SH Providing LED Lights in Multipurpose Hall etc.,PWD,905214.0,870000.0,-3.89
2018_PWD_25086_1,"Replacement of main cables, Control panel and accessories in Navodya Vidyala at Dungri Tehsil Bhoranj Distt.",PWD,840530.0,725100.0,-13.733
2018_PWD_25082_1,CO Judicial Academy at Ghandal SH Providing Audio system at conference Hall.,PWD,1121992.0,992494.0,-11.542
2018_PWD_24717_1,Construction of Rajeev Gandhi Govt. Engineering College Kangra at Nagrota Bagwan in District Kangra (HP) (SH- Providing E.I. to Electrical Engineering Block),PWD,6848091.0,7991859.0,16.702
2018_PWD_24716_1,Annual repair and maintenance of E.I. in Super Specialty block of Dr. RPGMC Kangra at Tanda for the Year 2018-19,PWD,671760.0,906360.0,34.923
2018_PWD_24682_1,Providing exhaust system in emergency children ward and replacement of damaged heating units of Block-B at IGMC Shimla.,PWD,883706.0,881902.0,-0.204
2018_PWD_24452_1,NA,PWD,6386964.0,7944035.0,24.379
2018_PWD_24434_1,NA,PWD,4337483.0,5195985.0,19.793
2018_PWD_24431_1,NA,PWD,3265603.0,3762883.0,15.228
2018_PWD_24419_1,NA,PWD,3319953.0,3910369.0,17.784
2018_PWD_24169_1,NA,PWD,539835.0,512142.0,-5.13
2018_PWD_24066_2,Construction of 34 Nos Barracks at Police line Solan Distt Solan SH Providing E I therein,PWD,857181.0,1038459.0,21.148
2018_PWD_24062_2,Co Circuit House at Willys Park Chaura Maidan Shimla4 SH Providing Additional cables LT Panel for termination power supply from HPSEB Sub Station,PWD,1442190.0,1680447.0,16.521
2018_PWD_24041_1,NA,PWD,874349.0,824590.0,-5.691
2018_PWD_24039_1,NA,PWD,574345.0,543803.0,-5.318
2018_PWD_24038_1,CO State Center Library Race view Building at Shimla SHProviding LAN Cabling Computer point wiring therein,PWD,646758.0,705326.0,9.056
2018_PWD_24037_1,NA,PWD,860781.0,753830.0,-12.425
2018_PWD_24019_1,"Construction of Civil Hospital (Additional Block) at Palampur, Distt. Kangra (HP) (SH- Providing E.I. therein)",PWD,6331429.0,6856555.0,8.294
2018_PWD_24010_1,Construction of bus-stand Sunni Tehsil Sunni District Shimla. Sub Head Providing balance work of E.I. therein.,PWD,800932.0,808863.0,0.99
2018_PWD_23977_1,NA,PWD,2970649.0,1949975.0,-34.359
2018_PWD_23899_1,"Providing and replacement of old defective piping, valves and FCUs of Central Heating System in 3rd and 4th floor of Block-D at IGMC Shimla.",PWD,996960.0,989678.0,-0.73
2018_PWD_23897_1,Construction of MCH Block for Kamla Nehru State Hospital for Mother and Child at Shimla. Sub head Supply of power to Central Heating Plant from HPSEB Sub-station.,PWD,919909.0,1155047.0,25.561
2018_PWD_23879_1,"Providing and replacement of old defective piping, valves and FCUs of Central Heating system in 1st and 2nd floor of Block-D at IGMC Shimla.",PWD,999816.0,994480.0,-0.534
2018_PWD_23877_1,Construction of Kishan Bhawan and office complex at Reckong Peo District Kinnaur. Providing E.I. therein.,PWD,801886.0,994915.0,24.072
2018_PWD_23875_1,Construction of Devi Chandika Sr. Sec. School building at Kothi District Kinnaur. Sub head Providing E.I. therein.,PWD,720118.0,901480.0,25.185
2018_PWD_23782_3,"Construction of Circuit House at Palampur in Tehsil Palampur, Distt. Kangra (HP) (SH- Providing E.I. therein)",PWD,3251278.0,3499510.0,7.635
2018_PWD_23782_2,Construction of Sarai Bhawan in Dr. RPGMC Kangra at Tanda (SH- Providing E.I. in Ground floor and First floor therein),PWD,1561586.0,1387921.0,-11.121
2018_PWD_23782_1,Construction of Govt. Degree College at Lunj in Tehsil and Distt. Kangra (HP) (SH- Providing E.I. therein),PWD,3534477.0,3206085.0,-9.291
2018_PWD_23707_1,Electrical Work,PWD,911917.0,981030.0,7.579
2018_PWD_23669_1,Electrical work,PWD,983774.0,910356.0,-7.463
2018_PWD_23623_2,NA,PWD,874567.0,873056.0,-0.173
2018_PWD_23623_1,NA,PWD,874567.0,871150.0,-0.391
2018_PWD_23612_1,CO Learning and creativity centre at village Bhog Anantpur Shoghi Tehsil and Distt Shimla Sh Prov. 1 No. 08 passenger elevator therein,PWD,1600000.0,1280000.0,-20.0
2018_PWD_23443_1,Construction of Indira Gandhi District Library building at Hamirpur District Hamirpur H.P. SH Providing one No. six passenger Rear Side Glass elevator therein,PWD,1650000.0,1409988.0,-14.546
2018_PWD_23440_1,"Construction of Mini Secretariat Building at Nadaun, District Hamirpur H.P. SH Providing one No. 13 passenger elevator therein.",PWD,1800000.0,1645000.0,-8.611
2018_PWD_23439_1,Construction of Mini Secretariat Building at Sujanpur District Hamirpur H.P. SH Providing one No. 13 passenger elevator therein.,PWD,1800000.0,1700000.0,-5.556
2018_PWD_23438_1,"Construction of Home Guard office building 12th Battalion Una, District Una H.P. SH Providing E.I. therein",PWD,867376.0,951288.0,9.674
2018_PWD_23435_1,"Providing and fixing 15 KVA UPS in 8th Circle HPPWD Hamirpur, Distt. Hamirpur H.P.",PWD,565291.0,459908.0,-18.642
2018_PWD_23434_1,Providing and fixing 20 KVA UPS in Chief,PWD,554783.0,428488.0,-22.765
2018_PWD_23397_1,Construction of Cluster University Building Govt Degree College at Bassa Distt Mandi HP SH Providing Electrical Installation therein,PWD,2482304.0,2187403.0,-11.88
2018_PWD_23396_1,Construction of Cluster University Govt Degree College at Mandi Distt Mandi SH Providing Electrical Installation therein,PWD,4923978.0,4292689.0,-12.821
2018_PWD_23395_1,Construction of 50 bedded Civil Hospital at Bagsaid Distt Mandi SH Providing Electrical Installation therein,PWD,2637126.0,2357230.0,-10.614
2018_PWD_23393_1,Construction of Cluster University Building at Govt Degree College at Drang at Narla Distt Mandi HP SH Providing Electrical Installation therein,PWD,1668323.0,1494225.0,-10.436
2018_PWD_23390_1,Construction of HPPWD Rest House at Thunag Distt Mandi HP SH Providing Electrical Installation therein,PWD,1816936.0,1637344.0,-9.884
2018_PWD_23389_1,Construction of Cluster University Building MLSM college at Sunder Nagar Distt Mandi HP SH Providing Electrical Installation therein,PWD,3432792.0,4147120.0,20.809
2018_PWD_23046_1,"Constfruction of new New OPD block at IGMC Shimla SH Providing central heating,HVAC system in trauma centre,stair area and attic floor",PWD,9956596.0,9849525.0,-1.075
2018_PWD_22970_1,CO Govt Senior Secondary School at OkhrooTehsil and Distt Shimla H.P.,PWD,748884.0,906516.0,21.049
2018_PWD_22969_1,CO Parking Block cum NH and QC Office at Block D Nigam Vihar Shimla -2,PWD,1091500.0,1060000.0,-2.886
2018_PWD_22961_1,CO fire Brigade station at Kala Amb distt. Sirmour,PWD,1386451.0,1702786.0,22.816
2018_PWD_22952_1,Construction of Science lab with Toilet at Government Senior Secondary School Boys at Sunder Nagar District Mandi SH Providing EI therein,PWD,689257.0,619370.0,-10.139
2018_PWD_22949_1,Construction of 6 Nos Type III Quarters of Police Residential Colony 3rd Battalion at Pandoh District Mandi HP SH Providing EI therein,PWD,731367.0,715660.0,-2.148
2018_PWD_22679_1,Construction of 50 bedded Civil Hospital at Banjar District Kullu HP SH Providing Electrical Installation therein,PWD,3851328.0,4568065.0,18.61
2018_PWD_22677_1,Construction of new OPD block at Indira Gandhi Medical College at Shimla SH Providing wiremesh HDG cable tray and advance lightening protection system therein,PWD,5009792.0,5107500.0,1.95
2018_PWD_22676_1,Construction of 10 bedded geriatric ward in District hospital at Reckong Peo District Shimla SH Providing electrical installation therein balance work,PWD,760271.0,590136.0,-22.378
2018_PWD_22615_6,Pvdg rep of damaged LG make Split A-C units with window type A.C. units of ward block-2 and 3A of 4th floor Medicine wards and ward block 3A of 3rd floor Male-I Surgical ward of 500 bedded hospital Dr. RPGMC Kangra at Tanda (HP) (Sp. Job),PWD,927681.0,927333.0,-0.038
2018_PWD_22615_5,"Providing Air-conditioning unit of 2 TR capacity split type (Inverter Hot and cold) in Para Clinic Block Phase-2, 3rd floor, Lecture Hall-II Dr. RPGMC Kangra at Tanda (Sp. Job)",PWD,637698.0,405280.0,-36.446
2018_PWD_22615_4,"Providing Air-conditioning unit of 2 TR capacity split type (Inverter Hot and cold) in Para Clinic Block Phase-2, 3rd floor, Lecture Hall-I Dr. RPGMC Kangra at Tanda (Sp. Job)",PWD,637698.0,405280.0,-36.446
2018_PWD_22615_3,"Construction of Rajeev Gandhi Govt. Engineering College Kangra at Nagrota Bagwan, Distt. Kangra (HP) (SH- Providing Fire Fighting System to Mechanical Engineering Block) (Balance Work) (Sp. Job)",PWD,874544.0,871700.0,-0.325
2018_PWD_22615_2,"Construction of Rajeev Gandhi Govt. Eng. College Kangra at Nagrota Bagwan, Distt. Kangra (HP) (SH- Providing Fire Fighting System to Workshop and Applied Science Block) (Balance Work) (Sp. Job)",PWD,874544.0,872945.0,-0.183
2018_PWD_22612_4,"Replacement of old SVL street light with new LED Street light from Main gate, Girls hostel to type-V Qtrs. in Dr. RPGMC Kangra at Tanda (HP)",PWD,893072.0,890060.0,-0.337
2018_PWD_22612_3,Replacement of old SVL street light with LED Street light single lane road from Library building type-V Qtrs. Campus of type-V Qtrs. and Satluj Hostel to Intern hostel area,PWD,569139.0,567493.0,-0.289
2018_PWD_22612_1,Construction of Science Block in Govt. Degree College at Dharamshala in Distt. Kangra (HP) (SH- Providing E.I. therein),PWD,4890357.0,5799529.0,18.591
2018_PWD_22610_1,Construction of Chief Engineer Residence Hamirpur Zone HPPWD Hamirpur.SH Providing E.I. there in.,PWD,672041.0,554990.0,-17.417
2018_PWD_22608_1,Construction Of Residential accommodation Type 4 Quarter 6 Nos for P.W.D. employees near Hamir Hotel Hamirpur Distt Hamirpur HP SH Providing E.I there in,PWD,654174.0,645115.0,-1.385
2018_PWD_22607_1,Construction Of Rest House at Uhal Tehsil Tauni Devi Distt Hamirpur SH Providing E.I there in,PWD,768969.0,633920.0,-17.562
2018_PWD_22565_1,Construction of Model Rural Health Research Unit in Civil Hospital Complex at HAROLI Tehsil Haroli Distt. Una HP SH Providing and fixing of ACs,PWD,915273.0,617700.0,-32.512
2018_PWD_22556_1,Providing Istallation One No. 100 KVA. Diesel Generator Set for C.M.O. Office Hamirpur Distt. Hamirpur H.P.,PWD,1300146.0,1019147.0,-21.613
2018_PWD_22553_1,Construction of Mini Secretriate building at Nadaun in Distt Hamirpur HP. SH Providing E.I. therein.,PWD,5507839.0,4284294.0,-22.215
2018_PWD_22515_1,Construction of Science Block for Govt. Degree College Drang at Narla Tehsil Padhar District Mandi HP SH Providing EI therein,PWD,803706.0,823396.0,2.45
2018_PWD_22514_1,Construction of Government Degree College Building at Baldwara Tehsil Sarkaghat District Mandi HP SH Providing EI therein Balance Work,PWD,831504.0,882902.0,6.181
2018_PWD_22502_1,Construction of CHC Building at Nagwain District Mandi HP SH Providing EI therein,PWD,1708447.0,1586105.0,-7.161
2018_PWD_22498_1,Construction of CHC Building at Kataula District Mandi HP SH Providing EI therein,PWD,1746398.0,1748217.0,0.104
2018_PWD_22497_1,Construction of Government Degree College Building at Rewalsar District Mandi HP SH Providing EI therein,PWD,3841428.0,3536070.0,-7.949
2018_PWD_22429_1,Co I.T.I Building at kishangarh Kuthar Tehsil Kasauli Distt solan,PWD,2454710.0,3029740.0,23.426
2018_PWD_22425_1,Co District Attorney office at Nahan Distt Sirmour HP,PWD,1264790.0,1533000.0,21.206
2018_PWD_22407_1,Co Office residential Building of SV ACB in Nahan Distt Sirmour HP,PWD,1494022.0,1811227.0,21.232
2018_PWD_22400_1,CO Treasury Office at Nahan Distt. Sirmour H.P Sh.Providing Electrical installation thereof,PWD,1272181.0,1521055.0,19.563
2018_PWD_22398_1,CO Parking Block cum NH and QC Office Block D at Nirman Bhawan Shimla-2.Sh.Providing Audio Video System therein,PWD,2997758.0,2895639.0,-3.407
2018_PWD_22397_1,CO Judicial Academy at Ghandal Shimla Sh.PL Additional cable of SOP to energies the Admin Block and type-II quarter through HPSEBL Sub Station therein,PWD,1414104.0,1541340.0,8.998
2018_PWD_22268_1,CO Additional accomodation room in place of existing residence of JE at PWD Rest house at Tara Devi Tehsil and Distt Shimla H.P. SH-Providing E.I in Additional floor and the balance work,PWD,734276.0,886587.0,20.743
2018_PWD_22212_1,CO Circuit House at Willy Park Chaura Maidan Shimla,PWD,565974.0,562212.0,-0.665
2018_PWD_22209_1,CO Admin and Teaching Block at National Law University at Shimla.Sh Providing E.I therein,PWD,8099020.0,10404317.0,28.464
2018_PWD_21780_1,Construction of building for special ability institution deaf and dumb children at Shishu kendra Dhall Shimla SH Providing electrical installation therein,PWD,3366592.0,4190530.0,24.474
2018_PWD_21777_1,Providing 100KVA DG set in Himachal hospital of Mental health and rehablitation centre at Shimla,PWD,1491478.0,1506000.0,0.974
2018_PWD_21776_1,Providing 1No.62.5KVA DG set for civil hospital at Suni Distt.Shimla,PWD,1216659.0,1281952.0,5.367
2018_PWD_21497_1,NA,PWD,533760.0,596612.0,11.775
2018_PWD_21496_1,NA,PWD,986300.0,785063.0,-20.403
2018_PWD_21282_1,CO Academic block for Govt. Degree College at Aunjbhoj Block-B at Bharli Shillai Distt. Sirmour H.P. SH Prov.E.I. therein,PWD,1169157.0,1399255.0,19.681
2018_PWD_21261_3,"Const. of Add. Acc. to GSSS at Tamber in Teh. Jaisinghpur, Distt. Kangra(SH- Const. of Admin. Block i.e. Principal room, Office, 5 Nos. class rooms, 1 No. Library room and 1 No. Computer room (SH- Providing E.I. therein)",PWD,579841.0,645262.0,11.283
2018_PWD_21261_2,"Construction of Science Block in Govt. Degree College at Naura in Tehsil Palampur, Distt. Kangra (HP) (SH- Providing E.I. therein)",PWD,880130.0,1018381.0,15.708
2018_PWD_21261_1,Construction of 1 No. type-IV Qtr. and 6 Nos. type-III Qtrs. for PWD staff in Dr. RPGMC Kangra at Tanda (SH- Providing E.I. therein),PWD,696733.0,792435.0,13.736
2018_PWD_21112_1,Job 6 Construction of 20 Beded Ayurvedic Hospital at Hamirpur in Distt. Hamirpur HP SH Providing E.I. therein,PWD,1472485.0,1199560.0,-18.535
2018_PWD_21109_1,Job 3 Construction of G.N.M. Training School at Regional Hospital building at Bilaspur Distt. Bilaspur HP SH Providing E.I. therein,PWD,2998313.0,2511334.0,-16.242
2018_PWD_21107_1,Job 1 Construction of accommodation of PWD Rest House Building at Namhol in District Bilaspur HP SH Providing E.I. therein,PWD,1587767.0,1689447.0,6.404
2018_PWD_21046_1,Providing One No Electric Traction Lift Elevator for 20 Passenger at CHC Killar Tehsil Pangi District Chamba HP,PWD,4216800.0,3485000.0,-17.354
2018_PWD_20861_1,Construction of office of the Engineer in Chief HP and IPH Tutikandi Shimla SH Providing central heating system,PWD,13031879.0,0.0,-100.0
2018_PWD_20853_1,Construction of MG Govt Engineering college at Kotla Jeori in Tehsil Rampur Distt Shimla SH Construction of mechanical engineering block SH Providing EI therein,PWD,2445788.0,3018820.0,23.429
2018_PWD_20849_1,Construction of Govt ITI building at Khadahan in Tehsil Nankhari Distt Shimla SH Providing electrical installation therein,PWD,3077159.0,3742037.0,21.607
2018_PWD_20811_1,Construction of zila parishade bhawan at Dhalli Distt.Shimla SH Providing EI therein,PWD,6245422.0,73237512.0,1072.659
2018_PWD_20810_1,Construction of MG Govt Engineering college at Kotla Jeori in Tehsil Rampur Distt Shimla SH Const of civil engineering block Providing EI therein,PWD,2623047.0,3271775.0,24.732
2018_PWD_20806_1,Construction of MG engineering college at Kotla(Jeori)in Tehsil Rampur Distt Shimla (SH C/O Administrative block)(SH Providing EI therein),PWD,2798046.0,3465426.0,23.852
2018_PWD_20571_1,"Construction of Mini Secretariat (Combined office) building at Nagrota Bagwan in Distt. Kangra, HP (SH- Providing wiring portion therein)",PWD,1440629.0,1295645.0,-10.064
2018_PWD_20569_3,"Construction of Mini Secretariat (Combined office) building at Nagrota Bagwan in Distt. Kangra, HP (SH- Providing, installation, testing and commissioning of One No. Thirteen (13) Passengers electric (with machine room) elevator thereof)",PWD,2085000.0,1639935.0,-21.346
2018_PWD_20535_1,Providing 100 KVA D.G. set in CHC building at Dhami Distt. Shimla,PWD,1574042.0,1536018.0,-2.416
2018_PWD_20110_1,"Construction of District Panchayat Resource Centre building at Dharamshala, Distt. Kangra (HP) (SH- Providing E.I. in first, Second, Third floor and Main panel in Ground floor)",PWD,1605964.0,1829638.0,13.928
2018_PWD_20106_1,"Construction of Rajeev Gandhi Govt. Eng. College Kangra at Nagrota Bagwan, Distt. Kangra (HP) (SH- Providing essential supply to Campus Networking thereof)",PWD,1133045.0,1149722.0,1.472
2018_PWD_19832_1,Construction Of Govt.Degree College at Dharmpur Mandodhar Tehsil Kasauli Distt. Solan HP.SH Providing E.I. there in.,PWD,2587409.0,3156964.0,22.013
2018_PWD_19831_1,Construction Of Indoor stadium at Baddi Distt. Solan HP by BBNDA.SH Providing E.I. there in .,PWD,2590565.0,3095760.0,19.501
2018_PWD_19775_4,Construction of A1 Block in National Institute of Fashion Technology Kangra at Chheb (HP) (SH- Providing E.I. therein),PWD,2304290.0,2174763.0,-5.621
2018_PWD_19775_3,Construction of I.T.I. building Nagrota Bagwan at Serathana in Distt. Kangra (HP) (SH- Providing internal E.I. therein),PWD,2758092.0,3291073.0,19.324
2018_PWD_19775_1,"Construction of B1, B2, C1 and C2 Block in National Institute of Fashion Technology Kangra at Chheb (HP) (SH- Providing E.I. therein)",PWD,2920482.0,2738746.0,-6.223
2018_PWD_19507_1,Construction of civil hospital at Rohru Distt Shimla SH Providing 1Nos.13 passenger and 1No.hospital elevator 26 passenger therein,PWD,5510000.0,3925000.0,-28.766
2018_PWD_19492_1,Construction of 30 beded Civil hospital building at SayariTehsil Kandaghat Distt. Solan Sh Prov. 1 Nos. 26 passenger elevator therein.,PWD,3285000.0,2590000.0,-21.157
2018_PWD_19377_1,Providing One No. 82.5 KVA D.G. set for OakOver official residence for Honble C.M. HP at Shimla 2.,PWD,1126802.0,1149695.0,2.032
2018_PWD_19375_1,Construction Of Fire Brigade Station at Paonta Sahib distt Sirmour H.P. Sh providing E.I there in,PWD,1300850.0,1702786.0,30.898
2018_PWD_19374_1,Construction Of ITI Building Sarahan Distt Sirmour H.P. SH Providng EI therein .,PWD,2749220.0,3190070.0,16.035
2018_PWD_19371_1,"Construction Of Science Learning and Creativity centre at village Bhog Anandpur Shoghi,Tehsil and distt Shimla H.P SH Providing E.I therein Institutional Building.",PWD,1069891.0,1479285.0,38.265
2018_PWD_19202_3,Annual repair maintenance and operation of HVAC system of Carrier Make installed in Super Specialty block at Dr. RPGMC Kangra at Tanda for the year 2017-18,PWD,2005890.0,1870908.0,-6.729
2018_PWD_19202_1,"Construction of Rajeev Gandhi Govt. Engineering College Kangra at Nagrota Bagwan, Distt. Kangra (HP) (SH- Providing fire detection and Hydrant based fire fighting system to Lecture theatre Block thereof)",PWD,1497235.0,1076686.0,-28.088
2018_PWD_19199_2,Construction of Govt. B- Pharmacy College at Nagrota Bagwan in Distt. Kangra (HP) (SH- Providing E.I. in Academic block thereof).,PWD,4748674.0,5299294.0,11.595
2018_PWD_19199_1,"Construction of Govt. Degree College building at Dadasiba in Tehsil Kasba Kotla, Distt. Kangra (HP) (SH- Providing E.I. therein)",PWD,2847462.0,2473560.0,-13.131
2018_PWD_18990_1,Providing Special Repairs to Central Heating System in Armsdale building at HP Sectt. Shimla 2,PWD,2977623.0,3404320.0,14.33
2018_HPSED_23353_1,Electrical LAN cabling and civil works,H.P. State Electronics Development Corp. Ltd||Computer Dept. Project Coordinator-HPSEDC||Computer Division-HPSEDC,5000000.0,5000000.0,0.0
2018_HPIPH_25062_1,Annual Repair and maintenance of various water supply schemes under Tubewell Sub Division Nalagarh in Tehsil Nalagarh Distt Solan HP For 2 years,"HP Irrigation and Public Health||Hamirpur Circle,Irrigation and Public Health,HP||Barsar,Irrigation and Public Health,HP",934804.0,1031675.0,10.363
2018_HPIPH_21719_1,replacemment of pumping machinery of LWSS Kamlah fort,"HP Irrigation and Public Health||Hamirpur Circle,Irrigation and Public Health,HP||Dharampur Bharari,Irrigation and Public Health,HP",582750.0,1069500.0,83.526
2018_HIMUD_24687_1,Construction of Science Block for Govt Senior Secondary School at Keolidhar Distt Mandi,"Himachal Urban Development Authority||Supdt. Engineer (S),HIMUDA",627302.0,638080.0,1.718
2018_HIMUD_24681_1,Construction of Science Block for Govt Senior Secondary School at Bhota Distt Hamirpur,"Himachal Urban Development Authority||Supdt. Engineer (S),HIMUDA",665890.0,532055.0,-20.099
2018_HIMUD_24436_1,Construction of additional accommodation for Ayurvedic Hospital at Mandi Distt Mandi,"Himachal Urban Development Authority||Supdt. Engineer (S),HIMUDA",634355.0,549380.0,-13.395
2018_HIMUD_24428_1,Construction of 6 Nos Type III Police Qtrs at Police Station Baijnath Distt Kangra,"Himachal Urban Development Authority||Supdt. Engineer (S),HIMUDA",935371.0,884161.0,-5.475
2018_HIMUD_24427_1,Constuction of 6 Nos Type II Police Qtrs at Police Station Baijnath Distt kangra,"Himachal Urban Development Authority||Supdt. Engineer (S),HIMUDA",724339.0,808990.0,11.687
2018_HIMUD_24426_1,Construction of Self Financing Scheme Bindraban Tehsil Palampur Distt Kangra HP,"Himachal Urban Development Authority||Supdt. Engineer (S),HIMUDA",1693096.0,1256505.0,-25.787
2018_HIMUD_24409_1,Construction of Addition and Alteration of Administrative Block Of District Open air Jail Dharamshala Distt Kangra HP,"Himachal Urban Development Authority||Supdt. Engineer (S),HIMUDA",730656.0,780155.0,6.775
2018_HIMUD_23288_1,PSFS at Nalagarh District Solan HP,"Himachal Urban Development Authority||Supdt. Engineer (S),HIMUDA",681974.0,781950.0,14.66
2018_HIMUD_23282_1,Construction of Commercial Complex in Sector 1 a tParwanoo Distt Solan HP SH Pdg InternalE I Work,"Himachal Urban Development Authority||Supdt. Engineer (S),HIMUDA",681197.0,724215.0,6.315
2018_HIMUD_23267_1,Construction of Adminstrative Block at Police Line Jhalera SH Pdg Internal E I work,"Himachal Urban Development Authority||Supdt. Engineer (S),HIMUDA",692630.0,522350.0,-24.585
2018_HIMUD_22729_1,Construction of Fire Service Station Building at Boileauganj Shimla HP SH Providing internal electrical installation therein,"Himachal Urban Development Authority||Supdt. Engineer (S),HIMUDA",730146.0,1012435.0,38.662
2018_HIMUD_22718_1,Construction of 52 Nos Additional Shops in Commercial Complex with Parking floor near Punjab National Bank in Sector I at Parwanoo Distt Solan HP SH Providing internal electrical installation therein,"Himachal Urban Development Authority||Supdt. Engineer (S),HIMUDA",1929031.0,2696793.0,39.8
2018_HIMUD_22072_1,PSFS at Kandaghat Distt Solan HP and PSFS at Shoghi Distt Shimla HP,"Himachal Urban Development Authority||Supdt. Engineer (S),HIMUDA",778965.0,595050.0,-23.61
2017_YSPU_17459_1,Providing three phase LT panel to various buildings at COH and F Neri Hamirpur,Dr. Yashwant Singh Parmar University of Horticulture and Forestry,1004993.0,753000.0,-25.074
2017_YSPU_17458_1,Construction of Boys Hostel VI at main campus Nauni Solan SH Providing Electrical Installation,Dr. Yashwant Singh Parmar University of Horticulture and Forestry,1392688.0,1053420.0,-24.361
2017_PWD_18949_1,Construction of Indoor Auditorium for Cultural Programme at Kullu HP SH Providing Sound System therein,PWD,5586285.0,4158652.0,-25.556
2017_PWD_18734_1,Construction of Combined Office Building at Banjar District Kullu HP SH Providing One No. Electric Traction Elevator for 13 Thirteen Passenger Elevator therein,PWD,2450000.0,2450000.0,0.0
2017_PWD_18719_1,Construction of Indoor Auditorium for Cultural Programme at Kullu Distt.- Kullu HP SH Providing and fixing VRV Air conditioning system providing EI and annual maintenance cost,PWD,8523944.0,6952474.0,-18.436
2017_PWD_18699_1,Construction of 30 bedded CHC building at Sayari Tehsil Kandaghat District Solan H.P. SH Providing E.I. there in,PWD,4267498.0,4750547.0,11.319
2017_PWD_18698_1,Construction of 50 bedded Civil Hospital building at Kandaghat Tehsil Kandaghat District Solan H.P. SH Providing E.I. there in,PWD,4723452.0,5688470.0,20.43
2017_PWD_18584_1,Construction of vikas Bhawan at Kotkhai Tehsil Kotkhai Distt Shimla SH Providing 2No.10 passsenger elevator between level 108.00 to 127.75,PWD,4600000.0,3299998.0,-28.261
2017_PWD_18583_1,Construction of new hospital at Theog SH Providing 1No.26 passenger elevator between level 89.00 to 113.00,PWD,3840000.0,3100000.0,-19.271
2017_PWD_18582_1,Providing 1 No 13 passenger elevator in ayurvedic hospital at Rampur Bsr Distt Shimla,PWD,2600000.0,1628250.0,-37.375
2017_PWD_18551_1,Construction of Trauma centre at Mahatma Gandhi Services complex at Khaneri Rampur SH Providing electrical installation therein,PWD,4037904.0,3759155.0,-6.903
2017_PWD_18542_1,Construction of M G Govt Engineering college at Kotla Jeori Tehsil Rampur Bsr Distt Shimla SH Construction of Lecture Hall block Providing electrical installation therein,PWD,3930125.0,4499418.0,14.485
2017_PWD_18463_1,Construction of State Center Library at Shimla SH Providing Fire Fighting system therein.,PWD,1213012.0,1288589.0,6.231
2017_PWD_18462_1,Construction of Circuit House building at Chambaghat Solan.Sh Prov. Yard lighting therein.,PWD,2284971.0,2101200.0,-8.043
2017_PWD_18460_1,Construction of Circuit House at Willy Park Chaura Maidan Shimla SH Providing 100 kVA D.G. set therein.,PWD,1358884.0,1350956.0,-0.583
2017_PWD_18459_1,Construction of Circuit House at Willy Park Chaura Maidan Shimla SH Prov. Compound lights bollards and facade lights therein.,PWD,1752621.0,1761970.0,0.533
2017_PWD_18457_1,Construction Of ITI Building Shillai Distt Sirmour H.P. SH Providng E.I. therein,PWD,1841710.0,2234972.0,21.353
2017_PWD_18454_1,Providing 100 KVA D.G set in the Civil hospital Building Dadahu Distt Sirmour HP,PWD,1449219.0,1416081.0,-2.287
2017_PWD_18444_1,"Construction Of Rajiv Gandhi Multipurpose Sports Stadium at Katasani District Shimla, H.P.SH Providing E.I. there in.",PWD,7440878.0,8818730.0,18.517
2017_PWD_18435_1,Construction Of Govt.Degree College at Kandaghat Tehsil Kandaghat Distt. Solan HP.SH Providing E.I. there in,PWD,3953194.0,4739035.0,19.879
2017_PWD_18432_3,Construction of C.H.C. building at Sahoo in Tehsil and Distt. Chamba HP (SH- Providing E.I. therein),PWD,1412869.0,1728904.0,22.368
2017_PWD_18432_2,"Construction of Rajeev Gandhi Govt. Engineering College Kangra at Nagrota Bagwan, Distt. Kangra (HP) (SH- Providing internal E.I. computer and A.C. wiring to Administration block)",PWD,2621854.0,2969779.0,13.27
2017_PWD_18432_1,"Construction of Rajeev Gandhi Govt. Engineering College Kangra at Nagrota Bagwan, Distt. Kangra (HP) (SH- Providing internal E.I. to Trainees Hostel block)",PWD,1948065.0,2055407.0,5.51
2017_PWD_18426_1,Construction of new hospital block at Theog Distt Shimla SH Providing central heating system therein,PWD,9841748.0,9866055.0,0.247
2017_PWD_18420_1,Construction Of Govt.Degree College at Buranwala Barotiwala Tehsil Baddi Distt. Solan HP.SH Providing E.I. there in,PWD,3461294.0,4149442.0,19.881
2017_PWD_18390_1,Construction of model home Balika Ashram at Mashobra in Tehsil and Distt Shimla SH Providing internal Electrical installaltion therein,PWD,2683381.0,3095870.0,15.372
2017_PWD_18210_1,Construction of MCH block for Kamla Nehru state hospital for mother and child at Shimla SH Providing CCTC system therein,PWD,3116950.0,2005990.0,-35.643
2017_PWD_18209_1,Construction of new hospital block at Theog District Shimla SH Providing fire fighting system therein,PWD,3085520.0,3151280.0,2.131
2017_PWD_18208_1,Construction of ITI building at Tikker in Tehsil Rohru Distt Shimla SH Providing EI therein,PWD,2339309.0,2657870.0,13.618
2017_PWD_18206_1,Construction of civil hospital building at Nerwa in Distt.Shimla SH Providing electrical installation therein,PWD,3396679.0,2151220.0,-36.667
2017_PWD_18096_1,Construction of administrative and teaching block at P G college at Seema in Tehsil Rohru Distt Shimla SH Providing Electrical installation therein,PWD,2179713.0,2528340.0,15.994
2017_PWD_18094_1,Construction of civil hospital building at Rohru in Distt.Shimla SH Providing internal EI therein,PWD,6390463.0,7348570.0,14.993
2017_PWD_17980_1,Construction of modern bus stand at Janog ghat in Tehsil Theog Distt Shimla SH Providing electrical installation therein,PWD,2939058.0,3428375.0,16.649
2017_PWD_17506_1,Construction of 100 Bedded Hospital at Paonta Sahib Distt. Sirmour Providing 2 Nos. 26 Passenger electric traction elevator there in.,PWD,6300000.0,4777000.0,-24.175
2017_PWD_17504_1,Providing 180 KVA DG Set in Civil Hospital at Paonta Sahib in Distt.Sirmour H.P.,PWD,1826799.0,1764305.0,-3.421
2017_PWD_17502_1,Construction of Circuit House at Willy Park Chaura Maidan Shimla SH Prov. E.I.in Additional suites at LEVEL 99.35 and 102.85,PWD,2166218.0,2665121.0,23.031
2017_PWD_17293_1,Supplying Installation testing and commissioning of 125 KVA Silent DG Set for Labour room in Govt Civil Hospital at Sunder Nagar District Mandi HP,PWD,1378094.0,1126176.0,-18.28
2017_PWD_17109_1,Providing 1No.320KVA DG set in block-B at IGMC Shimla,PWD,3767671.0,3793450.0,0.684
2017_PWD_17108_1,Construction of new Administrative block at RKMV at Shimla SH Providing Electrical installation therein,PWD,2337959.0,2735200.0,16.991
2017_PWD_17098_2,"Providing, Installation, testing and commissioning of 125 KVA silent D.G. set for data centre in library building basement floor Dr. RPGMC Kangra at Tanda.",PWD,1641712.0,1362925.0,-16.981
2017_PWD_17098_1,Construction of Ministers Block in Circuit House at Dharamshala (SH- Providing 250 KVA silent D.G. set therein),PWD,2893834.0,2375372.0,-17.916
2017_PWD_17039_1,Construction Of Circuit House at Chambaghat Distt. Solan.SH Providing E.I. there in.,PWD,3743563.0,4357308.0,16.395
2017_PWD_17037_1,Construction Of Govt.Degree college 16 mile Shimla SH Providing E.I. therein.,PWD,3235079.0,3878895.0,19.901
2017_PWD_17036_1,Construction Of State Center Library Race View building at Shimla SH Prov. Fire Alarm System therein.,PWD,1368388.0,1547796.0,13.111
2017_PWD_17032_1,Construction of Indoor Auditorium for Cultural Programme at Kullu District Kullu HP SH Providing and installation of 125 KVA D G Set and Generator wiring therein,PWD,1228102.0,997500.0,-18.777
2017_PWD_16989_1,Construction of Govt Degree College at Kumarsain Distt Shimla SH Providing EI therein,PWD,4742534.0,5671311.0,19.584
2017_PWD_16984_2,Construction of Govt.Degree Cllege at Nankhari SH Providing Electrical Installation therein,PWD,5369616.0,6216225.0,15.767
2017_PWD_16983_1,Construction of civil hospital building(50 bedded) at Kumarsain in Distt.Shimla( SH Providing EI therein),PWD,3302184.0,3881462.0,17.542
2017_PWD_16971_1,Construction of sports complex at Duttnagar in Distt.Shimla(SH C/O hostel for 50 students)(SH Providing EI and yard lighting therein,PWD,2341212.0,2629020.0,12.293
2017_PWD_16950_2,Construction of Administration Block building of Govt. Pharmacy College at Nagrota Bagwan in Distt. Kangra (HP) (SH- Providing internal E.I. therein),PWD,2938649.0,2658295.0,-9.54
2017_PWD_16950_1,Construction of 100 seats Girls Hostel in DIET Chamba at Saru in Tehsil and District Chamba (HP) (SH- Providing internal E.I. therein).,PWD,2635036.0,2829624.0,7.385
2017_PWD_16933_1,Construction of Indoor Auditorium for Cultural Programme at Kullu District Kullu HP SH Providing Yard Lighting therein,PWD,1041960.0,1169280.0,12.219
2017_PWD_16927_1,Construction of CHC Building at Tegubehar District Kullu HP SH Providing EI therein Ground floor 1st floor and 2nd floor,PWD,1291666.0,1440079.0,11.49
2017_PWD_16926_1,Construction of CHC Building at Dehar Tehsil Sunder Nagar District Mandi HP SH Providing EI therein) Ground floor 1st floor 2nd Floor and 3rd floor,PWD,1333596.0,1252760.0,-6.062
2017_PWD_16924_1,Construction of Car Parking at Kala Kendra at District Kullu HP SH Providing EI therein,PWD,1340735.0,1145329.0,-14.575
2017_PWD_16923_1,Construction of Regional Research Institute Ayurveda at Jaral sayogi Pandoh Mandi Yoga and Panchkarma Bhawan SH Providing EI therein,PWD,1187099.0,1227792.0,3.428
2017_PWD_16922_1,Construction of Govt Degree College at Nihri Tehsil Karsog District Mandi HP SH Providing EI therein,PWD,1765775.0,1953435.0,10.628
2017_PWD_16575_1,Construction of Indoor Auditorium for Cultural programme at Kullu District Kullu HP SH Providing Fire Fighting system therein,PWD,2384381.0,2362470.0,-0.919
2017_PWD_16574_1,Construction of Regional Research Institute Ayurveda at Jaral Sayogi at Pandoh District Mandi HP SH Providing Fire Fighting system therein,PWD,2637218.0,2564227.0,-2.768
2017_PWD_16519_3,Const. of Additional and alteration of accommodation for Judiciary Court Complex Block-I at Dharamshala in Distt. Kangra (HP) (SH- Providing and fixing one No. electric traction five passengers elevator therein) (Sp. Job),PWD,2475000.0,1496250.0,-39.545
2017_PWD_16519_1,"Construction of War Museum at Dharamshala, Distt. Kangra (HP) (SH- Providing Video Projection system therein)(Sp. Job)",PWD,1440879.0,1107100.0,-23.165
2017_PWD_16518_2,"Construction of I.T.I. building at Khundian in Tehsil Khundian, Distt. Kangra (HP) (SH- Providing E.I. therein)",PWD,2312825.0,1928773.0,-16.605
2017_PWD_16518_1,"Construction of Govt. Degree College at Nagrota Surian in Tehsil Jawali, Distt. Kangra (HP) (SH-Providing E.I. therein).",PWD,2821190.0,2984226.0,5.779
2017_PWD_16398_1,Providing and fixing One no. Electric Traction Bed Elevator 26 Passenger at 100 Bedded Hospital at Karsog District Mandi HP,PWD,3735000.0,2250000.0,-39.759
2017_PWD_16105_1,Construction Of Govt. Nehru Sanskrit College building at Phagli Shimla SH Providing One No. 10 Passanger Electric Traction Elevators there in.,PWD,2165000.0,1590000.0,-26.559
2017_PWD_16104_1,Construction Of Mini Secretrait building at Sangrah Distt. Sirmour H.P. Sh Prov. 1 No. 10 passenger elevator therein,PWD,1950000.0,1485000.0,-23.846
2017_PWD_16098_1,NA,PWD,5783031.0,3084060.0,-46.671
2017_PWD_16048_1,Construction of Police Station building at Paonta Sahib distt. Sirmour H.P SH Providng EI thereof,PWD,1930558.0,2328966.0,20.637
2017_PWD_16047_1,Construction Of Tehsil office building at Paonta Sahib distt Sirmour H.P. SH Providng EI therein,PWD,1013935.0,1224491.0,20.766
2017_PWD_16046_1,Construction Of Mini Secretariat at Sangrah distt Sirmour H.P. SH Providng EI therein,PWD,2257154.0,2752581.0,21.949
2017_PWD_15906_3,"Construction of Auditorium building at Govt. Degree College at Dharamshala in Distt. Kangra, HP (SH- Providing sound reinforcement system, video and stage lighting therein-Balance work thereof) (Specialized Job)",PWD,1801044.0,1774803.0,-1.457
2017_PWD_15906_2,Construction of Burns unit of Dr. Rajinder Parshad Govt. Medical Collage Kangra at Tanda in Distt. Kangra (HP) (SH- Providing Variable Refrigerant volume/flow system therein) (Specialized Job),PWD,2538761.0,2067755.0,-18.553
2017_PWD_15905_3,"Construction of ITI building Talwar Lahru at Balakrupi, Tehsil Jaisinghpur, Distt. Kangra, HP (SH- Providing E.I. and power wiring therein)",PWD,2513638.0,2907988.0,15.688
2017_PWD_15905_2,"Construction of Rajeev Gandhi Govt. Engineering College Kangra at Nagrota Bagwan in Distt. Kangra, HP (SH- Providing internal E.I. to Girls Hostel 100 Nos.)",PWD,2862130.0,2862130.0,0.0
2017_PWD_15905_1,"Construction of First Year MBBS Hostel for 60 Nos. Girls at Dr.RPGMC Kangra at Tanda in Distt. Kangra, HP. (SH- Providing internal E.I. therein).",PWD,2997609.0,2784773.0,-7.1
2017_PWD_15720_1,Construction of new hospital block at Theog in Distt.Shimla SH Providing EI therein,PWD,3963256.0,4830715.0,21.888
2017_PWD_15718_1,Construction of new block for Kamla Nehru hospital for mother and child at Shimla (SH Pproviding 1No.160KVA DG set therein,PWD,2157078.0,2151220.0,-0.272
2017_PWD_15591_1,Construction Of Govt Nehru Sanskrit College building at Phagli Shimla Sh Prov EI There in.,PWD,1419102.0,1682450.0,18.557
2017_PWD_15590_1,"Constrution Of Police Thana at Kala Amb, distt. Sirmour H.P SH Providng electrical installation thereof.",PWD,1419384.0,1659740.0,16.934
2017_PWD_15576_1,NA,PWD,1535179.0,1058371.0,-31.059
2017_PWD_14819_1,NA,PWD,2947822.0,2271000.0,-22.96
2017_PWD_14686_1,NA,PWD,3742175.0,3377876.0,-9.735
2017_PWD_14485_1,NA,PWD,4324203.0,3749450.0,-13.292
2017_PWD_14334_1,NA,PWD,2235418.0,2236613.0,0.053
2017_HPIPH_18065_1,Providing LWSS to Tech Ghunani Ser Hardoh in Tehsil Distt. Barsar Distt. Hamirpur,"HP Irrigation and Public Health||Hamirpur Circle,Irrigation and Public Health,HP||Barsar,Irrigation and Public Health,HP",741750.0,974000.0,31.311
2017_HIMUD_18655_1,"Const of Residential Township at Mandhala Baddi, Distt. Solan HP. Sub Head- Providing Road Lighting therein","Himachal Urban Development Authority||Supdt. Engineer (S),HIMUDA",24418339.0,17758588.0,-27.274
2017_BBNDA_18708_1,Construction of proposed helipad at Barotiwala tehsil Baddi Distt.Solan(HP) (SH Re-wiring of office building of Planning Division BBNDA Jharmajri),Baddi Barotiwala Nalagarh Development Authority||Director Industries to the Govt. of H.P.Shimla||CEO BBNDA at Baddi Distt.Solan (H.P.)||Executive Engineer (Project Division) BBNDA,399524.0,521120.0,30.435
2017_BBNDA_17283_1,C/O ROAD FROM MAHADEV PULL TO GAUSHALA RD 0/0 TO 0/500 AND C/O ROAD FROM KOTLA KALLAN DISPENSARY TO KALA KUND RIVER RD 0/0 TO 0/400. IN TEHSIL NALAGARH DISTT. SOLAN (HP) (SH- PROVIDING AND INSTALLATION OF 12.50 MTR. HIGH MAST LIGHT),Baddi Barotiwala Nalagarh Development Authority||Director Industries to the Govt. of H.P.Shimla||CEO BBNDA at Baddi Distt.Solan (H.P.)||Executive Engineer (Project Division) BBNDA,458156.0,378868.0,-17.306
2017_BBNDA_17281_1,PROVIDING AND INSTALLATION OF TWENTY NOS. HIGH MAST LIGHT (SH- PROVIDING AND INSTALLATION OF 2 NOS. 16MTRS. AND 2 NOS. 12.50MTR. IN BBN AREA,Baddi Barotiwala Nalagarh Development Authority||Director Industries to the Govt. of H.P.Shimla||CEO BBNDA at Baddi Distt.Solan (H.P.)||Executive Engineer (Project Division) BBNDA,2444728.0,1799227.0,-26.404
2017_BBNDA_17280_1,CONTRUCTION OF PARPOSED HELIPAD AT BAROTIWALA TEHSIL BADDI DISTT. SOLAN(H.P.)(RE-WIRING OF OFFICE BUILDING OF PROJECT DIVISION BBNDA JHARMAJARI),Baddi Barotiwala Nalagarh Development Authority||Director Industries to the Govt. of H.P.Shimla||CEO BBNDA at Baddi Distt.Solan (H.P.)||Executive Engineer (Project Division) BBNDA,542638.0,534120.0,-1.57
2016_YSPU_10182_1,Construction of Second and third floor in plant health clinic lab. and lecture hall at COH and F Neri Hamirpur SH Providing Electrical installation,Dr. Yashwant Singh Parmar University of Horticulture and Forestry,1287661.0,1025200.0,-20.383
2016_PWD_14017_1,Construction Of Govt Degree College at Diggal Tehsil Nalagarh Distt Solan. SH Providing E.I therein.,PWD,3180975.0,3718380.0,16.894
2016_PWD_14010_1,NA,PWD,2350000.0,1740637.0,-25.93
2016_PWD_14009_1,NA,PWD,1925000.0,1567125.0,-18.591
2016_PWD_14006_1,NA,PWD,8788787.0,7797790.0,-11.276
2016_PWD_13861_1,Construction of I.T.I. building at Sujanpur Distt. Hamirpur HP SH Providing E.I. therein.,PWD,1503644.0,1422323.0,-5.408
2016_PWD_13273_1,NA,PWD,1935418.0,1947820.0,0.641
2016_PWD_12845_1,NA,PWD,2385960.0,1755740.0,-26.414
2016_PWD_12843_1,NA,PWD,3464509.0,2714105.0,-21.66
2016_PWD_12697_2,Construction of Mini Secretariat building at Haroli Tehsil Haroli Distt Una HP (SH Providing Two Number 10 Passengers Elevators therein,PWD,3960000.0,3162075.0,-20.15
2016_PWD_12606_1,Providing and installation of 125 KVA DG Set in Block B of Health Facility of Zonal Hospital at Mandi District Mandi HP,PWD,1535638.0,1250149.0,-18.591
2016_PWD_12579_1,Construction of 300 Bedded DDU Hospital at Shimla,PWD,1110300.0,691130.0,-37.753
2016_PWD_12578_1,Comprehensive Maintenance contract CMC of 4 Nos. Passenger lift OTIS make in the permises of HP. High Court Shimla M C No. MH-6311and 12and MJ 5125 and 26 for three years.,PWD,1828460.0,872059.0,-52.306
2016_PWD_12577_1,Construction of Mini Secretariat building at Solan Distt. Solan.,PWD,3250000.0,1890000.0,-41.846
2016_PWD_12568_1,Constrution of Combined Office Building at Dhami Distt.Shimla,PWD,1421770.0,1074830.0,-24.402
2016_PWD_12247_1,Construction of Indoor Auditorium for Cultural Programme at Kullu District Kullu HP SH Providing EI therein,PWD,5137647.0,6216837.0,21.006
2016_PWD_12094_1,"Construction of Fire Brigade Station and Office building at Kangra, Tehsil and Distt. Kangra, HP (SH- Providing Electrical Installations and Yard lighting therein)",PWD,1144995.0,1281325.0,11.907
2016_PWD_11900_1,Construction Of Industrial Training Institute building at Arki Tehsil Arki Distt. Solan,PWD,2323602.0,2057960.0,-11.432
2016_PWD_11899_1,Construction Of Parking Block CUM NH and QC office Block D at Nirman Bhawan Shimla,PWD,1688437.0,1168875.0,-30.772
2016_PWD_11875_1,Construction of Regional Research Institute Ayurveda at Jaral Sayogi at Pandoh District Mandi HP Panchkarma 11 Nos. SH Providing E I therein Double Hut Plan and Single Hut Plan,PWD,1392669.0,1333914.0,-4.219
2016_PWD_11816_1,Construction of Mini Sectt building at Haroli Distt. Una (SH Providing E.I. therein)),PWD,4151250.0,4807852.0,15.817
2016_PWD_11746_1,C/O Additional 50 Bedded ward for Civil Hospital at Sarahan Distt. Sirmour (HP),PWD,2480990.0,2452556.0,-1.146
2016_PWD_11743_1,Construction of Judicial Academy at Ghandal Shimla,PWD,2746433.0,2117750.0,-22.891
2016_PWD_11742_1,Construction of Judicial Academy at Ghandal Shimla,PWD,3003632.0,1711143.0,-43.031
2016_PWD_11708_2,"Construction of Rajeev Gandhi Govt. Engineering College Kangra at Nagrota Bagwan in Tehsil Nagrota Bagwan, Distt. Kangra, HP (SH- Providing Wi-Fi network components to Civil Engineering Block) (Specialized Job).",PWD,2596308.0,1997909.0,-23.048
2016_PWD_11507_1,Construction of Jawahar Lal Nehru Govt Engineering College at Sunder Nagar Distt Mandi HP SH Providing Yard lighting in front of Block A B and C,PWD,3433963.0,3483532.0,1.443
2016_PWD_11107_1,Construction of Jawahar Lal Nehru Govt Engineering College at Sunder Nagar Distt Mandi HP SH Providing and fixing One No. Electric Traction 9 Passenger Machine room less elevator therein Block D,PWD,2875000.0,2879415.0,0.154
2016_PWD_11102_1,Construction of Combined office building at Sarkaghat Distt Mandi HP SH Providing One No. Electric Traction Elevator Lift for 13 Passenger therein,PWD,3025000.0,2293618.0,-24.178
2016_PWD_10934_1,Construction of Regional Research Institute Ayurveda at Jaral Sayogi at Pandoh Distt Mandi HP SH Providing EI therein Ground floor 1st floor 2nd floor and 3rd floor,PWD,3805163.0,4783756.0,25.718
2016_PWD_10676_7,"C/O Rajeev Gandhi Govt. Eng. College Kangra at Nagrota Bagwan in Tehsil Nagrota Bagwan, Distt. Kangra, HP (SH- Providing IP PBX and IP Phone to Workshop and Applied Science Block, Mechanical Eng. Block, Civil Eng. Block and Electronics and Comm. Eng.",PWD,1555117.0,1345050.0,-13.508
2016_PWD_10676_6,"C/O Rajeev Gandhi Govt. Engineering College Kangra at Nagrota Bagwan in Tehsil Nagrota Bagwan, Distt. Kangra, HP (SH- Providing Wi-Fi network components to Electronics and Communication Engineering Block) (Specialized Job)",PWD,2488596.0,1999170.0,-19.667
2016_PWD_10676_3,"C/O Rajeev Gandhi Govt. Engineering College Kangra at Nagrota Bagwan in Tehsil Nagrota Bagwan, Distt. Kangra, HP (SH- Providing active network components to Workshop and Applied Science block) (Specialized Job)",PWD,1985940.0,1598850.0,-19.492
2016_PWD_10676_2,"C/O Rajeev Gandhi Govt. Engineering College Kangra at Nagrota Bagwan in Tehsil Nagrota Bagwan, Distt. Kangra, HP (SH- Providing Wi-Fi network components with access authorization, authentication, licensing to Workshop and Applied Science block) (Sp.J",PWD,2734600.0,2243610.0,-17.955
2016_PWD_10676_1,"C/O Rajeev Gandhi Govt. Engineering College Kangra at Nagrota Bagwan in Tehsil Nagrota Bagwan, Distt. Kangra, HP (SH- Establishment of server room including core switches, optical fibre back bone and network management system) (Specialized Job)",PWD,2930856.0,1744620.0,-40.474
2016_PWD_10635_1,Construction of ITI Building at Killar Tehsil Pangi District Chamba HP SH Providing Electrical Installation therein,PWD,1575602.0,2082255.0,32.156
2016_PWD_10632_1,Providing and Installation of Central Heating System in Regional Hospital at Keylong Distt Lahual and Spiti SH Providing and installation of Electric Boiler Central Heating system in wards therein,PWD,2374568.0,2510651.0,5.731
2016_PWD_10593_1,50 Beded Hospital building at Haroli Distt Una HP ( Providing 1 No. 16 passangers elevator therein),PWD,2300000.0,1960087.0,-14.779
2016_PWD_10591_1,Providing and fixing One No. 26 passanger elevator traction in Zonal Hospital at HamirpurDistt.Hamirpur HP,PWD,3550000.0,2755000.0,-22.394
2016_PWD_10588_1,Providing 320 KVA DG Set in Old Hospital building of Distt. Bilaspur HP,PWD,3770878.0,2777000.0,-26.357
2016_PWD_10325_7,"Construction of Rajeev Gandhi Govt. Engineering College Kangra at Nagrota Bagwan, Distt. Kangra, HP (SH- Providing Wi-Fi network components with access, authorization and authentication control to Mechanical Engineering block).",PWD,2985928.0,2426940.0,-18.721
2016_PWD_10325_5,"Construction of Rajeev Gandhi Govt. Engineering College Kangra at Nagrota Bagwan, Distt. Kangra, HP (SH- Providing active network component to Mechanical Engineering block)",PWD,1985940.0,1598850.0,-19.492
2016_PWD_10325_10,Construction of Alternate Dispute Redressal (ADR) Centre at Dharamshala (SH- Providing One No. 10 passengers electric traction (with machine room) elevator therein).,PWD,2295000.0,1744628.0,-23.981
2016_PWD_10226_1,construction of CHC Building at Padhar Distt Mandi HP SH Providing Electrical Installation therein,PWD,1321704.0,1115158.0,-15.627
2015_PWD_7549_1,"Construction of Anatomy block, Lecture theatres and Examination Hall at Dr.RPGMC Kangra at Tanda, Distt. Kangra (SH- Providing Consultancy for HVAC system therein) (Specialized Job)",PWD,249000.0,245000.0,-1.606
2015_PWD_7067_1,"Construction of Auditorium building at Govt. Degree College at Dharamshala in Distt. Kangra, HP (SH- Providing sound reinforcement system, Video projection system and stage lighting therein) (Specialized Job)",PWD,7479477.0,4655540.0,-37.756
2015_PWD_6229_7,"Supplying, installation, testing and commissioning of 250KVA D.G. set to Indoor block of Zonal Hospital at Dharamshala in Tehsil Dharamshala, Distt. Kangra, HP (SH- Providing wiring portion thereof).",PWD,309117.0,274702.0,-11.133
2015_PWD_6229_5,"Supplying, installation, testing and commissioning of 300KVA D.G. set to Blood Bank, C.T. Scan and Operation theatre of Zonal Hospital at Dharamshala in Tehsil Dharamshala, Distt. Kangra, HP (SH- Providing wiring portion thereof).",PWD,730447.0,617765.0,-15.426
2015_PWD_6229_3,"Supplying, installation, testing and commissioning of 250KVA D.G. set to Indoor block of Zonal Hospital at Dharamshala in Tehsil Dharamshala, Distt. Kangra, HP (SH- Providing, installation, testing and commissioning of 250KVA D.G. set).",PWD,2929617.0,2279033.0,-22.207
2015_PWD_6229_2,"Supplying, installation, testing and commissioning of 300KVA D.G. set to Blood Bank, C.T. Scan and Operation theatre of Zonal Hospital at Dharamshala in Tehsil Dharamshala, Distt. Kangra, HP (SH - Providing, installations, testing and commissioning o",PWD,3427379.0,2663662.0,-22.283
2015_PWD_6229_1,"Supplying, installation, testing and commissioning of 250KVA D.G. set to OPD block of Zonal Hospital at Dharamshala in Tehsil Dharamshala, Distt. Kangra, HP (SH - Providing, installation, testing and commissioning of 250KVA D.G. set)",PWD,2929617.0,2279432.0,-22.194
2014_PWD_5821_4,"C/O 120 Nos. type-III Qtrs. For Nurses at Dr.RPGMC Kangra at Tanda, Distt. Kangra, HP (SH- Providing EI to 48 Nos. type-III Qtrs. therein)",PWD,4163632.0,3932566.0,-5.55
2014_PWD_5489_1,C/o 150 Bedded Hostel to Special Ability Children at Sunder Nagar District Mandi,PWD,2432919.0,2002951.0,-17.673
2014_PWD_4925_4,"Construction of PHC building at Bagli in Tehsil Dharamshala, Distt. Kangra, HP. (SH- Providing EI therein)",PWD,356332.0,355205.0,-0.316
2014_PWD_4925_3,"Construction of Health Institute building level-II (with residence) at Durana, Tehsil Jawali, Distt. Kangra, HP (SH- Providing EI therein)",PWD,278837.0,315860.0,13.278
2014_PWD_4705_3,"Construction of Health Sub-Centre building at Bhulander in Teh. Jaisinghpur, Distt. Kangra. SH- Providing E.I. therein",PWD,156787.0,177067.0,12.935
2014_PWD_4705_2,"Construction of Primary Health Centre building at Khundian, Tehsil Khundian, Distt. Kangra, SH- Providing E.I. therein",PWD,668148.0,705050.0,5.523
2014_PWD_4397_8,"Construction of additional accommodation to Govt. Sr. Sec. School Ballah in Teh. Palampur, Distt. Kangra. SH- Providing E.I. therein.",PWD,537763.0,561520.0,4.418
2014_PWD_4397_6,"Construction of P.H.C. building level-III at Gopalpur, Teh. Palampur, Distt. Kangra. SH- Providing E.I. therein.",PWD,747075.0,651818.0,-12.751
2014_PWD_4397_11,"Construction of 50 Bedded Hospital at Dalhousie, Distt. Chamba. SH- Providing central heating system therein. Specialized Job",PWD,5788561.0,4687057.0,-19.029
2014_PWD_3263_1,"Construction of Anatomy block, Lecture theatre and Examination hall Dr.RPGMC Kangra at Tanda. SH Supplying and fixing of ceiling fans, exhaust fans, light fixtures, main panel and sub main panels etc. therein",PWD,1907715.0,2137170.0,12.028
2014_PWD_4925_4,"Construction of PHC building at Bagli in Tehsil Dharamshala, Distt. Kangra, HP. (SH- Providing EI therein)",PWD,356332.0,355205.0,-0.316
2014_PWD_4925_3,"Construction of Health Institute building level-II (with residence) at Durana, Tehsil Jawali, Distt. Kangra, HP (SH- Providing EI therein)",PWD,278837.0,315860.0,13.278
2014_PWD_4705_3,"Construction of Health Sub-Centre building at Bhulander in Teh. Jaisinghpur, Distt. Kangra. SH- Providing E.I. therein",PWD,156787.0,177067.0,12.935
2014_PWD_4705_2,"Construction of Primary Health Centre building at Khundian, Tehsil Khundian, Distt. Kangra, SH- Providing E.I. therein",PWD,668148.0,705050.0,5.523
2014_PWD_4397_8,"Construction of additional accommodation to Govt. Sr. Sec. School Ballah in Teh. Palampur, Distt. Kangra. SH- Providing E.I. therein.",PWD,537763.0,561520.0,4.418
2014_PWD_4397_6,"Construction of P.H.C. building level-III at Gopalpur, Teh. Palampur, Distt. Kangra. SH- Providing E.I. therein.",PWD,747075.0,651818.0,-12.751
2014_PWD_4397_11,"Construction of 50 Bedded Hospital at Dalhousie, Distt. Chamba. SH- Providing central heating system therein. Specialized Job",PWD,5788561.0,4687057.0,-19.029
2014_PWD_3263_1,"Construction of Anatomy block, Lecture theatre and Examination hall Dr.RPGMC Kangra at Tanda. SH Supplying and fixing of ceiling fans, exhaust fans, light fixtures, main panel and sub main panels etc. therein",PWD,1907715.0,2137170.0,12.028
